# tablets per site: Susa 1502, Malyan 22, Yahya 27, Sialk 12, Sofalin 11, Ozbaki 1, Shahr-i Sokhta 1; only signs seen off Susa listed
sign	Susa	Malyan	Yahya	Sialk	Sofalin	Ozbaki	Shahr-i Sokhta	off_susa_share	systems	roles
M288	419	2	6	0	3	0	0	0.03	SDB:530,C:264,none:94,C*:8,mod*:5,B:2,N23:1	SOLO:402,STRING:276,OTHER:217,HEAD:9
M054	154	5	4	0	1	0	0	0.06	SDB:212,none:50,C:14,S-frac:8,N23:8,B:2,mod*:2	SOLO:108,OTHER:104,STRING:75,HEAD:9
M219	73	1	7	1	0	0	0	0.11	SDB:50,C:22,none:17,S-frac:2	STRING:60,OTHER:18,SOLO:11,HEAD:2
M387	294	2	4	2	0	0	0	0.03	SDB:274,none:116,C:95,C*:11,S-frac:5,N23:3,B:2,mod*:2	STRING:220,OTHER:211,SOLO:56,HEAD:21
M056	70	0	7	0	0	0	0	0.09	SDB:60,none:17,C:14,S-frac:4,N23:1	OTHER:37,STRING:30,SOLO:28,HEAD:1
M072	39	1	4	0	2	0	0	0.15	SDB:85,none:7,C:5,S-frac:1,B:1,N23:1	SOLO:55,OTHER:23,STRING:22
M136	77	1	6	0	0	0	0	0.08	SDB:49,none:39,C:10,N23:2,C*:1,mod*:1,B:1	OTHER:39,SOLO:28,HEAD:21,STRING:15
M388	356	3	2	0	1	1	0	0.02	SDB:335,none:236,C:52,N23:8,S-frac:6,B:3,C*:1,mod*:1	STRING:442,OTHER:131,HEAD:38,SOLO:31
M001	109	3	3	0	0	0	0	0.05	SDB:104,none:30,C:18,N23:2,C*:2,S-frac:1,mod*:1	STRING:62,SOLO:49,OTHER:45,HEAD:2
M044	8	0	6	0	0	0	0	0.43	C:8,none:6,SDB:3,C*:1	OTHER:7,SOLO:5,HEAD:4,STRING:2
M124	128	1	1	1	3	0	0	0.04	SDB:196,none:72,C:23,S-frac:4,C*:2,N23:2	STRING:147,OTHER:102,SOLO:43,HEAD:7
M218	291	2	2	1	0	0	0	0.02	SDB:353,none:118,C:69,S-frac:4,C*:2,N23:2,mod*:1	STRING:392,OTHER:97,SOLO:48,HEAD:12
M009	152	2	2	0	0	0	0	0.03	SDB:156,none:68,C:21	STRING:88,SOLO:78,OTHER:73,HEAD:6
M096	154	2	2	0	0	0	0	0.03	SDB:162,none:44,C:32,S-frac:5,B:1	STRING:167,OTHER:45,SOLO:20,HEAD:12
M297	216	1	3	0	0	0	0	0.02	C:204,SDB:113,none:41,C*:12,mod*:2,S-frac:1	SOLO:173,OTHER:103,STRING:97
M346	116	0	1	1	1	1	0	0.03	SDB:242,none:27,N23:13,C:13,S-frac:1	SOLO:156,OTHER:70,STRING:69,HEAD:1
M371	187	2	2	0	0	0	0	0.02	SDB:210,none:67,C:39,S-frac:5,N23:2,mod*:2	STRING:210,OTHER:79,SOLO:30,HEAD:6
|M136+M365|	28	3	1	0	0	0	0	0.12	none:21,SDB:20,C:2,mod*:1	OTHER:20,HEAD:13,SOLO:6,STRING:5
M003	59	1	2	0	0	0	0	0.05	SDB:89,none:22,C:3,N23:2,S-frac:1	OTHER:43,SOLO:39,STRING:34,HEAD:1
M041	29	1	1	0	0	0	1	0.09	SDB:17,none:12,C:4,N23:2,S-frac:2	OTHER:15,STRING:14,HEAD:5,SOLO:3
M066	176	2	1	0	0	0	0	0.02	SDB:181,none:65,C:31,S-frac:2,B:2	STRING:221,OTHER:52,SOLO:7,HEAD:1
M125	18	3	0	0	0	0	0	0.14	SDB:17,none:5,C:3	STRING:12,OTHER:9,SOLO:3,HEAD:1
M263	186	2	1	0	0	0	0	0.02	SDB:253,none:67,C:15,S-frac:2,mod*:1,C*:1,B:1	STRING:166,OTHER:98,SOLO:69,HEAD:7
M367	63	0	1	1	0	1	0	0.05	SDB:115,none:17,N23:11,C:7,B:7,S-frac:1	SOLO:92,OTHER:48,STRING:18
M376	94	0	0	0	3	0	0	0.03	SDB:127,S-frac:60,none:35,C:1	SOLO:103,OTHER:59,STRING:54,HEAD:7
MXXX	0	0	0	0	3	0	0	1.00	SDB:2,none:2	OTHER:2,HEAD:1,SOLO:1
M006	38	0	0	2	0	0	0	0.05	SDB:42,none:7,C:1	SOLO:34,OTHER:10,STRING:6
M024	56	1	1	0	0	0	0	0.03	none:28,SDB:24,C:12,S-frac:3	STRING:47,OTHER:14,HEAD:5,SOLO:1
M026	7	1	1	0	0	0	0	0.22	SDB:8,none:1,C:1	SOLO:5,OTHER:3,HEAD:1,STRING:1
M029	29	2	0	0	0	0	0	0.06	SDB:30,none:6,C:2,S-frac:1	STRING:25,OTHER:11,SOLO:3
M036	77	2	0	0	0	0	0	0.03	C:60,SDB:41,none:18,C*:15,mod*:1,B:1	SOLO:74,OTHER:38,STRING:20,HEAD:4
M057	153	2	0	0	0	0	0	0.01	SDB:130,none:47,C:17,S-frac:4,N23:2,C*:1,mod*:1	STRING:127,OTHER:51,SOLO:18,HEAD:6
M059	70	1	1	0	0	0	0	0.03	SDB:47,none:18,C:14,S-frac:3,N23:2	OTHER:35,SOLO:31,STRING:11,HEAD:7
M097	49	0	2	0	0	0	0	0.04	SDB:32,C:12,none:12,N23:1,C*:1	STRING:44,OTHER:7,SOLO:4,HEAD:3
M206	42	1	1	0	0	0	0	0.05	SDB:71,none:19,C:4,S-frac:2	SOLO:52,OTHER:28,STRING:16
M221	13	2	0	0	0	0	0	0.13	C:7,none:5,SDB:4	STRING:10,SOLO:3,OTHER:2,HEAD:1
M247	24	2	0	0	0	0	0	0.08	SDB:15,none:14,C:2,mod*:1	HEAD:11,SOLO:10,STRING:6,OTHER:5
M285	14	0	2	0	0	0	0	0.12	SDB:11,none:4,C:2	STRING:9,SOLO:6,HEAD:1,OTHER:1
M304	47	0	2	0	0	0	0	0.04	SDB:35,none:10,C:10,C*:1	OTHER:22,SOLO:18,STRING:13,HEAD:3
M320	46	1	1	0	0	0	0	0.04	SDB:35,none:9,C:7,S-frac:3,C*:2	STRING:30,OTHER:13,SOLO:12,HEAD:1
M327	42	1	1	0	0	0	0	0.05	none:29,SDB:13,B:4,C*:1,N23:1,C:1	HEAD:22,OTHER:13,SOLO:10,STRING:4
M348	32	2	0	0	0	0	0	0.06	SDB:33,none:13,C:3,B:1	STRING:23,SOLO:16,OTHER:8,HEAD:3
M365	48	1	1	0	0	0	0	0.04	SDB:33,none:20,C:4	SOLO:24,OTHER:17,STRING:8,HEAD:8
M377	95	2	0	0	0	0	0	0.02	SDB:56,none:38,C:18	STRING:84,OTHER:21,HEAD:6,SOLO:1
M383	25	1	0	0	1	0	0	0.07	SDB:18,none:5,C:5,S-frac:1,mod*:1	SOLO:14,OTHER:12,STRING:3,HEAD:1
|M136+X|	13	0	2	0	0	0	0	0.13	SDB:9,none:8,C:1	SOLO:6,OTHER:4,HEAD:4,STRING:4
M005	57	1	0	0	0	0	0	0.02	SDB:39,none:29,mod*:1,C:1	STRING:21,SOLO:18,HEAD:16,OTHER:15
M006@g	5	0	0	1	0	0	0	0.17	SDB:14,none:1	SOLO:11,OTHER:4
M012	3	0	1	0	0	0	0	0.25	SDB:4	OTHER:2,SOLO:2
M032	88	1	0	0	0	0	0	0.01	SDB:93,none:27,C:4,N23:1	STRING:45,OTHER:44,SOLO:32,HEAD:4
M038	70	1	0	0	0	0	0	0.01	SDB:52,none:16,C:14,C*:1,S-frac:1	STRING:33,OTHER:31,SOLO:17,HEAD:3
M051	27	0	1	0	0	0	0	0.04	SDB:25,none:6,C:4	OTHER:15,SOLO:10,STRING:9,HEAD:1
M053	5	1	0	0	0	0	0	0.17	SDB:11,none:1,B:1	SOLO:10,OTHER:2,STRING:1
M076	6	0	1	0	0	0	0	0.14	none:3,SDB:3,C:1	OTHER:3,SOLO:2,STRING:1,HEAD:1
M081	32	0	1	0	0	0	0	0.03	SDB:16,C:16,none:5,C*:3,N23:1,mod*:1	OTHER:19,STRING:12,SOLO:9,HEAD:2
M102	32	0	0	0	1	0	0	0.03	SDB:58,none:14,C:1,mod*:1	SOLO:40,STRING:16,OTHER:16,HEAD:2
M109	15	0	1	0	0	0	0	0.06	SDB:14,none:3,S-frac:1	STRING:13,OTHER:3,HEAD:2
M110	25	1	0	0	0	0	0	0.04	SDB:17,none:6,C:4	STRING:20,OTHER:4,SOLO:2,HEAD:1
M134	11	0	0	1	0	0	0	0.08	SDB:8,none:4,C:1	SOLO:6,OTHER:3,HEAD:3,STRING:1
M146	47	1	0	0	0	0	0	0.02	SDB:32,none:16,C:7,N23:1	STRING:40,OTHER:12,SOLO:3,HEAD:1
M149	37	0	1	0	0	0	0	0.03	SDB:55,none:11	SOLO:25,STRING:21,OTHER:19,HEAD:1
M152	10	1	0	0	0	0	0	0.09	SDB:11,none:1	SOLO:6,STRING:4,OTHER:2
M157	331	0	0	0	1	0	0	0.00	none:287,SDB:42,C:5,S-frac:1,C*:1,mod*:1	HEAD:279,STRING:28,OTHER:24,SOLO:6
M193	15	0	1	0	0	0	0	0.06	SDB:14,none:1,C:1,S-frac:1	SOLO:7,OTHER:7,STRING:2,HEAD:1
M205	17	0	1	0	0	0	0	0.06	SDB:11,none:6,C:2,S-frac:1	OTHER:8,SOLO:7,STRING:3,HEAD:2
M207	24	0	1	0	0	0	0	0.04	SDB:20,none:8,C:3,N23:1	SOLO:12,OTHER:10,STRING:9,HEAD:1
M209	14	0	1	0	0	0	0	0.07	SDB:9,none:6,C:3	STRING:6,OTHER:5,HEAD:4,SOLO:3
M220	23	0	1	0	0	0	0	0.04	SDB:14,none:5,C:4,S-frac:1	STRING:12,SOLO:7,OTHER:5
M222	10	1	0	0	0	0	0	0.09	SDB:8,none:3,C:2	STRING:8,SOLO:4,OTHER:1
M242	47	1	0	0	0	0	0	0.02	SDB:36,none:11,C:7,S-frac:1	STRING:38,OTHER:12,SOLO:3,HEAD:2
M248	21	1	0	0	0	0	0	0.05	C:9,SDB:7,none:7,C*:2	STRING:11,OTHER:10,SOLO:4
M260	50	1	0	0	0	0	0	0.02	SDB:60,C:7,none:2	SOLO:37,OTHER:18,STRING:14
M266	26	0	1	0	0	0	0	0.04	SDB:20,C:12,C*:2,none:2	STRING:18,OTHER:12,SOLO:6
M305	110	0	1	0	0	0	0	0.01	none:62,SDB:55,C:31,S-frac:3,N23:1	STRING:80,OTHER:35,HEAD:21,SOLO:16
M314	35	0	1	0	0	0	0	0.03	SDB:24,none:13,C:4,C*:1,B:1	STRING:25,OTHER:13,SOLO:3,HEAD:2
M317	33	0	0	0	1	0	0	0.03	SDB:47,none:12,C:3,C*:1	STRING:30,OTHER:25,SOLO:8
M317+MXXX	0	0	0	0	1	0	0	1.00	SDB:1	OTHER:1
M319	22	0	0	1	0	0	0	0.04	none:10,SDB:9,C:5	STRING:11,OTHER:9,SOLO:3,HEAD:1
M323	18	0	0	0	0	0	1	0.05	SDB:13,none:7,C:2	OTHER:11,STRING:8,SOLO:2,HEAD:1
M325	40	1	0	0	0	0	0	0.02	SDB:29,none:12,C:6,S-frac:1	SOLO:17,STRING:14,OTHER:10,HEAD:7
M351	6	1	0	0	0	0	0	0.14	SDB:5,none:2,C:1	OTHER:4,SOLO:2,HEAD:1,STRING:1
M351+MXXX	0	0	0	0	1	0	0	1.00	SDB:1	OTHER:1
M361	11	1	0	0	0	0	0	0.08	SDB:8,none:3,C:1	OTHER:4,STRING:4,SOLO:3,HEAD:1
M362+M600	0	0	0	0	0	1	0	1.00	SDB:1	SOLO:1
M362+X	1	0	0	0	0	1	0	0.50	SDB:3,none:1	SOLO:2,OTHER:2
M362+x	0	0	0	0	0	1	0	1.00	none:1,SDB:1	HEAD:1,SOLO:1
M368	4	0	1	0	0	0	0	0.20	SDB:3,none:1,C:1	OTHER:3,SOLO:1,HEAD:1
M374	22	1	0	0	0	0	0	0.04	SDB:24,none:2,S-frac:1,C:1	SOLO:12,STRING:10,OTHER:6
M381	13	0	1	0	0	0	0	0.07	SDB:9,C:2,none:2,S-frac:1,C*:1	STRING:7,SOLO:6,OTHER:1,HEAD:1
M384	38	0	0	0	0	1	0	0.03	SDB:31,none:9,C:4	OTHER:17,SOLO:14,STRING:9,HEAD:4
M391	30	0	1	0	0	0	0	0.03	SDB:31,none:6,C:3,S-frac:1	SOLO:21,OTHER:12,STRING:7,HEAD:1
M486	0	0	0	1	0	0	0	1.00	SDB:1	OTHER:1
M489	0	0	1	0	0	0	0	1.00	C:2	STRING:1,OTHER:1
M490	0	0	1	0	0	0	0	1.00	none:1	STRING:1
M491	0	0	1	0	0	0	0	1.00	SDB:1	STRING:1
M492	0	0	1	0	0	0	0	1.00	C:1,SDB:1	OTHER:1,SOLO:1
|M036+1(N14)|	15	1	0	0	0	0	0	0.06	SDB:13,mod*:5,none:3,C:1,C*:1	SOLO:13,OTHER:7,STRING:3
|M136+M071|	0	0	1	0	0	0	0	1.00	SDB:1	STRING:1
|M218+M288|	31	1	0	0	0	0	0	0.03	SDB:29,none:7,C:2	STRING:22,OTHER:13,SOLO:3
|M218+X|	5	1	0	0	0	0	0	0.17	SDB:3,none:1,N23:1,C:1	STRING:4,OTHER:2
|M260+1(N30C)|	1	0	1	0	0	0	0	0.50	SDB:2	SOLO:2
|M296+M296|	30	0	1	0	0	0	0	0.03	SDB:19,none:9,C:4	STRING:23,OTHER:5,HEAD:4
|M351+1(N14)|	23	0	0	1	0	0	0	0.04	SDB:16,none:9,C:4,mod*:1,C*:1	OTHER:13,SOLO:11,STRING:6,HEAD:1
