# pe69 decoded M288 slots (non-joined tablets). values: count lines in the pe59 sex2 count map; M288 in N39C (pe59 capacity ladder). class: which rule reproduces the M288 value
tablet	line	n_count_lines	team_sum	last_count	last_final_sign	m288_line_signs	m288_N39C	per_head_team	per_head_last	class
P008009	1	0			-	|M327+M044| M288	720			NONE
P008010	1	0			-	M124 M338 M009 M288				BROKEN_M288
P008010	7	0			-	|M218+M288| M288	9360			NONE
P008014	1	0			-	|M175+M131| M305 M263 M288	240			NONE
P008015	1	0			-	M319 M139 M348 M288				BROKEN_M288
P008016	1	0			-	M056 M288	1080			NONE
P008019	1	0			-	|M195+M038| |M218+M288| M288	28080			NONE
P008019	2	0			-	|M195+M038| |M218+M288| M288	28800			NONE
P008019	3	0			-	|M195+M038| |M218+M288| M288	45720			NONE
P008020	2	0			M391	M056 M288	16560			NONE
P008020	4	1	1	1	M391	M056 M288	16320	16320.0	16320.0	NONE
P008020	6	1	1	1	M391	M288	9360	9360.0	9360.0	NONE
P008020	8	1	1	1	M391	M056 M288	4152	4152.0	4152.0	NONE
P008020	10	1	1	1	M391	M056 M288	11160	11160.0	11160.0	NONE
P008020	12	1	5	5	M391	M056 M288				BROKEN_M288
P008022	2	1	6	6	M388	M288	360	60.0	60.0	LAST60+TEAM60
P008026	1	0			-	|M175+M288| M039 M388 M032 M297 M288	2160			NONE
P008026	2	0			-	M131 M388 M218 M035 M004 M218 M288	360			NONE
P008026	3	0			-	M038 M288	48			NONE
P008031	1	0			-	M157 M057 M288	3600			CONST
P008031	2	0			-	|M153+M342| M288	3600			CONST
P008033	2	1	3	3	M388	M288	180	60.0	60.0	LAST60+TEAM60
P008034	1	0			-	|M195+M057| M388 M146 M377 M057 M288	240			NONE
P008035	1	0			-	|M195+M038| M249 M288	2880			NONE
P008035	7	5	93	32	M075	M348 M288				BROKEN_M288
P008035	8	0			-	M288	10200			NONE
P008035	9	0			-	M348 M288	4200			NONE
P008036	1	0			-	M250 M320 M288	720			NONE
P008039	1	0			-	|M195+M038| |M153+M106| M288				BROKEN_M288
P008039	2	0			-	M288	1200			NONE
P008039	4	0			-	M218 M223 M314 M096 M288				BROKEN_M288
P008039	5	0			-	M288				BROKEN_M288
P008041	1	0			-	M391 M056 M288				BROKEN_M288
P008041	2	0			-	M288				BROKEN_M288
P008041	3	0			-	M249 M288				BROKEN_M288
P008041	4	0			-	M203 M288	2172			NONE
P008041	5	0			-	M136 M288	1800			NONE
P008041	6	0			-	M056 M288	81000			NONE
P008041	7	0			-	M288	3600			CONST
P008041	8	0			-	M214 M124 M075 M329 M288	3600			CONST
P008041	9	0			-	M217 M377 M247 M288	26400			NONE
P008041	10	0			-	M136 M288	2256			NONE
P008041	11	0			-	M361 M288	2160			NONE
P008041	12	0			-	M302 M288				BROKEN_M288
P008041	14	0			-	M317 M288				BROKEN_M288
P008041	15	0			-	M111 M136 M288	840			NONE
P008041	18	0			-	M247 M096 M288	11880			NONE
P008042	1	0			-	M288				BROKEN_M288
P008042	5	0			-	M157 |M175+M175| M288				BROKEN_M288
P008042	6	0			-	M288				BROKEN_M288
P008044	1	0			-	|M195+M057| |M218+M288| M001 M288	31680			NONE
P008044	2	0			-	M195 M288				BROKEN_M288
P008047	2	0			|M106+M288|	M288				BROKEN_M288
P008047	4	0			|M106+X|	M288	28200			NONE
P008047	6	0			|M106+M288|	M288	10080			NONE
P008052	1	0			-	M325 M157 M288				BROKEN_M288
P008053	0	0			-	M388 M057 M099 M371 M288				BROKEN_M288
P008055	2	1	4	4	M038	M288				BROKEN_M288
P008056	1	0			-	M388 M260 M380 M388 M262 M224 M288	720			NONE
P008057	8	0			-	M288				BROKEN_M288
P008057	9	0			-	M288	14400			NONE
P008057	10	0			-	M295 M157 M288	21600			NONE
P008060	1	0			-	M124 M371 M009 M288	336			NONE
P008060	13	0			-	M318 M009 M371 M288	576			NONE
P008072	2	1	1	1	M374	M288	1080	1080.0	1080.0	NONE
P008077	2	0			-	M288	60			NONE
P008077	4	0			M003	M288	120			CONST
P008077	9	0			-	M288	120			CONST
P008085	1	0			-	|M195+M057| M388 M251 M048 M096 M288	5040			NONE
P008085	14	0			M005	M203 M388 M217 M288	960			NONE
P008087	2	0			-	M288				BROKEN_M288
P008088	1	0			-	M288				BROKEN_M288
P008088	2	0			-	M288				BROKEN_M288
P008096	2	1	12	12	M218	M195 M296 M288	7920	660.0	660.0	NONE
P008097	2	1	3	3	-	M288	1560	520.0	520.0	NONE
P008098	0	0			-	M066 M288	960			NONE
P008098	2	1	600	600	-	M254 M372 M288				BROKEN_M288
P008100	5	3	3	1	M054	M288	156	52.0	156.0	NONE
P008100	12	0			-	M288	120			NONE
P008100	14	0			-	M288	2856			NONE
P008102	1	1	2	2	-	M288	48	24.0	24.0	NONE
P008102	4	0			M112	M288				BROKEN_M288
P008103	1	0			-	M057 M240 M096 M218 M139 M388 M066 M219 M218 M288	720			NONE
P008104	7	5	5	1	|M370+M388|	M288	168	33.6	168.0	NONE
P008107	1	0			-	M288	360			NONE
P008122	3	1	662	662	M010	M314 M032 M096 M288	1500	2.27	2.27	NONE
P008122	7	0			-	M223 M066 M218 M288	720			NONE
P008122	9	0			-	M066 M352 M096 M288	3600			NONE
P008122	11	0			-	M066 M288	15			NONE
P008122	13	0			-	M005 |M153+M342| M288				BROKEN_M288
P008122	15	1	70	70	M010	M270 M096 M288	1440	20.57	20.57	NONE
P008125	6	0		1	|M370+M046+M370|	M288	720		720.0	NONE
P008125	8	1	1	1	|M370+M046+M370|	M288	204	204.0	204.0	NONE
P008125	11	2	4	2	|M370+M072|	M288	504	126.0	252.0	NONE
P008125	12	0			-	M288	240			NONE
P008127	0	0			-	M288	120			NONE
P008132	1	0			-	M388 M262 M372 M388 M377 M347 M288	720			NONE
P008134	1	0			-	|M195+M038| M388 M288 M218 M218 M288	14760			NONE
P008136	1	0			-	M388 M096 M009 M259 M218 M288	720			NONE
P008140	1	0			-	|M195+M057| M388 M390 M219 M218 M288	41880			NONE
P008140	2	0			-	|M106+M288| M288	22380			NONE
P008144	17	0			M263	M288				BROKEN_M288
P008146	1	1	1	1	M281	M288				BROKEN_M288
P008146	2	0			-	M025 M256 M057 M288	3960			NONE
P008146	3	0			-	M288				BROKEN_M288
P008146	4	0			-	M223 M224 M218 M288	1920			NONE
P008147	2	1	6	6	M388	M288	360	60.0	60.0	LAST60+TEAM60
P008152	2	1	2	2	M391	M038 M288	8532	4266.0	4266.0	NONE
P008152	4	1	40	40	-	M288	201888	5047.2	5047.2	NONE
P008152	6	0			-	M205 M149 M069 M288	360			NONE
P008152	7	0			-	M136 M288	3600			NONE
P008158	1	0			-	|M195+M038| M388 |M348+M004| M223 M218 M288	26400			NONE
P008159	1	0			-	M377 M217 M124 M288	12648			NONE
P008167	1	0			-	M388 M262 M380 M388 M145 M066 M288	1440			NONE
P008169	2	0			M302	M056 M288	3024			NONE
P008184	0	0			-	M195 M388 M218 M329 M388 M263 M281 M377 M347 M371 M288	720			NONE
P008185	3	2	12	11	M218	M288	1320	110.0	120.0	LAST120
P008185	6	2	22	11	M066	M288				BROKEN_M288
P008185	9	2	22	11	M096	M288	1320	60.0	120.0	LAST120+TEAM60
P008185	12	0		11	M048	M288	1320		120.0	LAST120
P008185	15	2	22	11	M057	M288	1320	60.0	120.0	LAST120+TEAM60
P008185	20	3	13	1	M218	M288	1320	101.54	1320.0	CONST
P008185	23	2	22	11	M096	M288	1320	60.0	120.0	LAST120+TEAM60
P008185	25	1	8	8	M218	M288	480	60.0	60.0	LAST60+TEAM60
P008185	27	1	11	11	M387	M288				BROKEN_M288
P008185	29	1	53	53	M388	M288	3120	58.87	58.87	NONE
P008186	1	0			-	M365 M388 M263 M033 M371 M288	5520			NONE
P008186	3	1	21	21	M066	M056 M288	660	31.43	31.43	NONE
P008186	5	1	1	1	M374	M288	1560	1560.0	1560.0	NONE
P008186	7	1	11	11	|M157+M288|	M292 M388 M321 M032 M332 M057 M288	1680	152.73	152.73	NONE
P008188	1	0			-	M247 M377 M217 M388 M102 M004 M218 M288	120			NONE
P008188	3	0			M380	M218 M369 M288	24			NONE
P008188	4	0			-	M461 M390 M218 M370 M288				BROKEN_M288
P008188	5	0			-	M347 M219 M101 M370 M288	60			CONST
P008188	7	0			M218	M263 M146 M371 M288	60			CONST
P008193	17	0		2	-	M288	120		60.0	LAST60
P008194	3	0			-	M056 M288	840			NONE
P008194	5	0			-	M203 M288	720			NONE
P008194	7	0			-	M288	360			NONE
P008195	2	1	3	3	M054	M288	180	60.0	60.0	LAST60+TEAM60
P008198	1	0			-	|M327+M342| M388 M066 M080 M035 M288	480			NONE
P008204	1	0			-	M157 M056 M288	144			NONE
P008205	1	0			-	M262 M262 M096 M288	1440			CONST
P008205	2	0			-	M005 M263 M347 M219 M101 M101 M288	1440			CONST
P008211	1	0			-	|M195+M057| M288				BROKEN_M288
P008213	1	0			-	M324 M001 M288	720			NONE
P008214	1	0			-	M005 M259 M341 M288	720			NONE
P008216	1	0			-	M328 M388 M297 M218 M056 M288	480			NONE
P008221	0	0			-	M388 M262 M097 M218 M288	1080			NONE
P008221	1	0			-	M024 M033 M371 M288	360			NONE
P008221	2	0			-	M048 M387 M057 M288	120			CONST
P008221	3	0			-	M054 M371 M288	120			CONST
P008221	4	0			-	M048 M219 M218 M288	2040			NONE
P008221	5	0			-	M175 M218 M259 M218 M288	1680			NONE
P008228	1	0			-	M288	1440			NONE
P008229	1	0			-	M207 M131 M248 M388 M004 |M218+M101| M288	240			NONE
P008230	2	1	1	1	M391	M288	6480	6480.0	6480.0	NONE
P008232	1	0			-	M157 M388 M254 M372 M288	7920			NONE
P008237	1	0			-	M288	4320			NONE
P008247	1	0			-	|M106+M288| M288	5400			NONE
P008252	1	0			-	M384 M056 M288	264			NONE
P008252	3	0			-	M288	120			NONE
P008257	1	0			-	M265 M263 M073 M371 M288	1560			NONE
P008258	1	0			-	|M218+M288| M288	17280			NONE
P008260	1	0			-	M124 M288	1452			NONE
P008260	2	0			-	M128 M377 M347 M371 M288	4560			NONE
P008260	3	0			-	M195 M288	720			NONE
P008263	0	0			-	M288				BROKEN_M288
P008265	2	1	6	6	M388	M288	360	60.0	60.0	LAST60+TEAM60
P008270	1	0			-	M266 M288	676			NONE
P008270	2	0			-	M036 M266 M288				BROKEN_M288
P008270	3	0			-	M288	1632			NONE
P008271	1	0			-	M338 M066 M288	240			NONE
P008285	0	0			-	|M136+M365| M288	1680			NONE
P008285	1	0			-	M057 M288	360			NONE
P008285	3	0			-	M208 M288	1500			NONE
P008285	6	0			-	M288	516			NONE
P008286	2	0			-	M288	2256			NONE
P008296	4	0			M002	M388 M230 M262 M096 M288				BROKEN_M288
P008296	6	0			-	M175 M066 M288	12			NONE
P008296	8	0			-	M288	48			NONE
P008296	9	0			-	M096 M024 M371 M288				BROKEN_M288
P008297	3	3	9	4	|M036+1(N24)|	M288				BROKEN_M288
P008307	6	0			M036	|M351+1(N14)| M288	12			CONST
P008307	7	0			-	M387 M346 |M351+1(N14)| M288	12			CONST
P008307	8	0			-	M387 M218 M288	48			NONE
P008312	1	0			-	M157 M218 M259 M263 M329 M288	240			NONE
P008319	0	0			-	M386 M131 M218 M288	72			NONE
P008319	3	0			M371	M288	20			NONE
P008321	6	0			M291	M370 M288	8			NONE
P008324	0	0			-	M056 M288	1200			NONE
P008325	1	0			-	M005 M056 M288	15540			NONE
P008327	0	0			-	M288	151200			NONE
P008329	0	0			-	M036 M312 M288	480			NONE
P008332	1	0			-	|M305+M320| M124 M218 M024 M004 M218 M288				BROKEN_M288
P008332	2	0			-	M288	1740			NONE
P008339	0	0			-	M288	180			NONE
P008346	1	0			-	M388 M218 M352 M318 M371 M288	3120			NONE
P008346	8	0			M376	M288	5280			NONE
P008348	1	0			-	M387 M263 M288	48			NONE
P008350	16	0			M050	M288	166			NONE
P008351	1	0			-	M388 |M106+M288| M386 M124 M218 M386 M240 M096 M288	240			CONST
P008351	2	0			-	M124 M217 M259 M218 M288	240			CONST
P008351	3	0			-	M124 M352 M254 M096 M288	240			CONST
P008351	4	0			-	M219 M387 M066 M288	240			CONST
P008351	5	0			-	M124 M096 M227 M066 M288	240			CONST
P008351	6	0			-	M124 M372 |M218+M099| M371 |M131+M388| M218 M288	240			CONST
P008353	0	0			-	M288	720			NONE
P008353	1	0			-	M206 M288	360			CONST
P008353	3	0			-	M301 |M296+M296| M057 M288	360			CONST
P008353	5	0			-	M386 M218 M288	360			CONST
P008355	0	0			-	M387 M124 M009 M338 M066 M288	48			CONST
P008355	2	0			-	M288	48			CONST
P008355	3	0			-	M066 M246 M066 M288	24			NONE
P008355	5	0			-	M288	56			NONE
P008355	7	0			-	M288	36			NONE
P008355	8	0			-	M304 M001 M288	8			NONE
P008355	10	0			M243	M288	4			NONE
P008361	1	0			-	|M218+X| M218 M288				BROKEN_M288
P008369	3	2	3	2	|M260+1(N24)|	M384 M288	24	8.0	12.0	NONE
P008373	1	0			-	M056 M288	960			NONE
P008377	1	0			-	M288	720			NONE
P008379	1	0			-	M388 M263 M379 M288	72			NONE
P008383	6	0		1	M009	M057 M288				BROKEN_M288
P008383	7	0			-	M057 M288	360			NONE
P008383	9	1	1	1	M009	M124 M347 |M218+M320| M371 M288	120	120.0	120.0	LAST120
P008393	0	0			-	M288	2880			NONE
P008401	2	0			-	M056 M288				BROKEN_M288
P008417	1	0			-	M263 M387 M066 M288	96			NONE
P008417	3	0			M371	M011 M288	32			NONE
P008419	4	0			M002	M370 M288	8			NONE
P008422	0	0			-	M297 M288	360			NONE
P008425	1	0			-	M005 M388 M314 M057 M288				BROKEN_M288
P008427	0	0			-	|M106+M288| M256 M041 M288	3600			NONE
P008427	2	1	20	20	-	M038 M295 M288	360	18.0	18.0	CONST
P008427	3	0			-	M288	5040			NONE
P008427	4	0			-	M295 M288	360			CONST
P008429	11	9	11	1	M124	M288	60	5.45	60.0	LAST60
P008431	4	0			M297	M288	24			CONST
P008431	5	0			-	M288	24			CONST
P008431	6	0			-	M347 M377 M218 M288	8			NONE
P008431	8	0			-	|M351+M380| M288	24			CONST
P008437	1	1	40	40	-	M288	1440	36.0	36.0	NONE
P008437	3	1	12	12	M312	M288	248	20.67	20.67	NONE
P008437	4	0			-	M217 M124 M288	1560			NONE
P008438	3	2	13	10	M372	M032 M387 M218 M288	120	9.23	12.0	CONST
P008438	4	0			-	M206 M288	240			NONE
P008438	6	1	3	3	|M296+M296|	M146 M372 M288	960	320.0	320.0	NONE
P008438	9	0			M371	M263 M387 M288	120			CONST
P008447	6	0			M096	M048 M288	16			NONE
P008447	8	0			-	M218 M288	4			CONST
P008447	9	0			-	M024 M024 M288	4			CONST
P008447	10	0			-	M371 M288	4			CONST
P008447	11	0			-	M386 M288	12			NONE
P008454	0	0			-	M388 M057 M029 M288	240			NONE
P008454	8	4	7	3	M073	M288	2400	342.86	800.0	NONE
P008484	4	0			M098	M288	120			CONST
P008484	6	0			M096	M295 M222 M288	120			CONST
P008490	3	1	1	1	|M370+M072|	M288	336	336.0	336.0	NONE
P008490	10	5	5	1	|M370+M388|	M288	204	40.8	204.0	NONE
P008490	20	0		1	M371	M288	180		180.0	NONE
P008490	23	0			-	M288	240			NONE
P008490	35	4	6	1	M266	M288	120	20.0	120.0	LAST120
P008490	46	0		1	|M370+M072|	M288	264		264.0	NONE
P008490	62	0		1	M371	M288	60		60.0	LAST60
P008490	67	1	1	1	M228	M288	60	60.0	60.0	LAST60+TEAM60
P008490	72	3	3	1	M318	M288	120	40.0	120.0	LAST120
P008490	75	1	1	1	M373	M288	120	120.0	120.0	LAST120
P008490	77	1	1	1	M054	M288	60	60.0	60.0	LAST60+TEAM60
P008490	79	1	1	1	M371	M288	60	60.0	60.0	LAST60+TEAM60
P008490	97	0		1	M373	M288	420		420.0	NONE
P008490	99	0			-	M288	60			CONST
P008490	106	0		1	M218	M288	60		60.0	LAST60
P008490	109	2	2	1	M317	M288	120	60.0	120.0	LAST120+TEAM60
P008490	116	0		1	M370	M288	60		60.0	LAST60
P008490	119	2	2	1	M373	M288	120	60.0	120.0	LAST120+TEAM60
P008490	127	0		1	M128	M288	60		60.0	LAST60
P008490	139	0		1	|M370+M072|	M288	144		144.0	NONE
P008490	141	1	1	1	M301	M288	60	60.0	60.0	LAST60+TEAM60
P008490	145	0			-	M288	60			CONST
P008490	152	5	5	1	-	M288	120	24.0	120.0	LAST120
P008490	154	1	1	1	M297	M288	60	60.0	60.0	LAST60+TEAM60
P008490	173	0			-	M208 M288	2280			NONE
P008500	0	0			-	M288	14400			NONE
P008500	2	0			-	|M106+M096| M372 M288	720			NONE
P008510	3	1	15	15	M206	M288	1440	96.0	96.0	NONE
P008526	0	0			-	M288				BROKEN_M288
P008526	1	0			-	M288				BROKEN_M288
P008530	0	0			-	|M317+X| M297 M288				BROKEN_M288
P008544	3	1	2	2	-	M288	720	360.0	360.0	NONE
P008579	4	0		30	-	M288				BROKEN_M288
P008595	1	1	2	2	-	M243 M288	14400	7200.0	7200.0	NONE
P008604	1	0			-	M136 M077 M243 M288	120			NONE
P008617	1	0			-	M124 M288	240			NONE
P008618	1	0			-	M292 M288	120			NONE
P008620	1	0			-	M391 M288	19992			NONE
P008621	0	0			-	M393 M292 M388 |M131+M388| M263 M230 M096 M288	7560			NONE
P008621	9	0		3	M010	M144 M039 M056 M288				BROKEN_M288
P008621	11	1	63	63	M096	M217 M124 M288	4320	68.57	68.57	NONE
P008621	12	0			-	M374 M217 M388 M124 M288	1680			NONE
P008621	18	5	65	2	|M175+M203|	M327 |M175+M203| M292 M288	2160	33.23	1080.0	NONE
P008621	20	1	2	2	M223	M288	16800	8400.0	8400.0	NONE
P008621	23	2	22	12	M010	M039 M288	21600	981.82	1800.0	NONE
P008624	2	0			|M377+M320+M377|	M288	44640			NONE
P008629	1	0			-	M292 M388 M262 M262 M288	49516			NONE
P008635	1	1	2	2	-	M057 M218 M288				BROKEN_M288
P008635	2	0			-	M288	360			CONST
P008635	3	0			-	M377 M361 M096 M288	1080			NONE
P008635	5	0			-	M288	1680			NONE
P008635	6	0			-	M226 M004 M263 M218 M288	1560			NONE
P008635	8	0			-	|M218+M288| M301 M288	3720			NONE
P008635	9	0			-	|M305+M320| M288	1440			NONE
P008635	12	1	10	10	M010	M288	360	36.0	36.0	CONST
P008635	13	0			-	M263 M096 M288	240			CONST
P008635	15	0			-	M288	240			CONST
P008639	1	1	3	3	M056	M288	28080	9360.0	9360.0	NONE
P008647	0	0			-	M288				BROKEN_M288
P008649	2	1	1	1	-	M288	1800	1800.0	1800.0	NONE
P008649	7	0			-	M288	5760			NONE
P008652	4	0			-	M288				BROKEN_M288
P008652	5	0			-	M288	15960			NONE
P008662	2	0			-	M096 M288	360			NONE
P008663	1	0			-	M288	720			CONST
P008663	2	0			-	M032 M128 M096 M288				BROKEN_M288
P008663	3	0			-	M288	720			CONST
P008666	1	1	1	1	-	M124 M386 M263 M048 M096 M288	120	120.0	120.0	LAST120
P008666	2	0			-	M049 M240 M038 M096 M288	360			NONE
P008666	3	0			-	M384 M001 M288	720			CONST
P008666	4	0			-	M251 M009 M371 M288	720			CONST
P008667	0	0			-	M048 M288				BROKEN_M288
P008667	1	0			-	M048 M288				BROKEN_M288
P008678	0	0			-	M145 M288	25924			NONE
P008678	2	1	1	1	-	M288				BROKEN_M288
P008688	1	0			-	|M305+M340| M388 M242 M347 M195 M372 M288	720			CONST
P008688	2	0			-	M057 M455 M057 M288	720			CONST
P008688	3	0			-	M032 M066 M288	720			CONST
P008688	4	0			-	M347 M223 M320 M281 M096 M288	720			CONST
P008688	5	0			-	M388 M066 M288	720			CONST
P008688	6	0			-	M048 M386 M066 M288	360			CONST
P008688	7	0			-	M288	360			CONST
P008688	8	0			-	M175 M218 M259 M218 M288	720			CONST
P008688	9	0			-	M096 M288	720			CONST
P008688	11	0			M101	M371 M219 M218 M288	360			CONST
P008688	12	0			-	M262 M259 M218 M288	360			CONST
P008688	13	0			-	M066 M048 M377 M218 M288	360			CONST
P008688	14	0			-	M054 M371 M288	720			CONST
P008688	15	0			-	M259 M048 M096 M288	360			CONST
P008688	16	0			-	M387 M377 M347 M371 M288	360			CONST
P008688	17	0			-	M218 |M218+M288| M288	360			CONST
P008688	18	0			-	M288	9720			NONE
P008691	7	6	13	6	|M036+1(N30D)|	M140 M288	24	1.85	4.0	NONE
P008693	1	0			-	M288	164760			NONE
P008695	1	0			-	M288	720			NONE
P008699	2	0			-	M288	2880			NONE
P008700	3	2	5	4	-	M288	1560	312.0	390.0	NONE
P008701	1	0			-	M288	240			NONE
P008705	2	1	10	10	M290	M288	1440	144.0	144.0	NONE
P008711	1	0			-	M139 M032 M348 M288	7944			NONE
P008713	1	0			-	M387 M288	720			NONE
P008716	3	0		2	M309	M288	120		60.0	LAST60
P008716	4	0			-	|M377+M377| M288	120			CONST
P008718	2	1	6	6	M292	M288	720	120.0	120.0	LAST120
P008719	2	1	12	12	M292	M288	1440	120.0	120.0	LAST120
P008720	2	1	7	7	M262	M288	240	34.29	34.29	NONE
P008721	1	0			-	|M195+M057| M147 M145 M371 M056 M288	360			NONE
P008723	3	2	16	7	M262	M288	720	45.0	102.86	NONE
P008724	2	1	12	12	M262	M288	480	40.0	40.0	NONE
P008725	2	1	6	6	M057	M288	240	40.0	40.0	NONE
P008726	2	1	4	4	M260	M288	360	90.0	90.0	NONE
P008729	3	2	8	3	M262	M288	840	105.0	280.0	NONE
P008731	2	1	6	6	M292	M288	720	120.0	120.0	LAST120
P008734	1	0			-	M004 M288	384			NONE
P008736	16	0			-	M288				BROKEN_M288
P008751	4	2	2	1	M346	M036 M266 M288	72	36.0	72.0	NONE
P008751	5	0			-	M288	376			NONE
P008754	2	0			M056	M288	64800			NONE
P008756	1	0			-	M038 M037 M288	360			NONE
P008761	3	2	36	14	M056	M288	1728	48.0	123.43	NONE
P008764	2	1	93	93	M056	M288	4464	48.0	48.0	NONE
P008766	2	1	116	116	M056	M288	5592	48.21	48.21	NONE
P008772	2	1	58	58	-	M288	2784	48.0	48.0	NONE
P008772	4	1	9	9	M054	M288	540	60.0	60.0	LAST60+TEAM60
P008784	1	0			-	M139 M388 M218 M315 M461 M066 M288	480			NONE
P008787	2	1	2	2	M388	M288	120	60.0	60.0	LAST60+TEAM60
P008790	1	0			-	M056 M288	23400			NONE
P008790	14	0			-	M288	25776			NONE
P008791	2	1	128	128	M056	M288	6240	48.75	48.75	NONE
P008798	2	0			M056	M288	168			NONE
P008799	2	1	1	1	M056	M288	48	48.0	48.0	NONE
P008800	2	1	2	2	M056	M288				BROKEN_M288
P008801	2	1	6	6	M056	M288	288	48.0	48.0	NONE
P008802	2	1	4	4	M056	M288	72	18.0	18.0	NONE
P008804	1	1	42	42	M056	M288	2016	48.0	48.0	NONE
P008805	1	0			M056	M341 M288	5352			NONE
P008807	2	0			M056	M288	48			NONE
P008808	4	0		5	-	M288				BROKEN_M288
P008810	2	1	50	50	M056	M288	2400	48.0	48.0	NONE
P008812	1	0			-	M292 M388 M263 M347 M219 M101 M288	2160			NONE
P008814	2	0			-	M288	2160			NONE
P008815	1	0			-	M203 M288	4680			NONE
P008815	2	0			-	M324 M288	360			NONE
P008830	1	0			-	M288	180			NONE
P008834	1	0			-	M246 M288	504			NONE
P008834	2	0			-	M317 M210 M288	96			NONE
P008843	2	1	78	78	M359	M288	360	4.62	4.62	NONE
P008844	1	0			-	M288	87360			NONE
P008844	3	0			M454	M288	58380			NONE
P008844	5	0			M054	M288	6120			NONE
P008844	7	0			M054	M288	151860			NONE
P008845	2	1	6	6	M061	M288	360	60.0	60.0	LAST60+TEAM60
P008845	4	1	3	3	M054	M288	180	60.0	60.0	LAST60+TEAM60
P008846	2	0			-	M259 M101 M288	2880			NONE
P008848	2	0			M054	M288	66480			NONE
P008848	3	0			-	M288	720			NONE
P008849	2	1	88	88	M054	M288	5280	60.0	60.0	LAST60+TEAM60
P008852	1	0			-	M041 M288	336			NONE
P008856	1	0			-	M288	264			NONE
P008860	1	1	4	4	M388	M295 M223 M223 M288	120	30.0	30.0	NONE
P008860	4	1	2	2	-	M180 M288	2160	1080.0	1080.0	NONE
P008860	6	0			-	M288	360			NONE
P008860	7	0			-	|M157+M029| M288	720			NONE
P008862	2	0			M056	M288	216			NONE
P008866	1	0			-	M105 M288	720			NONE
P008867	1	0			-	M124 M263 M109 M066 M288	1560			NONE
P008867	3	1	3	3	M297	M124 M288	240	80.0	80.0	NONE
P008874	0	0			-	M288	720			NONE
P008876	1	0			-	M056 M288	1992			NONE
P008877	6	0			-	M036 M288				BROKEN_M288
P008878	1	0			-	M288	360			NONE
P008880	1	0			-	M288	144			NONE
P008887	1	0			-	M297 M288	600			NONE
P008888	1	0			-	M056 M288	4920			NONE
P008889	1	0			-	M288	300			NONE
P008897	1	0			-	M288	392			NONE
P008900	1	1	2	2	-	M288	120	60.0	60.0	LAST60+TEAM60
P008905	5	4	24	5	M362	M288	1320	55.0	264.0	NONE
P008908	2	0			M054	M288	16080			NONE
P008908	4	0			M054	M288	7920			NONE
P008908	6	0			M054	M288	7080			NONE
P008914	3	1	1	1	M305	M096 M288	3600	3600.0	3600.0	NONE
P008914	4	0			-	M387 M259 M218 M288	2160			CONST
P008914	5	0			-	M096 M288	2160			CONST
P008914	7	0			-	M263 M218 M288	1560			NONE
P008918	2	1	4	4	-	M288	120	30.0	30.0	CONST
P008918	3	0			-	M131 M288	120			CONST
P008918	4	0			-	M218 M102 M288	120			CONST
P008918	5	0			-	M124 M217 M057 M288	240			NONE
P008928	0	0			-	M001 M388 M260 M387 M288	360			NONE
P008928	1	0			-	M388 M218 M288	240			NONE
P008929	0	0			-	M288	37440			NONE
P008930	0	0			-	M167 M288	216000			NONE
P008935	2	1	17	17	M056	M288	288	16.94	16.94	NONE
P008936	3	3	26	4	M124	M288	240	9.23	60.0	LAST60
P008941	1	0			-	M124 M288	1800			NONE
P008942	1	0			-	M066 M387 M218 M288	1200			NONE
P008955	1	0			-	|M351+1(N14)| M288	2160			NONE
P008965	3	0			M151	M288				BROKEN_M288
P008984	1	0			-	M284 M319 M288	12240			NONE
P008990	1	0			-	|M218+M288| M288	6588			NONE
P008990	2	0			-	M158 M288	720			NONE
P008994	1	0			-	M111 M122 M288	48			NONE
P008995	7	0			M219	M387 M288	48			NONE
P008998	3	0			M219	M297 M288	120			NONE
P009006	1	0			-	M288	1560			NONE
P009006	2	0			-	M175 M288	1440			NONE
P009008	2	0			-	M352 M048 M288	720			NONE
P009009	1	0			-	M288				BROKEN_M288
P009012	4	0			|M036+1(N39C)|	M288	14			NONE
P009015	4	3	16	10	-	M387 M297 M099 M288	840	52.5	84.0	NONE
P009015	5	0			-	M297 M066 M288	1440			NONE
P009016	1	0			-	M388 M218 M288	1440			NONE
P009018	1	0			-	M325 M388 M111 M097 M175 M288	1440			NONE
P009018	13	0			M376	M288	14400			NONE
P009025	1	0			-	M319 M388 M218 M009 M288	1200			NONE
P009026	1	0			-	M388 M109 M218 M057 M288	600			NONE
P009029	2	0			-	M288	5760			NONE
P009029	4	0			-	M288	2160			NONE
P009029	5	0			-	M305 M288	984			NONE
P009034	1	0			-	M288				BROKEN_M288
P009036	1	0			-	M093 M288	144			NONE
P009037	6	4	80	26	-	M075 M288	360	4.5	13.85	NONE
P009037	11	4	49	6	M346	M316 M288	240	4.9	40.0	NONE
P009044	1	0			-	M125 M277 M288	720			NONE
P009046	9	0		1	M374	M288	900		900.0	NONE
P009050	0	0			-	M288				BROKEN_M288
P009084	0	0			-	M288	15840			NONE
P009089	3	1	5	5	M346	M096 M288	600	120.0	120.0	LAST120
P009089	6	1	2	2	M346	M288	720	360.0	360.0	CONST
P009089	9	0			M096	M099 M288	1080			NONE
P009089	12	2	13	10	M332	M352 M207 |M131+M388| M263 M288	600	46.15	60.0	LAST60
P009089	18	3	12	2	M346	M371 M288	720	60.0	360.0	TEAM60
P009089	20	1	1	1	M346	M352 M009 M371 M288	120	120.0	120.0	LAST120
P009089	21	0			-	M218 M146 M066 M288	240			NONE
P009092	1	0			-	M288				BROKEN_M288
P009121	1	0			-	M341 M157 M288				BROKEN_M288
P009127	1	0			-	M038 M387 M288	14400			NONE
P009127	4	0		1200	-	M387 M288	21600		18.0	NONE
P009127	5	0			-	M387 M288	17760			NONE
P009127	7	1	90	90	|M218+M288|	M387 M288	13680	152.0	152.0	NONE
P009131	1	0			-	M288	65760			NONE
P009150	0	0			-	M288	336			NONE
P009151	1	0			-	M288	120			NONE
P009176	4	0		1	M010	M010 M288	168		168.0	NONE
P009178	6	0		2	M218	M057 |M305+M136| M056 M288	1440		720.0	NONE
P009179	4	0			|M218+M288|	M288	240			NONE
P009180	2	1	6	6	M388	M288	360	60.0	60.0	LAST60+TEAM60
P009183	2	2	3	1	M072	M288				BROKEN_M288
P009183	7	3	3	1	M370	M288	324	108.0	324.0	NONE
P009183	31	0		2	M218	M288	120		60.0	LAST60
P009185	0	0			-	M288	360			NONE
P009185	5	3	3	1	|M370+M388|	M288	264	88.0	264.0	NONE
P009185	8	1	1	1	-	M288	120	120.0	120.0	LAST120
P009185	11	2	2	1	M370	M288	120	60.0	120.0	LAST120+TEAM60
P009185	13	1	1	1	M111	M288				BROKEN_M288
P009185	17	3	3	1	M370	M288	204	68.0	204.0	NONE
P009185	19	1	1	1	M066	M288	60	60.0	60.0	LAST60+TEAM60
P009185	22	1	2	2	-	M288	420	210.0	210.0	NONE
P009185	24	1	1	1	M320	M288	60	60.0	60.0	LAST60+TEAM60
P009185	27	2	2	1	M373	M288	120	60.0	120.0	LAST120+TEAM60
P009185	34	0		1	M072	M288	300		300.0	NONE
P009185	38	2	2	1	M370	M288	120	60.0	120.0	LAST120+TEAM60
P009186	0	0			-	M377 M010 M288				BROKEN_M288
P009186	1	0			-	M324 M288	1080			NONE
P009186	3	0			-	M288	202			NONE
P009187	3	0			-	M101 M213 M288	120			NONE
P009190	2	1	5	5	M388	M288	300	60.0	60.0	LAST60+TEAM60
P009191	1	0			-	M292 M388 M146 M032 M332 M057 M288	2160			NONE
P009193	3	0			|M288+1(N39B)|	M288	72			NONE
P009193	5	1	3	3	M382	M288				BROKEN_M288
P009193	6	0			-	M288	216			NONE
P009193	8	0			M001	M288	24			NONE
P009193	10	1	1	1	M001	M288				BROKEN_M288
P009195	1	0			-	|M195+X| M388 M251 M288	2880			NONE
P009198	0	0			-	M288				BROKEN_M288
P009198	1	0			-	M288	10680			NONE
P009205	0	0			-	M038 M288	24			NONE
P009207	1	0			-	M177 M388 M032 M297 M288	720			NONE
P009207	2	0			-	M348 M288	144			NONE
P009208	6	5	20	9	M206	M288	1380	69.0	153.33	NONE
P009209	2	1	3	3	M054	M288	180	60.0	60.0	LAST60+TEAM60
P009210	0	0			-	M195 M056 M288				BROKEN_M288
P009211	2	1	5	5	M388	M288	300	60.0	60.0	LAST60+TEAM60
P009220	2	1	3	3	M388	M288	180	60.0	60.0	LAST60+TEAM60
P009223	3	2	16	12	|M036+1(N30C)|	M140 M288	24	1.5	2.0	NONE
P009223	8	0			M002	|M343+1(N30C)| M037 M288	144			NONE
P009224	3	0			-	M203 M288				BROKEN_M288
P009224	4	0			-	M387 M387 M054 M288	2956			NONE
P009224	7	0			-	M054 M288	360			NONE
P009224	8	0			-	M371 M048 M288				BROKEN_M288
P009225	1	1	40	40	-	M288	960	24.0	24.0	NONE
P009225	2	0			-	M066 M288	1080			NONE
P009225	4	0			-	M066 M352 M218 M259 M218 M288	720			NONE
P009225	6	0			-	M288	360			NONE
P009225	7	0			-	M047 M288	384			NONE
P009226	1	0			-	|M195+M038| M288	4440			NONE
P009232	1	0			-	|M153+M377+M153| M056 M288	4320			NONE
P009236	1	0			-	M157 M288	3872			NONE
P009237	2	1	6	6	M388	M288	360	60.0	60.0	LAST60+TEAM60
P009238	2	1	6	6	M388	M288	360	60.0	60.0	LAST60+TEAM60
P009243	1	0			-	M136 M317 M288	240			NONE
P009246	0	0			-	M288				BROKEN_M288
P009248	0	0			-	M288				BROKEN_M288
P009255	10	7	65	34	M153	M387 M288	120	1.85	3.53	NONE
P009256	2	0			M010	M288	2			NONE
P009284	0	0			-	M288				BROKEN_M288
P009284	3	0		1	M284	M288				BROKEN_M288
P009286	2	1	2	2	M388	M288				BROKEN_M288
P009290	3	3	3	1	-	M288	120	40.0	120.0	LAST120
P009290	5	0			-	M288	120			CONST
P009312	1	0			|M106+M288|	M288				BROKEN_M288
P009312	3	0			|M106+M288|	M288	54480			NONE
P009318	7	5	6	1	M046	M288	120	20.0	120.0	LAST120
P009318	11	2	40	20	M124	M288				BROKEN_M288
P009327	5	0			-	M122 M054 M288				BROKEN_M288
P009335	2	1	2	2	M391	M288	9360	4680.0	4680.0	NONE
P009336	1	1	1	1	-	M371 M288	720	720.0	720.0	NONE
P009337	2	0			-	M304 M388 M285 M288	960			NONE
P009337	3	0			-	M388 M285 M288	36			NONE
P009338	5	0		1	-	M320 M288	156		156.0	CONST
P009338	6	0			-	M103 M254 M387 M288	1392			NONE
P009338	8	0			-	M259 M281 M096 M288				BROKEN_M288
P009338	10	0			-	M304 M388 M115 |M296+M296| M288	1148			NONE
P009338	11	0			-	M288	156			CONST
P009338	13	1	2	2	-	M073 M230 M096 M288	360	180.0	180.0	NONE
P009343	0	0			-	M288	240			CONST
P009343	2	0			M376	M124 M288	240			CONST
P009343	4	0			M376	|M175+M288| M048 M110 M288	240			CONST
P009343	6	0			M376	M124 M149 M288	240			CONST
P009343	8	0			M376	M217 M032 M096 M066 M288	240			CONST
P009343	10	0			M376	M309 M288	240			CONST
P009343	12	1	1	1	M367	M124 M034 M218 M288	240	240.0	240.0	CONST
P009343	14	1	1	1	M367	M149 M352 M371 M288	240	240.0	240.0	CONST
P009343	16	0			M376	M288	240			CONST
P009343	18	0			M376	M097 |M127+M127| M057 M149 M288	240			CONST
P009343	20	0			M376	M066 M262 M096 M149 M288	240			CONST
P009343	22	0			M376	M218 M295 M149 M288	240			CONST
P009343	24	0			M376	M288	240			CONST
P009343	26	0			M376	M288	240			CONST
P009343	28	0			M376	M371 M288				BROKEN_M288
P009343	30	0			M376	M288	240			CONST
P009343	32	0			M376	M288	240			CONST
P009343	34	1	1	1	M367	M371 M029 M288	240	240.0	240.0	CONST
P009343	36	0			M376	M317 M207 M057 M288	480			NONE
P009343	38	1	1	1	M367	M124 M207 M295 M371 M288	240	240.0	240.0	CONST
P009343	40	1	1	1	M367	M210 M388 M263 M347 M371 M288	240	240.0	240.0	CONST
P009343	42	1	1	1	M367	M147 M124 M029 M096 M288	240	240.0	240.0	CONST
P009343	44	0			M376	M288	5280			NONE
P009349	3	3	8	3	-	M263 M288	2400	300.0	800.0	NONE
P009350	1	0			-	M328 M288	720			NONE
P009352	1	0			-	M203 M288	120			NONE
P009360	2	1	1	1	|M218+M288|	M288	41934	41934.0	41934.0	NONE
P009380	1	0			-	M288	4164			NONE
P009416	1	0			-	M203 M388 M151 M371 M288	600			NONE
P009438	2	1	2	2	-	M288	480	240.0	240.0	NONE
P009438	13	0		1	M046	M288	300		300.0	NONE
P009438	15	1	1	1	M373	M288				BROKEN_M288
P009438	20	0		1	M259	M288	60		60.0	LAST60
P009445	3	0			-	M371 M001 M288				BROKEN_M288
P009460	2	0			-	M288	600			NONE
P009464	1	0			-	M288	744			NONE
P009464	4	0			-	M288	600			NONE
P009486	4	3	7	3	M297	M288	480	68.57	160.0	NONE
P009491	3	3	22	10	-	M288	720	32.73	72.0	NONE
P009538	4	0			-	M054 M288	120			NONE
P009539	0	0			-	M009 M288	240			NONE
P009547	1	0			-	M288	2112			NONE
P009549	0	0			-	M288	120			NONE
P009553	1	0			-	|M175+M377+M377| M288 M387 M288	2160			NONE
P272825	2	1	3	3	-	M143 M001 M302 M288	2520	840.0	840.0	NONE
P272825	19	0			M371	M352 M388 M128 M386 M297 M288	164			NONE
P272825	42	0			M240	M024 M057 M288				BROKEN_M288
P272825	48	0		3	M218	M217 M288	840		280.0	NONE
P272825	111	0			-	M288	144938			NONE
P272826	4	0			M010	M195 M288	50460			NONE
P272826	5	0			-	M066 M352 M288	63048			NONE
P368478	1	0			-	M288	5280			NONE
P368478	2	0			-	M263 M288				BROKEN_M288
P368478	3	0			-	M371 M288	1838			NONE
P368480	2	0			-	M038 |M009+M140| M346 M288	1592			NONE
P368481	0	0			-	M288	72			NONE
P368481	2	0			-	M066 M288	120			CONST
P368481	4	0			-	M288	48			NONE
P368481	5	0			-	M104 M066 M259 M301 M066 M288	240			CONST
P368481	7	0			-	M388 M288	240			CONST
P368481	8	0			-	M383 M388 M301 M377 M218 M288	480			NONE
P368481	10	0			-	M288	120			CONST
P368481	11	0			-	M029 M048 M288	120			CONST
P368481	12	0			-	M203 M288	120			CONST
P368484	0	0			-	M288				BROKEN_M288
P368487	1	0			-	|M296+M296| M057 M288	720			NONE
P368497	3	0			-	M003 M388 M056 M288				BROKEN_M288
P368497	6	0			-	|M175+M388| M288				BROKEN_M288
P368497	8	0			M175	M206 M288				BROKEN_M288
P368506	2	0			-	|M175+M328| M288	2160			NONE
P368506	6	0		50	-	M263 M066 M288	720		14.4	NONE
P368506	9	1	2	2	M391	M056 M288				BROKEN_M288
P368506	10	0			-	M288				BROKEN_M288
P368507	2	0			M391	M256 M056 M288				BROKEN_M288
P368507	3	0			-	M288	2880			NONE
P368507	4	0			-	M391 M056 M288				BROKEN_M288
P368507	5	0			-	M288	1800			NONE
P368507	6	0			-	M038 M319 M288				BROKEN_M288
P368507	7	0			-	M048 M033 M388 M125 M102 M096 M288				BROKEN_M288
P368519	0	0			-	M048 M288	720			CONST
P368519	3	0			-	M048 M288	720			CONST
P368520	2	2	5	2	-	M288	1080	216.0	540.0	NONE
P368535	3	0			-	M288				BROKEN_M288
P368547	3	1	10	10	-	|M175+M175| M288	720	72.0	72.0	NONE
P368547	5	0			-	M288	1440			NONE
P368548	2	1	2	2	-	M111 M288				BROKEN_M288
P368566	1	0			-	M288	5280			NONE
P368567	1	0			-	M288				BROKEN_M288
P368567	2	0			-	M288	2160			NONE
P368577	3	0			M219	M288	24			NONE
P368592	1	0			-	M256 M039 M288				BROKEN_M288
P368593	0	0			-	M288	1800			NONE
P368595	1	0			-	|M195+M057| M388 M390 M219 M218 M288				BROKEN_M288
P393079	2	1	5	5	M124	M288				BROKEN_M288
P393079	4	0			M124	M288	12			NONE
