sign	call	d_COM	d_UNI	d_PER	d_PLA	d_TRA	d_HDR	d_TOT
M288	-	0.0765	0.1364	0.0052	-0.0290	-0.0101	-0.1910	-0.0865
M388	PER	-0.1647	-0.2401	0.1419	0.0843	0.1124	0.1112	-0.0526
M218	-	0.0249	-0.0805	0.0216	-0.0177	0.0383	0.0544	-0.1306
M387	-	-0.0051	0.0813	-0.0864	-0.0008	-0.0137	0.1009	0.0724
M263	-	-0.0333	-0.1796	0.0294	0.0397	0.0111	-0.0279	-0.2263
M297	-	0.0711	0.0780	-0.0205	-0.0158	-0.0199	-0.1212	-0.0002
M346	UNI	0.1846	0.4002	-0.1137	-0.0659	-0.0954	-0.1613	0.0901
M066	-	-0.0526	-0.1755	0.0631	-0.0039	0.1044	-0.0352	-0.0736
M157	PLA	-0.2613	-0.3187	0.1387	0.1770	-0.0089	0.0815	-0.0558
M371	-	-0.0300	-0.0681	0.0458	0.0674	0.0115	-0.1165	-0.1052
M054	-	0.0722	0.2257	-0.0510	-0.0303	-0.0335	-0.0733	-0.0180
M057	-	-0.0618	-0.0888	0.0622	-0.0125	0.0593	0.0328	-0.0469
M124	-	0.0494	0.0699	-0.1674	-0.0955	0.0453	0.1507	0.0215
M009	-	-0.0209	0.0073	-0.0215	0.0411	-0.0406	0.1288	-0.0400
M096	-	0.0484	0.0103	0.0456	-0.0557	0.0293	-0.1639	-0.1964
M367	UNI	0.1722	0.4061	-0.2207	-0.0720	-0.1016	-0.0190	0.1083
M001	-	-0.0079	-0.0459	-0.0093	0.0208	0.0089	0.0236	-0.1017
M376	-	0.1009	0.1871	0.0363	0.0044	-0.0623	-0.0840	-0.1195
M305	HDR	-0.1298	-0.2117	-0.0554	-0.0080	-0.0329	0.3096	0.0572
M036	-	0.0899	0.1015	-0.0343	-0.0588	-0.0982	-0.0937	-0.0371
M370	-	-0.0693	-0.0470	-0.0896	0.0007	-0.0543	0.0977	0.0404
M056	-	-0.0676	-0.2052	0.0839	-0.0162	0.0712	-0.0621	-0.0235
M032	COM	0.1120	0.0947	-0.0279	-0.0428	-0.0107	-0.0093	-0.0767
M354	COM	0.2954	0.4202	-0.0530	-0.1310	-0.1089	-0.2804	0.0741
M377	PLA	-0.2358	-0.3714	0.1248	0.1277	0.1378	0.1701	0.0095
M352	-	-0.1354	-0.1995	0.0628	0.0504	0.0452	0.1460	0.0569
M004	TOT	-0.0503	0.0816	0.1375	-0.0398	0.0483	-0.0452	0.2925
M003	UNI	0.1567	0.6632	-0.0119	-0.1186	-0.1666	-0.1545	0.3775
|M036+1(N30D)|	UNI	0.1444	0.3352	-0.1922	0.0138	-0.0973	-0.1137	-0.0316
M219	-	-0.0689	-0.0439	0.0413	0.0559	0.0565	-0.0041	0.0678
M347	PER	-0.2464	-0.3112	0.1624	0.1046	0.1487	0.1241	0.0787
M010	PLA	-0.0310	-0.1412	0.1017	0.0918	0.0436	-0.2352	-0.1013
M038	UNI	0.0864	0.2955	-0.2300	-0.0767	-0.0732	0.2066	0.1365
M072	COM	0.1135	0.0336	-0.0054	0.0036	0.0238	-0.2087	-0.3341
M136	PLA	-0.0794	0.1528	0.0899	0.1090	-0.0690	-0.0787	0.1200
M048	HDR	-0.0182	-0.0429	-0.2066	-0.0644	0.0355	0.2300	0.1032
M262	PLA	-0.0369	-0.1603	0.0752	0.1002	0.0331	-0.0185	-0.0539
M059	-	0.0166	0.0657	0.0242	-0.0191	-0.0029	-0.2167	-0.0320
M269	PLA	-0.0360	-0.2756	0.2166	0.2544	0.0849	-0.2480	-0.4069
M203	-	-0.0535	0.0452	-0.0393	0.0341	-0.0104	0.1094	0.0865
M206	PER	-0.0281	-0.1889	0.1852	-0.0284	-0.0849	-0.0062	-0.0855
M304	UNI	0.0744	0.2978	-0.1394	-0.1297	-0.0012	0.0438	0.2337
M240	-	-0.1486	-0.2954	0.0940	0.0381	0.0149	0.2039	-0.1153
M006	UNI	0.2463	0.4757	-0.0798	-0.0094	-0.1692	-0.1651	0.1858
M295	PLA	-0.0805	-0.2033	0.0021	0.0979	0.0476	0.1822	-0.1137
M386	UNI	0.1150	0.5466	-0.1011	-0.0337	-0.1393	-0.0163	0.3636
M002	COM	0.1498	0.1862	-0.2067	-0.0335	-0.0871	-0.0953	0.0084
M320	COM	0.1311	0.0852	-0.0757	-0.1648	-0.0555	-0.0186	0.0837
M391	-	0.0663	0.0400	-0.0026	-0.1671	-0.1644	-0.0069	0.0233
M149	-	-0.0014	-0.0765	-0.1311	0.0095	0.0384	0.0756	-0.0708
M005	PLA	-0.1322	-0.3157	0.0173	0.1248	0.0478	0.2235	-0.2520
M223	UNI	0.1402	0.3470	-0.1864	-0.0345	-0.0131	-0.1073	0.1440
M259	PER	-0.0867	-0.1829	0.1307	-0.0400	0.0897	0.0388	0.1973
M264	COM	0.1256	-0.1386	0.0390	0.0400	-0.0273	-0.2780	-0.4272
M348	PER	-0.1518	-0.5594	0.3088	0.1204	0.0985	-0.1034	-0.3688
M024	PLA	-0.2896	-0.5202	0.1380	0.1099	0.2128	0.1353	-0.0323
M106	-	-0.0711	-0.4762	0.0946	0.0494	0.1181	-0.0648	-0.3549
M099	UNI	0.1811	0.5049	-0.3115	-0.1101	0.0067	-0.0656	0.2266
M111	-	-0.0312	0.0041	-0.0459	-0.0788	-0.0635	0.1811	0.1115
M260	UNI	0.4882	0.8798	-0.3262	-0.2857	-0.2738	-0.2274	0.1946
M101	-	0.0214	-0.0780	-0.1974	-0.0304	0.0667	0.1771	0.0120
M243	COM	0.2033	0.2461	0.0724	-0.0691	-0.0599	-0.2526	-0.0072
M292	-	-0.0230	-0.2292	0.0045	-0.0631	0.0437	0.0369	-0.0628
M338	PER	-0.2227	-0.7248	0.2073	0.0121	0.2180	-0.0433	-0.4219
M362	COM	0.2331	0.3082	0.0554	-0.0533	-0.1110	-0.3023	-0.0227
M327	PLA	-0.2327	-0.2420	0.1007	0.1958	0.0197	0.1597	0.0497
M131	-	-0.0924	-0.1751	-0.1615	0.0069	-0.0015	0.1855	-0.1394
M390	UNI	0.0899	0.3333	-0.1300	-0.1134	-0.1569	0.0666	0.2213
M373	-	0.0871	0.0312	0.0450	0.0346	-0.0140	-0.2390	-0.0511
M033	PER	-0.0459	-0.2223	0.1309	-0.0810	0.0130	-0.0289	-0.2419
M365	-	0.0581	0.1646	-0.0750	-0.0435	-0.1202	0.1147	0.1678
M254	HDR	-0.2746	-0.5140	0.0571	0.0834	0.1416	0.3386	-0.0788
M325	-	-0.0548	-0.1389	0.0642	-0.0144	-0.0186	-0.0254	-0.1398
M146	PER	-0.0516	-0.1133	0.1525	0.0815	0.1836	-0.2453	-0.0021
M103	HDR	-0.0871	-0.0910	-0.0661	-0.0357	-0.0222	0.4231	0.2891
M380	PER	-0.0759	-0.0649	0.2393	-0.0140	-0.0026	0.0305	0.0625
M317	PLA	0.0495	-0.0260	0.1272	0.0927	0.0388	-0.2445	-0.1344
M153	-	-0.0620	-0.1940	0.0475	-0.0859	0.0305	0.1486	0.1792
M265	COM	0.1843	0.1439	-0.1950	-0.2061	-0.1783	0.0299	0.0730
M029	-	0.0816	-0.0067	0.0602	-0.0409	-0.0631	0.0291	0.0167
M102	-	0.0276	0.0808	-0.1547	0.0008	-0.0494	0.1965	0.0102
M139	PER	-0.3210	-0.7306	0.3073	0.0729	0.2136	0.2703	-0.0407
M246	PER	0.0039	0.1686	0.1157	0.0092	-0.0430	-0.1821	0.1313
|M218+M288|	UNI	0.1630	0.6280	-0.1531	-0.1155	-0.1399	-0.0658	0.5139
M242	-	-0.0690	-0.0787	0.0426	0.0318	0.1205	-0.1595	0.1214
M097	-	-0.0498	-0.1231	-0.1554	-0.0426	0.1253	0.1716	0.0557
M332	PER	-0.2023	-0.4863	0.2093	0.1473	0.1717	0.0013	-0.2178
M318	PER	-0.2725	-0.7286	0.1672	0.0791	0.1912	0.0538	-0.2772
M383	UNI	0.0839	0.3852	-0.1689	-0.0112	-0.0459	0.0241	0.2443
M145	HDR	-0.1331	-0.1636	-0.0655	0.1634	0.0315	0.3239	0.0699
M217	UNI	0.2141	0.6756	-0.1407	-0.1162	-0.1419	-0.0664	0.4177
M321	PLA	-0.0308	-0.2136	-0.0616	0.1606	0.0700	-0.0743	-0.4882
M266	COM	0.1977	0.3476	-0.2649	-0.2738	-0.1256	0.1217	0.0643
M341	PLA	-0.0836	-0.0291	0.0468	0.1368	-0.0019	-0.0227	0.0171
M041	HDR	-0.0832	-0.0100	-0.0651	-0.0550	-0.0282	0.3359	0.0282
M329	PER	-0.1788	-0.8774	0.3362	0.1608	0.2115	-0.0201	-0.6444
M372	PLA	-0.0781	-0.3306	-0.1625	0.1114	0.0725	0.1741	-0.3899
M112	-	0.0084	0.0260	-0.1341	-0.0532	-0.0290	0.1182	-0.0599
M051	HDR	0.0492	0.1279	-0.1172	-0.0232	-0.1724	0.2862	0.1594
M210	-	-0.0264	0.0342	-0.0428	-0.0356	-0.0264	0.1135	0.0636
M105	-	0.0489	0.1209	-0.0948	0.0414	-0.0383	-0.0703	-0.0246
M250	PER	-0.0959	-0.0487	0.2187	0.0934	0.1088	-0.1371	-0.0129
|M036+1(N14)|	-	0.0687	0.0704	-0.1432	0.0222	0.0672	-0.1292	-0.0601
|M296+M296|	PER	-0.1098	0.0240	0.1851	0.0612	0.1011	-0.0953	0.2439
M122	UNI	0.3746	1.1317	-0.2911	-0.2672	-0.3295	-0.1274	0.8417
M314	UNI	0.1770	0.6696	-0.2518	-0.1029	-0.2098	-0.0196	0.3702
M046	COM	0.1877	0.2343	0.0593	-0.1313	-0.0698	-0.2770	0.1304
M220	PER	-0.0741	-0.1887	0.1497	0.0964	0.1447	-0.2240	-0.0971
M301	-	-0.0518	-0.2063	-0.1595	-0.0043	0.1015	0.1871	-0.0204
M069	UNI	0.3690	0.6956	-0.2291	-0.1513	-0.2920	-0.2100	-0.0062
M379	PER	-0.0014	-0.2131	0.2469	-0.0236	0.1067	-0.2861	-0.1813
|M136+M365|	PER	-0.4481	-1.1933	0.4123	0.2270	0.4207	0.0348	-0.6251
|M217+M388|	-	0.0913	-0.0233	-0.0940	0.0659	0.0068	-0.0679	-0.2302
M125	TOT	0.1054	0.4627	0.0325	-0.1169	-0.0448	-0.1479	0.5442
|M106+M288|	UNI	0.0888	0.5958	-0.0683	-0.0200	-0.1229	0.0514	0.2201
M175	-	-0.0946	-0.0616	0.1012	0.0721	-0.0354	-0.0018	0.0389
M207	HDR	0.0323	-0.0504	-0.1019	-0.0456	-0.0157	0.2485	0.0083
M110	PER	-0.0017	-0.0104	0.2233	0.0138	-0.0106	-0.2160	0.0373
M128	PER	-0.1271	-0.2310	0.2892	0.1706	0.0404	-0.2629	-0.0682
M080	HDR	-0.1609	-0.3277	0.0081	0.0883	0.0524	0.4919	0.0529
