cisi,ft_n_impressions,ft_back_type,ft_context,ft_note,ft_hub_named,wells_ids,wells_n_faces,wells_impressions,wells_dies,wells_emblem,wells_excavation_id,antiquity_no,rao_plate,rao_n_impressions,rao_obverse,rao_reverse,rao_phase,findspot,rao_note,im77_text_no,im77_sides,im77_dies,source
L-124,1,woven straw,W,small vessel closed with interwoven straw; the most recurrent seal alone,Y,2068.1,1,705-500-741-1-55-220-740-90,705-500-741-1-55-220-740-90,-,01853(T027) CLXIII-E3,1853,CLXIII-E3,1,signs,reed marks,II-III,"SRG 3, GX 10, layer 2 2'6""",,,,,FT2005 Table 1; Wells inscriptions.csv; Rao 1985 pp.325-327; FT2005 text
L-125,1,wooden boxes,W,single impression of the most recurrent seal; fingerprints over the unicorn,Y,2069.1,1,705-500-741-1-55-220-740-90,705-500-741-1-55-220-740-90,Bull1,01876(T018) CLXIII-B4,1876,CLXIII-B4,1,unicorn head + signs,plain,II-III,"SRG 3, GX 10, layer 2 2'6""",,,,,FT2005 Table 1; Wells inscriptions.csv; Rao 1985 pp.325-327; FT2005 text
L-126,1,leather sacks,W,leather sack; the most recurrent seal alone,Y,2070.1,1,705-500-741-1-55-220-740-90,705-500-741-1-55-220-740-90,Bull1,01877(T011) CLXIII-A1,1877,CLXIII-A1,1,unicorn + fire altar + signs (faint),reed mark,III,"SRG 3, GX 10, layer 2 2'6""",,,,,FT2005 Table 1; Wells inscriptions.csv; Rao 1985 pp.325-327; FT2005 text
L-127,1,undiagnostic,W,,,5388.1,1,705-500-741-1-55-220-740-90,705-500-741-1-55-220-740-90,Bull1,1850,1850,,,,,,SRG- - - -,,,,,FT2005 Table 1; Wells inscriptions.csv
L-128,1,undiagnostic,W,,,2071.1,1,705-500-741-1-55-220-740-90,705-500-741-1-55-220-740-90,-,01873(T026) CLXIII-E2,1873,CLXIII-E2,1,signs (faint),hollow reed mark,II-III,"SRG 3, GX 10, layer 3 3'4""",,,,,FT2005 Table 1; Wells inscriptions.csv; Rao 1985 pp.325-327
L-129,1,pottery,W,,,2072.1,1,705-500-741-1-55-220-740-90,705-500-741-1-55-220-740-90,-,01838(T025) CLXIII-E1,1838,CLXIII-E1,1,signs (faint),irregular,II-III,"SRG 3, GX 10, layer 3 2'9""",,,,,FT2005 Table 1; Wells inscriptions.csv; Rao 1985 pp.325-327
L-130,1,structures,W1,structures (corner recess); possible faint geometric impression on side,,2073.1,1,861-2-236,861-2-236,Bull1,01891179,1891,,,,,,-- - - -,,,,,FT2005 Table 1; Wells inscriptions.csv; FT2005 text
L-131,1,undiagnostic,W1,,,2074.1,1,861-2-236,861-2-236,-,02421,2421,,,,,,-- - - -,,,,,FT2005 Table 1; Wells inscriptions.csv
L-132,1,undiagnostic,W1,,,2075.1,1,0-226,u:0-226,-,01839(T087),1839,,,,,,-- - - -,,,,,FT2005 Table 1; Wells inscriptions.csv
L-133,1,pottery,W,,,2076.1,1,861-2,u:861-2,Bull1,01880(T015) CLXIII-B1,1880,CLXIII-B1,1,unicorn horn + signs,broad reed mark,II-III,"SRG 3, GX 10, layer 2 3'1""",,,,,FT2005 Table 1; Wells inscriptions.csv; Rao 1985 pp.325-327
L-134,1,parallel canes,W1,,,2077.1,1,617-2-240-220-233-520,617-2-240-220-233-520,-,01887(T060),1887,,,,,,-- - - -,,,,,FT2005 Table 1; Wells inscriptions.csv
L-135,1,pottery,W1,,,,0,,,,,,,,,,,,,,,,FT2005 Table 1
L-136,1,lockers,W,,,2078.1,1,617-2,617-2-240-220-233-520,Bull1,01854(T014) CLXIII-A4,1854,CLXIII-A4,1,unicorn + fire altar + signs,broad reed marks,III,"SRG 3, GX 10, layer 2 2'6""",,,,,FT2005 Table 1; Wells inscriptions.csv; Rao 1985 pp.325-327
L-137,1,pottery,W,,,2079.1,1,820-2-0-0,u:820-2-0-0,Bull1,01926(T016) CLXIII-B2,1926,CLXIII-B2,1,unicorn (partial) + signs,reed marks,II-III,"SRG 3, GX 10, layer 2 2'6""",,,,,FT2005 Table 1; Wells inscriptions.csv; Rao 1985 pp.325-327
L-138,1,structures,W1,,,2080.1,1,0-2-70-520,u:0-2-70-520,-,01841(T045),1841,,,,,,-- - - -,,7214,267 99 155 211,267-99-155-211,FT2005 Table 1; Wells inscriptions.csv; IM77 (loop24 link)
L-139,1,pottery,W1,,,2081.1,1,880-2-32-590-390,880-2-32-590-390,-,01852(T065),1852,,,,,,-- - - -,,,,,FT2005 Table 1; Wells inscriptions.csv
L-140,1,parallel canes,W,,,2082.1,1,0-0-0-740-151,u:0-0-0-740-151,Bull1,01879(T012) CLXIII-A2,1879,CLXIII-A2,1,bull with manger + signs,three deep reed marks,III,"SRG 3, GX 10, layer 2 2'6""",,7244,204 245 358 342 12,204-245-358-342-12,FT2005 Table 1; Wells inscriptions.csv; Rao 1985 pp.325-327; IM77 (loop24 link)
L-141,1,structures,O,massive polygonal lump,,2083.1,1,0-0-700-31-552-740,u:0-0-700-31-552-740,Bull1,13881(T034) CLXIV-A,13881,CLXIV-A,1,unicorn + fire altar + signs,plain (sling ball?),III,"SRG 3, J 5, layer 4 2'0""",,7280,0 249 328 86 217 342,u:0-249-328-86-217-342,FT2005 Table 1; Wells inscriptions.csv; Rao 1985 pp.325-327; IM77 (loop24 link); FT2005 text
L-142,1,wooden boxes,W,plano-convex pill; small unicorn seal; 5 fingernail tallies; braided strings,,2084.1,1,692-31-1-15-140,692-31-1-15-140,Bull1,01831(T005) CLXII-B,1831,CLXII-B,1,unicorn + fire altar + signs,deep reed and cord marks,III,"SRG 3, GX 10, layer 2 2'5""",,,,,FT2005 Table 1; Wells inscriptions.csv; Rao 1985 pp.325-327; FT2005 text
L-143,1,parallel canes,?,flat; horizontal cane/reed bundle + cord,,2085.1,1,920-60-4-220-388-740,920-60-4-220-388-740,Bull1,01878,1878,,,,,,-- - - -,,7243,293 123 104 59 327 342,293-123-104-59-327-342,FT2005 Table 1; Wells inscriptions.csv; IM77 (loop24 link); FT2005 text
L-144,1,lockers,W2,quadrangular locker with movable wooden stakes,,2086.1,1,220-0-706-320,u:220-0-706-320,Bull1,06742(T037),6742,,,,,,-- - - -,,7274,59 28 336 182,59-28-336-182,FT2005 Table 1; Wells inscriptions.csv; IM77 (loop24 link); FT2005 text
L-145,1,structures,O,structures; surface find; string (leather?) impression; removed while still plastic,,2087.1,1,550-2-415-390,550-2-415-390,Bull1,1980/5C,,,,,,,-- - - -,,,,,FT2005 Table 1; Wells inscriptions.csv; FT2005 text
L-146,1,parallel canes,O,two small canes + string + fine fabric; unicorn (cf. Umma sealing),,2088.1,1,705-33-520,705-33-520,Bull1,13191(T001) CLXI-E,13191,CLXI-E,1,unicorn horn + signs,interlacing reed-marks and textile impression,IV,"SRG 3, L 5, layer 8 0'10""",,7279,336 89 211,336-89-211,FT2005 Table 1; Wells inscriptions.csv; Rao 1985 pp.325-327; IM77 (loop24 link); FT2005 text
L-147,1,pottery,W,,,2089.1,1,0-0-31-269,u:0-0-31-269,Bull1,01998CLXIII-A3,1998,CLXIII-A3,1,unicorn + fire altar + signs,broad reed marks,III,"SRG 3, GX 10, layer 2 3'4""",,,,,FT2005 Table 1; Wells inscriptions.csv; Rao 1985 pp.325-327
L-148,1,lockers,?,"small locker, pointed peg impression",,2090.1,1,820-60-0-0,u:820-60-0-0,Bull1,02498(T074),2498,,,,,,-- - - -,,7270,391 123 65 0,u:391-123-65-0,FT2005 Table 1; Wells inscriptions.csv; IM77 (loop24 link); FT2005 text
L-149,1,lockers,?,locker on vertical plank; unicorn,,2091.1,1,0-798-0,u:0-798-0,Bull1,03466(T039),3466,,,,,,-- - - -,,,,,FT2005 Table 1; Wells inscriptions.csv; FT2005 text
L-150,2,lockers,O,,,,0,,,,,,,,,,,,,,,,FT2005 Table 1
L-151,1,other types,?,thin square sheet on a soft material; worn unicorn seal 2.5 cm,,,0,,,,,,,,,,,,,,,,FT2005 Table 1; FT2005 text
L-152,1,pegs-on-wall,W2,,,,0,,,,,,,,,,,,,,,,FT2005 Table 1
L-153,1,undiagnostic,?,,,2092.1,1,838,u:838,Bull1,03282CLXIII-B3,3282,CLXIII-B3,1,unicorn head (partial) + signs,stick mark,IV,"SRG 2, E 2, layer 4 2'0""",,,,,FT2005 Table 1; Wells inscriptions.csv; Rao 1985 pp.325-327
L-154,1,pegs-on-wall,W2,"peg-on-wall, stepped peg; flattened rope",,,0,,,,,,,,,,,,,,,,FT2005 Table 1; FT2005 text
L-155,1,pegs-on-wall,?,,,,0,,,,,,,,,,,,,,,,FT2005 Table 1
L-156,2,undiagnostic,?,,,,0,,,,,,,,,,,,,,,,FT2005 Table 1
L-157,1,pegs-on-wall,W2,,,,0,,,,,,,,,,,,,,,,FT2005 Table 1
L-158,1,lockers,W,locker; single well-centred impression,,,0,,,,,,,,,,,,,,,,FT2005 Table 1; FT2005 text
L-159,1,pottery,W,,,,0,,,,,,,,,,,,,,,,FT2005 Table 1
L-160,1,undiagnostic,W,,,,0,,,,,,,,,,,,,,,,FT2005 Table 1
L-161,1,wooden boxes,W,elephant seal (single impression); knotted strings on polished wooden box; fingernail tallies,,2093.1,1,817-2-48-740,817-2-48-740,Elep,01830(T002) CLXI-F,1830,CLXI-F,1,elephant walking + signs,groove,II-III,"SRG 3, GX 10, warehouse, layer 2 2'0""",,,,,FT2005 Table 1; Wells inscriptions.csv; Rao 1985 pp.325-327; FT2005 text
L-162,1,wooden boxes,W,elephant seal (single impression); knotted strings on polished wooden box; fingernail tallies,,2094.1,1,817-2-48-740,817-2-48-740,Elep,01836(T062 ?) ,1836,,,,,,-- - - -,,,,,FT2005 Table 1; Wells inscriptions.csv; FT2005 text
L-163,1,wooden boxes,W,elephant seal (single impression); knotted strings on polished wooden box; strings round the edge; fingernail tallies,,2095.1,1,817-2-48-740,817-2-48-740,Elep,01861(T057),1861,,,,,,-- - - -,,,,,FT2005 Table 1; Wells inscriptions.csv; FT2005 text
L-164,1,wooden boxes,W,elephant seal (single impression); knotted strings on polished wooden box; fingernail tallies,,2096.1,1,817-2-48-740,817-2-48-740,Elep,01864(T055),1864,,,,,,-- - - -,,,,,FT2005 Table 1; Wells inscriptions.csv; FT2005 text
L-165,1,wooden boxes,W,elephant seal (single impression); knotted strings on polished wooden box; no fingernail tallies,,2097.1,1,817-2-48-740,817-2-48-740,Elep,01759(T084),1759,,,,,,-- - - -,,,,,FT2005 Table 1; Wells inscriptions.csv; FT2005 text
L-166,1,wooden boxes,W,elephant seal (single impression); knotted strings on polished wooden box; fingernail tallies,,2098.1,1,817-2-48-740,817-2-48-740,Elep,01831,1831,,,,,,-- - - -,"antiquity no. 1831 = Rao plate CLXII-B, already the plate of L-142 (Wells id clash; not joined)",,,,FT2005 Table 1; Wells inscriptions.csv; FT2005 text
L-167,1,wooden boxes,W,elephant seal (single impression); knotted strings on polished wooden box; strings round the edge; fingernail tallies,,2099.1,1,817-2-48-740,817-2-48-740,Elep,01865(T063),1865,,,,,,-- - - -,,,,,FT2005 Table 1; Wells inscriptions.csv; FT2005 text
L-168,1,wooden boxes,W,elephant seal (single impression); knotted strings on polished wooden box; fingernail tallies,,2100.1,1,817-2-48-740,817-2-48-740,Elep,01868(T052),1868,,,,,,-- - - -,,,,,FT2005 Table 1; Wells inscriptions.csv; FT2005 text
L-169,1,wooden boxes,W,elephant seal (single impression); knotted strings on polished wooden box; fingernail tallies,,2101.1,1,817-2-48-740,817-2-48-740,Elep,01869(T054),1869,,,,,,-- - - -,,,,,FT2005 Table 1; Wells inscriptions.csv; FT2005 text
L-170,1,wooden boxes,W,elephant seal (single impression); knotted strings on polished wooden box; no fingernail tallies,,2102.1,1,817-2-48-740,817-2-48-740,Elep,01863(T56),1863,,,,,,-- - - -,,,,,FT2005 Table 1; Wells inscriptions.csv; FT2005 text
L-171,1,wooden boxes,W,elephant seal (single impression); knotted strings on polished wooden box; fingernail tallies,,,0,,,,,,,,,,,,,,,,FT2005 Table 1; FT2005 text
L-172,1,wooden boxes,W,elephant seal (single impression); knotted strings on polished wooden box; fingernail tallies,,,0,,,,,,,,,,,,,,,,FT2005 Table 1; FT2005 text
L-173,1,pegs-on-wall,W,"peg-on-wall; geometric seal, labyrinth cross-like motif",,,0,,,,,,CLXII-F,1,Maltese cross in geometric frame,reed mark,IV,"SRG 2, GX 10, unstratified 3'4""",plate assigned from FT description,,,,FT2005 Table 1; Rao 1985 pp.325-327; FT2005 text
L-174,1,pottery,O,outside warehouse; rim of small vessel (12 cm); 2 impressions of one geometric swastika-like seal,,,0,,,,,,CLXII-A1,2 (same seal),swastika (multiple lines),plain,III,"SRG 2, B 6, layer 11 5'6""",plate assigned from FT description,,,,FT2005 Table 1; Rao 1985 pp.325-327; FT2005 text
L-175,1,pegs-on-wall,W,"peg-on-wall; square geometric seal, grid pattern (cf. RJ-2 DA 8546)",,,0,,,,,,CLXII-A2,1,compartmental geometric design,deep reed-mark,III,"SRG 3, GX 10, layer 2 2'5""",plate assigned from FT description,,,,FT2005 Table 1; Rao 1985 pp.325-327; FT2005 text
L-176,1,pottery,W2,,,5507.1,1,0-32-0,u:0-32-0,-,01843,1843,,,,,,-- - - -,,,,,FT2005 Table 1; Wells inscriptions.csv
L-177,1,pottery,W2,,,5508.1,1,32-700-0,u:32-700-0,-,01844,1844,,,,,,-- - - -,,,,,FT2005 Table 1; Wells inscriptions.csv
L-178,1,undiagnostic,?,,,,0,,,,,,,,,,,,,,,,FT2005 Table 1
L-179,1,pegs-on-wall,W2,"peg-on-wall (stone peg in wooden surface), 2 badly preserved impressions",,2103.1,1,0-0-740,u:0-0-740,-,01885(T069),1885,,,,,,-- - - -,,,,,FT2005 Table 1; Wells inscriptions.csv; FT2005 text
L-180,1,parallel canes,W2,,,2104.1,1,0-140-100-740,u:0-140-100-740,-,01874(T089),1874,,,,,,-- - - -,,7240,100 17 8 342,100-17-8-342,FT2005 Table 1; Wells inscriptions.csv; IM77 (loop24 link)
L-181,1,pottery,?,,,2105.1,1,0-415-226,u:0-415-226,-,01876B4302,1876,,,,,,-- - - -,"antiquity no. 1876 = Rao plate CLXIII-B4, already the plate of L-125 (Wells id clash; not joined)",7273,0 171 60,u:0-171-60,FT2005 Table 1; Wells inscriptions.csv; IM77 (loop24 link)
L-182,1,undiagnostic,?,,,2106.1,1,700-899-617,700-899-617,-,01872(T049),1872,,,,,,-- - - -,,,,,FT2005 Table 1; Wells inscriptions.csv
L-183,1,undiagnostic,?,,,2107.1,1,2-705-717,2-705-717,-,03746(T091),3746,,,,,,-- - - -,,,,,FT2005 Table 1; Wells inscriptions.csv
L-184,1,undiagnostic,?,,,2108.1,1,740-151,u:740-151,-,01872,1872,,,,,,-- - - -,,,,,FT2005 Table 1; Wells inscriptions.csv
L-185,1,undiagnostic,?,,,,0,,,,,,,,,,,,,,,,FT2005 Table 1
L-186,1,pottery,W1,,,,0,,,,,,,,,,,,,,,,FT2005 Table 1
L-187,1,pottery,?,,,2109.1,1,837,u:837,-,01834,1834,,,,,,-- - - -,,,,,FT2005 Table 1; Wells inscriptions.csv
L-188,3,pottery,?,,,2110.1;2110.2;2110.3,3,0-740 | 0-520 | 0-33,u:0-740 | u:0-520 | u:0-33,-,03694(T022) CLXIII-D1,3694,CLXIII-D1,3 (Rao: of a seal),signs,deep reed marks,III,"SRG 2, B 1y, layer 3 1'8""",,,,,FT2005 Table 1; Wells inscriptions.csv; Rao 1985 pp.325-327
L-189,4,structures,W,structures; 4 seals on 2 faces: 3 unicorns + 1 gaur; the 3 seals of L-190 recur here,Y,2111.1;2111.2,2,0-220-740-90 | 0-0-0,705-500-741-1-55-220-740-90 | illegible,-,01895CLXIII-F,1895,CLXIII-F,4 (seals),signs,deep reed mark,II-III,"SRG 3, GX 10, layer 3 3'4""",,,,,FT2005 Table 1; Wells inscriptions.csv; Rao 1985 pp.325-327; FT2005 text
L-190,3,structures,W,"structures (between two parallel sticks); >= 3 different seals, the same 3 as on L-189; gaur impression",Y,2112.1;2112.2;2112.3,3,705-500-741-1-55-220-740-90 | 317-920-2-0-0-0 | 880,705-500-741-1-55-220-740-90 | u:317-920-2-0-0-0 | u:880,-,01870(T029) CLXIV-E2,1870,CLXIV-E2,3,signs + head of bull,deep reed marks,II-III,"SRG 3, GX 10, layer 3 3'4""",,,,,FT2005 Table 1; Wells inscriptions.csv; Rao 1985 pp.325-327; FT2005 text
L-191,2,structures,W1,gaur impression,,2113.1;2113.2,2,705-500-741-1-55-220-740-90 | 861-2-235,705-500-741-1-55-220-740-90 | 861-2-235,-,01884(T066),1884,,,,,,-- - - -,,,,,FT2005 Table 1; Wells inscriptions.csv; FT2005 text
L-192,2,pegs-on-wall,W1,,,2114.1,1,0-892-0-0,u:0-892-0-0,Bull1,01857,1857,,,,,,-- - - -,,,,,FT2005 Table 1; Wells inscriptions.csv
L-193,3,structures,W,structures/lock: 3 superimposed impressions; with the most recurrent seal,Y,2115.1;2115.2;2115.3,3,705-500-741-1-55-220-740-90 | 0 | 70-125,705-500-741-1-55-220-740-90 | illegible | u:70-125,Bull1,01888(T008) CLXII-E,1888,CLXII-E,3 (Rao: of a seal),unicorn + fire altar + signs,deep reed-mark,III,"SRG 3, GX 10, layer 2 3'4""",,,,,FT2005 Table 1; Wells inscriptions.csv; Rao 1985 pp.325-327; FT2005 text
L-194,2,pottery,W1,,,,0,,,,,,,,,,,,,,,,FT2005 Table 1
L-195,2,pottery,W1,pottery; with the most recurrent seal,Y,,0,,,,,,,,,,,,,,,,FT2005 Table 1; FT2005 text
L-196,2,pottery,W,,,2116.1;2116.2,2,0-2-32-590-390 | 861-2,880-2-32-590-390 | u:861-2,-,01883(T024) CLXIII-D3,1883,CLXIII-D3,2 (Rao: of a seal),signs,reed mark,III,"SRG 3, GX 10, layer 2 2'6""",,,,,FT2005 Table 1; Wells inscriptions.csv; Rao 1985 pp.325-327
L-197,2,pottery,W1,pottery; with the most recurrent seal,Y,2117.1;2117.2,2,705-500-741-1-55-220-740-90 | 0-32-0-0,705-500-741-1-55-220-740-90 | u:0-32-0-0,-,01871(T051),1871,,,,,,-- - - -,,,,,FT2005 Table 1; Wells inscriptions.csv; FT2005 text
L-198,2,structures,W1,structures or locker; 2 superimposed impressions; with the most recurrent seal,Y,2118.1;2118.2,2,0-0-55 | 0-2-32-590-390-740,u:0-0-55 | 880-2-32-590-390,-,01842(T042),1842,,,,,,-- - - -,,,,,FT2005 Table 1; Wells inscriptions.csv; FT2005 text
L-199,2,undiagnostic,W1,,,2119.1,1,0-2-240-220-0,617-2-240-220-233-520,-,01882,1882,,,,,,-- - - -,,,,,FT2005 Table 1; Wells inscriptions.csv
L-200,2,pottery,W1,,,2120.1;2120.2,2,617-220-0-0 | 0-0-0,u:617-220-0-0 | illegible,-,01847(T053),1847,,,,,,-- - - -,,,,,FT2005 Table 1; Wells inscriptions.csv
L-201,2,undiagnostic,W1,,,2121.1,1,0-0-240-0,u:0-0-240-0,-,02059(T085),2059,,,,,,-- - - -,,7246,0 67 72 211,150-123-67-72-211,FT2005 Table 1; Wells inscriptions.csv; IM77 (loop24 link)
L-202,2,undiagnostic,W1,,,2122.1;2122.2,2,220-590-390-0 | 861-2-236,u:220-590-390-0 | 861-2-236,-,02228(T081),2228,,,,,,-- - - -,,,,,FT2005 Table 1; Wells inscriptions.csv
L-203,2,undiagnostic,W2,,,,0,,,,,,,,,,,,,,,,FT2005 Table 1
L-204,2,on wicker,?,wicker lid; 2 impressions (of the same large unicorn seal?),,2123.1,1,0-575-0,u:0-575-0,Bull,08737,8737,,,,,,-- - - -,,7275,0 197 252,u:0-197-252,FT2005 Table 1; Wells inscriptions.csv; IM77 (loop24 link); FT2005 text
L-205,2,undiagnostic,O,,,2124.1;2124.2,2,0-760-740 | 0-2-803-798-740,u:0-760-740 | u:0-2-803-798-740,None,05242(T023) CLXIII-D2,5242,CLXIII-D2,2 (Rao: of a seal),signs,deep reed marks,III,"SRG 2, E 2, layer 6 3'0""",,7211,0 258 347 342,186-293-99-258-347-342,FT2005 Table 1; Wells inscriptions.csv; Rao 1985 pp.325-327; IM77 (loop24 link)
L-206,2,pegs-on-wall,W,"peg-on-wall, 2 impressions; with the most recurrent seal (p.84)",Y,2125.1,1,705-500-741-1-55-220-740-90,705-500-741-1-55-220-740-90,-,02077(T009) CLXII-D,2077,CLXII-D,2 (two seals),signs (faint),reed-mark,III,"SRG 3, GX 10, layer 2 3'4""",,,,,FT2005 Table 1; Wells inscriptions.csv; Rao 1985 pp.325-327; FT2005 text
L-207,2,structures,W,massive polygonal lump,,2126.1,1,820-2-482-740,820-2-482-740,Bull1,14366(T006) CLXII-C1,14366,CLXII-C1,2 (same seal),unicorn + fire altar + sign,hollow depression,III,"unstratified, GX 10, layer 2 2'5""",,7281,0 | 391 0 135 342,u:0 | u:391-0-135-342,FT2005 Table 1; Wells inscriptions.csv; Rao 1985 pp.325-327; IM77 (loop24 link); FT2005 text
L-208,2,on single rope,O,directly on a rope; >= 2 overlapped impressions; outside warehouse,,2127.1;2127.2,2,0-2-0 | 820-2-220-234,u:0-2-0 | 820-2-220-234,-,03694,3694,,,,,,-- - - -,"antiquity no. 3694 = Rao plate CLXIII-D1, already the plate of L-188 (Wells id clash; not joined)",,,,FT2005 Table 1; Wells inscriptions.csv; FT2005 text
L-209,2,lockers,W2,crescent lump; 2 parallel impressions of one inscribed miniature framed tablet (not a seal),,,0,,,,,,,,,,,,,,,,FT2005 Table 1; FT2005 text
L-210,2,lockers,O,,,2128.1;2128.2,2,406-0-0-104 | 0-0-904-740,u:406-0-0-104 | u:0-0-904-740,Bull1,00722(T007) CLXII-C2,722,CLXII-C2,2 (same seal),unicorn + fire altar + signs,reed-mark,III,"SRG 2, B 2, layer 3 1'8""",,,,,FT2005 Table 1; Wells inscriptions.csv; Rao 1985 pp.325-327
L-211,3,wooden boxes,?,3 overlapped impressions (only inscriptions kept visible); knotted strings at corner of polished wooden box,,2129.1;2129.2;2129.3,3,0-231-100-740 | 0-2-220-233-388-740 | 0-240-335-760-740,u:0-231-100-740 | u:0-2-220-233-388-740 | u:0-240-335-760-740,Bull,08767,8767,,,,,,-- - - -,,,,,FT2005 Table 1; Wells inscriptions.csv; FT2005 text
L-212,2,pottery,W2,,,2130.1,1,520-269-0-0-798-0,u:520-269-0-0-798-0,-,01928(T076),1928,,,,,,-- - - -,,7261,17 81 99 121 53 342,17-81-99-121-53-342,FT2005 Table 1; Wells inscriptions.csv; IM77 (loop24 link)
L-213,2,lockers,?,,,2131.1,1,900-840-368-2-220,900-840-368-2-220,-,01882(T088),1882,,,,,,-- - - -,,,,,FT2005 Table 1; Wells inscriptions.csv
L-214,2,pottery,?,,,,0,,,,,,,,,,,,,,,,FT2005 Table 1
L-215,5,leather sacks,O,,,,0,,,,,,CLXIII-G,5 (seals),"signs (faint), recessed square all round",plain,IV,surface collection,plate assigned from FT description,,,,FT2005 Table 1; Rao 1985 pp.325-327
L-216,2,undiagnostic,O,,,2132.1,1,0-235-255-0,u:0-235-255-0,-,16912(T036) CLXIV-F2,16912,CLXIV-F2,1,signs,irregular; unbaked,III,"SRG 3, surface find",,,,,FT2005 Table 1; Wells inscriptions.csv; Rao 1985 pp.325-327
W1982,,,,,,1982.1;1982.2,2,0-740-0 | 0-0-0,u:0-740-0 | illegible,-,01845CLXIV-E1,1845,CLXIV-E1,5 on two facets,"signs in four impressions, unicorn horn in one",cord and reed marks,III,"SRG 3, GX 10",,,,,Wells inscriptions.csv; Rao 1985 pp.325-327
L-218,,,,,,2134.1,1,111-590-317,111-590-317,Bull1,00800(T032) CLXIV-C,800,CLXIV-C,1,unicorn + signs; textile impression on obverse,"flat, use-marks",III,"SRG 2, A 1, pit sealed by layer 9 4'6""",,7202,32 249 186,32-249-186,Wells inscriptions.csv; Rao 1985 pp.325-327; IM77 (loop24 link)
L-219,,,,,,2135.1,1,575-223-1-32-226-233,575-223-1-32-226-233,Bull1,15348(T035) CLXIV-F1,15348,CLXIV-F1,1,unicorn horn + signs (faint),flat,IV,"SRG 2, surface find",,,,,Wells inscriptions.csv; Rao 1985 pp.325-327
L-220,,,,,,2136.1,1,861-13-100,861-13-100,CompBull,13051(T031) CLXIV-B,13051,CLXIV-B,1,composite animal + signs,flat pitted surface,III,"SRG 2, BX 4, layer 2 1'9""",,,,,Wells inscriptions.csv; Rao 1985 pp.325-327
