source,site,phase,approx_date_BC,mark_id,shape,signs_W,confidence_per_sign,n_marks,firing,publication,page_or_figure,url,notes
Q80,Mehrgarh,MR V-VI,3200,q01,one vertical stroke,31,B,3,pre-firing,"Quivron, G. 1980. Les marques incisees sur les poteries de Mehrgarh au Baluchistan. Paleorient 6: 269-280","Tableau 4, p. 277",https://www.persee.fr/doc/paleo_0153-9345_1980_num_6_1_4281 (page image renderPage .../T1_0277_0000_1200.jpg),tall/short height not recorded; W31 (tall 1) or W1
Q80,Mehrgarh,MR VI,3100,q01,one vertical stroke,31,B,1,pre-firing,"Quivron, G. 1980. Les marques incisees sur les poteries de Mehrgarh au Baluchistan. Paleorient 6: 269-280","Tableau 4, p. 277",https://www.persee.fr/doc/paleo_0153-9345_1980_num_6_1_4281 (page image renderPage .../T1_0277_0000_1200.jpg),tall/short height not recorded; W31 (tall 1) or W1
Q80,Mehrgarh,MR VI-VII,2900,q01,one vertical stroke,31,B,3,pre-firing,"Quivron, G. 1980. Les marques incisees sur les poteries de Mehrgarh au Baluchistan. Paleorient 6: 269-280","Tableau 4, p. 277",https://www.persee.fr/doc/paleo_0153-9345_1980_num_6_1_4281 (page image renderPage .../T1_0277_0000_1200.jpg),tall/short height not recorded; W31 (tall 1) or W1
Q80,Mehrgarh,MR VII,2800-2500,q01,one vertical stroke,31,B,18,pre-firing,"Quivron, G. 1980. Les marques incisees sur les poteries de Mehrgarh au Baluchistan. Paleorient 6: 269-280","Tableau 4, p. 277",https://www.persee.fr/doc/paleo_0153-9345_1980_num_6_1_4281 (page image renderPage .../T1_0277_0000_1200.jpg),tall/short height not recorded; W31 (tall 1) or W1
Q80,Mehrgarh,MR VII,2800-2500,q02,one horizontal stroke,non-Wells,-,22,pre-firing,"Quivron, G. 1980. Les marques incisees sur les poteries de Mehrgarh au Baluchistan. Paleorient 6: 269-280","Tableau 4, p. 277",https://www.persee.fr/doc/paleo_0153-9345_1980_num_6_1_4281 (page image renderPage .../T1_0277_0000_1200.jpg),no horizontal-bar sign in Wells
Q80,Mehrgarh,MR IV,3500,q03,two vertical strokes,32,B,1,pre-firing,"Quivron, G. 1980. Les marques incisees sur les poteries de Mehrgarh au Baluchistan. Paleorient 6: 269-280","Tableau 4, p. 277",https://www.persee.fr/doc/paleo_0153-9345_1980_num_6_1_4281 (page image renderPage .../T1_0277_0000_1200.jpg),W32 (tall 2) or W2
Q80,Mehrgarh,MR V-VI,3200,q03,two vertical strokes,32,B,1,pre-firing,"Quivron, G. 1980. Les marques incisees sur les poteries de Mehrgarh au Baluchistan. Paleorient 6: 269-280","Tableau 4, p. 277",https://www.persee.fr/doc/paleo_0153-9345_1980_num_6_1_4281 (page image renderPage .../T1_0277_0000_1200.jpg),W32 (tall 2) or W2
Q80,Mehrgarh,MR VI,3100,q03,two vertical strokes,32,B,2,pre-firing,"Quivron, G. 1980. Les marques incisees sur les poteries de Mehrgarh au Baluchistan. Paleorient 6: 269-280","Tableau 4, p. 277",https://www.persee.fr/doc/paleo_0153-9345_1980_num_6_1_4281 (page image renderPage .../T1_0277_0000_1200.jpg),W32 (tall 2) or W2
Q80,Mehrgarh,MR VI-VII,2900,q03,two vertical strokes,32,B,6,pre-firing,"Quivron, G. 1980. Les marques incisees sur les poteries de Mehrgarh au Baluchistan. Paleorient 6: 269-280","Tableau 4, p. 277",https://www.persee.fr/doc/paleo_0153-9345_1980_num_6_1_4281 (page image renderPage .../T1_0277_0000_1200.jpg),W32 (tall 2) or W2
Q80,Mehrgarh,MR VII,2800-2500,q03,two vertical strokes,32,B,58,pre-firing,"Quivron, G. 1980. Les marques incisees sur les poteries de Mehrgarh au Baluchistan. Paleorient 6: 269-280","Tableau 4, p. 277",https://www.persee.fr/doc/paleo_0153-9345_1980_num_6_1_4281 (page image renderPage .../T1_0277_0000_1200.jpg),W32 (tall 2) or W2
Q80,Mehrgarh,MR VII,2800-2500,q04,two horizontal strokes,non-Wells,-,6,pre-firing,"Quivron, G. 1980. Les marques incisees sur les poteries de Mehrgarh au Baluchistan. Paleorient 6: 269-280","Tableau 4, p. 277",https://www.persee.fr/doc/paleo_0153-9345_1980_num_6_1_4281 (page image renderPage .../T1_0277_0000_1200.jpg),
Q80,Mehrgarh,MR VI-VII,2900,q05,stroke with short tick at top,non-Wells,-,1,pre-firing,"Quivron, G. 1980. Les marques incisees sur les poteries de Mehrgarh au Baluchistan. Paleorient 6: 269-280","Tableau 4, p. 277",https://www.persee.fr/doc/paleo_0153-9345_1980_num_6_1_4281 (page image renderPage .../T1_0277_0000_1200.jpg),
Q80,Mehrgarh,MR VII,2800-2500,q06,stroke with two bars at top,non-Wells,-,1,pre-firing,"Quivron, G. 1980. Les marques incisees sur les poteries de Mehrgarh au Baluchistan. Paleorient 6: 269-280","Tableau 4, p. 277",https://www.persee.fr/doc/paleo_0153-9345_1980_num_6_1_4281 (page image renderPage .../T1_0277_0000_1200.jpg),W400 comb family only if teeth are read as bars
Q80,Mehrgarh,MR IV,3500,q07,three vertical strokes,33,B,2,pre-firing,"Quivron, G. 1980. Les marques incisees sur les poteries de Mehrgarh au Baluchistan. Paleorient 6: 269-280","Tableau 4, p. 277",https://www.persee.fr/doc/paleo_0153-9345_1980_num_6_1_4281 (page image renderPage .../T1_0277_0000_1200.jpg),W33 (tall 3) or W3
Q80,Mehrgarh,MR V,3300,q07,three vertical strokes,33,B,3,pre-firing,"Quivron, G. 1980. Les marques incisees sur les poteries de Mehrgarh au Baluchistan. Paleorient 6: 269-280","Tableau 4, p. 277",https://www.persee.fr/doc/paleo_0153-9345_1980_num_6_1_4281 (page image renderPage .../T1_0277_0000_1200.jpg),W33 (tall 3) or W3
Q80,Mehrgarh,MR V-VI,3200,q07,three vertical strokes,33,B,8,pre-firing,"Quivron, G. 1980. Les marques incisees sur les poteries de Mehrgarh au Baluchistan. Paleorient 6: 269-280","Tableau 4, p. 277",https://www.persee.fr/doc/paleo_0153-9345_1980_num_6_1_4281 (page image renderPage .../T1_0277_0000_1200.jpg),W33 (tall 3) or W3
Q80,Mehrgarh,MR VI,3100,q07,three vertical strokes,33,B,7,pre-firing,"Quivron, G. 1980. Les marques incisees sur les poteries de Mehrgarh au Baluchistan. Paleorient 6: 269-280","Tableau 4, p. 277",https://www.persee.fr/doc/paleo_0153-9345_1980_num_6_1_4281 (page image renderPage .../T1_0277_0000_1200.jpg),W33 (tall 3) or W3
Q80,Mehrgarh,MR VI-VII,2900,q07,three vertical strokes,33,B,32,pre-firing,"Quivron, G. 1980. Les marques incisees sur les poteries de Mehrgarh au Baluchistan. Paleorient 6: 269-280","Tableau 4, p. 277",https://www.persee.fr/doc/paleo_0153-9345_1980_num_6_1_4281 (page image renderPage .../T1_0277_0000_1200.jpg),W33 (tall 3) or W3
Q80,Mehrgarh,MR VII,2800-2500,q07,three vertical strokes,33,B,67,pre-firing,"Quivron, G. 1980. Les marques incisees sur les poteries de Mehrgarh au Baluchistan. Paleorient 6: 269-280","Tableau 4, p. 277",https://www.persee.fr/doc/paleo_0153-9345_1980_num_6_1_4281 (page image renderPage .../T1_0277_0000_1200.jpg),W33 (tall 3) or W3
Q80,Mehrgarh,MR V-VI,3200,q08,three strokes converging at base,33,C,1,pre-firing,"Quivron, G. 1980. Les marques incisees sur les poteries de Mehrgarh au Baluchistan. Paleorient 6: 269-280","Tableau 4, p. 277",https://www.persee.fr/doc/paleo_0153-9345_1980_num_6_1_4281 (page image renderPage .../T1_0277_0000_1200.jpg),fan of three; counted as 3-stroke numeral
Q80,Mehrgarh,MR VI,3100,q08,three strokes converging at base,33,C,10,pre-firing,"Quivron, G. 1980. Les marques incisees sur les poteries de Mehrgarh au Baluchistan. Paleorient 6: 269-280","Tableau 4, p. 277",https://www.persee.fr/doc/paleo_0153-9345_1980_num_6_1_4281 (page image renderPage .../T1_0277_0000_1200.jpg),fan of three; counted as 3-stroke numeral
Q80,Mehrgarh,MR VI-VII,2900,q08,three strokes converging at base,33,C,10,pre-firing,"Quivron, G. 1980. Les marques incisees sur les poteries de Mehrgarh au Baluchistan. Paleorient 6: 269-280","Tableau 4, p. 277",https://www.persee.fr/doc/paleo_0153-9345_1980_num_6_1_4281 (page image renderPage .../T1_0277_0000_1200.jpg),fan of three; counted as 3-stroke numeral
Q80,Mehrgarh,MR VII,2800-2500,q08,three strokes converging at base,33,C,6,pre-firing,"Quivron, G. 1980. Les marques incisees sur les poteries de Mehrgarh au Baluchistan. Paleorient 6: 269-280","Tableau 4, p. 277",https://www.persee.fr/doc/paleo_0153-9345_1980_num_6_1_4281 (page image renderPage .../T1_0277_0000_1200.jpg),fan of three; counted as 3-stroke numeral
Q80,Mehrgarh,MR VI-VII,2900,q09,four vertical strokes,34,B,1,pre-firing,"Quivron, G. 1980. Les marques incisees sur les poteries de Mehrgarh au Baluchistan. Paleorient 6: 269-280","Tableau 4, p. 277",https://www.persee.fr/doc/paleo_0153-9345_1980_num_6_1_4281 (page image renderPage .../T1_0277_0000_1200.jpg),
Q80,Mehrgarh,MR VII,2800-2500,q09,four vertical strokes,34,B,15,pre-firing,"Quivron, G. 1980. Les marques incisees sur les poteries de Mehrgarh au Baluchistan. Paleorient 6: 269-280","Tableau 4, p. 277",https://www.persee.fr/doc/paleo_0153-9345_1980_num_6_1_4281 (page image renderPage .../T1_0277_0000_1200.jpg),
Q80,Mehrgarh,MR VII,2800-2500,q10,six vertical strokes,36,B,1,pre-firing,"Quivron, G. 1980. Les marques incisees sur les poteries de Mehrgarh au Baluchistan. Paleorient 6: 269-280","Tableau 4, p. 277",https://www.persee.fr/doc/paleo_0153-9345_1980_num_6_1_4281 (page image renderPage .../T1_0277_0000_1200.jpg),
Q80,Mehrgarh,MR VII,2800-2500,q11,stroke with top bar and side bars,non-Wells,-,1,pre-firing,"Quivron, G. 1980. Les marques incisees sur les poteries de Mehrgarh au Baluchistan. Paleorient 6: 269-280","Tableau 4, p. 277",https://www.persee.fr/doc/paleo_0153-9345_1980_num_6_1_4281 (page image renderPage .../T1_0277_0000_1200.jpg),
Q80,Mehrgarh,MR VII,2800-2500,q12,stroke with many short hatches,413,C,1,pre-firing,"Quivron, G. 1980. Les marques incisees sur les poteries de Mehrgarh au Baluchistan. Paleorient 6: 269-280","Tableau 4, p. 277",https://www.persee.fr/doc/paleo_0153-9345_1980_num_6_1_4281 (page image renderPage .../T1_0277_0000_1200.jpg),W413 hatched stem
Q80,Mehrgarh,MR VI,3100,q13,one arc,899,B,1,pre-firing,"Quivron, G. 1980. Les marques incisees sur les poteries de Mehrgarh au Baluchistan. Paleorient 6: 269-280","Tableau 4, p. 277",https://www.persee.fr/doc/paleo_0153-9345_1980_num_6_1_4281 (page image renderPage .../T1_0277_0000_1200.jpg),W899/900 single arc
Q80,Mehrgarh,MR VI-VII,2900,q13,one arc,899,B,5,pre-firing,"Quivron, G. 1980. Les marques incisees sur les poteries de Mehrgarh au Baluchistan. Paleorient 6: 269-280","Tableau 4, p. 277",https://www.persee.fr/doc/paleo_0153-9345_1980_num_6_1_4281 (page image renderPage .../T1_0277_0000_1200.jpg),W899/900 single arc
Q80,Mehrgarh,MR VII,2800-2500,q13,one arc,899,B,43,pre-firing,"Quivron, G. 1980. Les marques incisees sur les poteries de Mehrgarh au Baluchistan. Paleorient 6: 269-280","Tableau 4, p. 277",https://www.persee.fr/doc/paleo_0153-9345_1980_num_6_1_4281 (page image renderPage .../T1_0277_0000_1200.jpg),W899/900 single arc
Q80,Mehrgarh,MR IV,3500,q14,two nested arcs,904,B,1,pre-firing,"Quivron, G. 1980. Les marques incisees sur les poteries de Mehrgarh au Baluchistan. Paleorient 6: 269-280","Tableau 4, p. 277",https://www.persee.fr/doc/paleo_0153-9345_1980_num_6_1_4281 (page image renderPage .../T1_0277_0000_1200.jpg),W904/905 double arc
Q80,Mehrgarh,MR V-VI,3200,q14,two nested arcs,904,B,7,pre-firing,"Quivron, G. 1980. Les marques incisees sur les poteries de Mehrgarh au Baluchistan. Paleorient 6: 269-280","Tableau 4, p. 277",https://www.persee.fr/doc/paleo_0153-9345_1980_num_6_1_4281 (page image renderPage .../T1_0277_0000_1200.jpg),W904/905 double arc
Q80,Mehrgarh,MR VI,3100,q14,two nested arcs,904,B,4,pre-firing,"Quivron, G. 1980. Les marques incisees sur les poteries de Mehrgarh au Baluchistan. Paleorient 6: 269-280","Tableau 4, p. 277",https://www.persee.fr/doc/paleo_0153-9345_1980_num_6_1_4281 (page image renderPage .../T1_0277_0000_1200.jpg),W904/905 double arc
Q80,Mehrgarh,MR VI-VII,2900,q14,two nested arcs,904,B,7,pre-firing,"Quivron, G. 1980. Les marques incisees sur les poteries de Mehrgarh au Baluchistan. Paleorient 6: 269-280","Tableau 4, p. 277",https://www.persee.fr/doc/paleo_0153-9345_1980_num_6_1_4281 (page image renderPage .../T1_0277_0000_1200.jpg),W904/905 double arc
Q80,Mehrgarh,MR VII,2800-2500,q14,two nested arcs,904,B,42,pre-firing,"Quivron, G. 1980. Les marques incisees sur les poteries de Mehrgarh au Baluchistan. Paleorient 6: 269-280","Tableau 4, p. 277",https://www.persee.fr/doc/paleo_0153-9345_1980_num_6_1_4281 (page image renderPage .../T1_0277_0000_1200.jpg),W904/905 double arc
Q80,Mehrgarh,MR IV,3500,q15,three nested arcs,908,B,2,pre-firing,"Quivron, G. 1980. Les marques incisees sur les poteries de Mehrgarh au Baluchistan. Paleorient 6: 269-280","Tableau 4, p. 277",https://www.persee.fr/doc/paleo_0153-9345_1980_num_6_1_4281 (page image renderPage .../T1_0277_0000_1200.jpg),
Q80,Mehrgarh,MR VI,3100,q15,three nested arcs,908,B,1,pre-firing,"Quivron, G. 1980. Les marques incisees sur les poteries de Mehrgarh au Baluchistan. Paleorient 6: 269-280","Tableau 4, p. 277",https://www.persee.fr/doc/paleo_0153-9345_1980_num_6_1_4281 (page image renderPage .../T1_0277_0000_1200.jpg),
Q80,Mehrgarh,MR VI-VII,2900,q15,three nested arcs,908,B,6,pre-firing,"Quivron, G. 1980. Les marques incisees sur les poteries de Mehrgarh au Baluchistan. Paleorient 6: 269-280","Tableau 4, p. 277",https://www.persee.fr/doc/paleo_0153-9345_1980_num_6_1_4281 (page image renderPage .../T1_0277_0000_1200.jpg),
Q80,Mehrgarh,MR VII,2800-2500,q15,three nested arcs,908,B,14,pre-firing,"Quivron, G. 1980. Les marques incisees sur les poteries de Mehrgarh au Baluchistan. Paleorient 6: 269-280","Tableau 4, p. 277",https://www.persee.fr/doc/paleo_0153-9345_1980_num_6_1_4281 (page image renderPage .../T1_0277_0000_1200.jpg),
Q80,Mehrgarh,MR V-VI,3200,q16,four nested arcs,909,C,1,pre-firing,"Quivron, G. 1980. Les marques incisees sur les poteries de Mehrgarh au Baluchistan. Paleorient 6: 269-280","Tableau 4, p. 277",https://www.persee.fr/doc/paleo_0153-9345_1980_num_6_1_4281 (page image renderPage .../T1_0277_0000_1200.jpg),
Q80,Mehrgarh,MR VI-VII,2900,q16,four nested arcs,909,C,4,pre-firing,"Quivron, G. 1980. Les marques incisees sur les poteries de Mehrgarh au Baluchistan. Paleorient 6: 269-280","Tableau 4, p. 277",https://www.persee.fr/doc/paleo_0153-9345_1980_num_6_1_4281 (page image renderPage .../T1_0277_0000_1200.jpg),
Q80,Mehrgarh,MR VII,2800-2500,q16,four nested arcs,909,C,7,pre-firing,"Quivron, G. 1980. Les marques incisees sur les poteries de Mehrgarh au Baluchistan. Paleorient 6: 269-280","Tableau 4, p. 277",https://www.persee.fr/doc/paleo_0153-9345_1980_num_6_1_4281 (page image renderPage .../T1_0277_0000_1200.jpg),
Q80,Mehrgarh,MR V-VI,3200,q17,single wavy line,450,C,3,pre-firing,"Quivron, G. 1980. Les marques incisees sur les poteries de Mehrgarh au Baluchistan. Paleorient 6: 269-280","Tableau 4, p. 277",https://www.persee.fr/doc/paleo_0153-9345_1980_num_6_1_4281 (page image renderPage .../T1_0277_0000_1200.jpg),wave / zigzag family W450-453
Q80,Mehrgarh,MR VI,3100,q17,single wavy line,450,C,1,pre-firing,"Quivron, G. 1980. Les marques incisees sur les poteries de Mehrgarh au Baluchistan. Paleorient 6: 269-280","Tableau 4, p. 277",https://www.persee.fr/doc/paleo_0153-9345_1980_num_6_1_4281 (page image renderPage .../T1_0277_0000_1200.jpg),wave / zigzag family W450-453
Q80,Mehrgarh,MR VI-VII,2900,q17,single wavy line,450,C,1,pre-firing,"Quivron, G. 1980. Les marques incisees sur les poteries de Mehrgarh au Baluchistan. Paleorient 6: 269-280","Tableau 4, p. 277",https://www.persee.fr/doc/paleo_0153-9345_1980_num_6_1_4281 (page image renderPage .../T1_0277_0000_1200.jpg),wave / zigzag family W450-453
Q80,Mehrgarh,MR VII,2800-2500,q17,single wavy line,450,C,16,pre-firing,"Quivron, G. 1980. Les marques incisees sur les poteries de Mehrgarh au Baluchistan. Paleorient 6: 269-280","Tableau 4, p. 277",https://www.persee.fr/doc/paleo_0153-9345_1980_num_6_1_4281 (page image renderPage .../T1_0277_0000_1200.jpg),wave / zigzag family W450-453
Q80,Mehrgarh,MR VII,2800-2500,q18,three stacked wavy lines,451,C,4,pre-firing,"Quivron, G. 1980. Les marques incisees sur les poteries de Mehrgarh au Baluchistan. Paleorient 6: 269-280","Tableau 4, p. 277",https://www.persee.fr/doc/paleo_0153-9345_1980_num_6_1_4281 (page image renderPage .../T1_0277_0000_1200.jpg),
Q80,Mehrgarh,MR IV,3500,q19,X with curved arms,645,C,1,pre-firing,"Quivron, G. 1980. Les marques incisees sur les poteries de Mehrgarh au Baluchistan. Paleorient 6: 269-280","Tableau 4, p. 277",https://www.persee.fr/doc/paleo_0153-9345_1980_num_6_1_4281 (page image renderPage .../T1_0277_0000_1200.jpg),X family
Q80,Mehrgarh,MR V,3300,q19,X with curved arms,645,C,1,pre-firing,"Quivron, G. 1980. Les marques incisees sur les poteries de Mehrgarh au Baluchistan. Paleorient 6: 269-280","Tableau 4, p. 277",https://www.persee.fr/doc/paleo_0153-9345_1980_num_6_1_4281 (page image renderPage .../T1_0277_0000_1200.jpg),X family
Q80,Mehrgarh,MR VI,3100,q19,X with curved arms,645,C,4,pre-firing,"Quivron, G. 1980. Les marques incisees sur les poteries de Mehrgarh au Baluchistan. Paleorient 6: 269-280","Tableau 4, p. 277",https://www.persee.fr/doc/paleo_0153-9345_1980_num_6_1_4281 (page image renderPage .../T1_0277_0000_1200.jpg),X family
Q80,Mehrgarh,MR VI-VII,2900,q19,X with curved arms,645,C,4,pre-firing,"Quivron, G. 1980. Les marques incisees sur les poteries de Mehrgarh au Baluchistan. Paleorient 6: 269-280","Tableau 4, p. 277",https://www.persee.fr/doc/paleo_0153-9345_1980_num_6_1_4281 (page image renderPage .../T1_0277_0000_1200.jpg),X family
Q80,Mehrgarh,MR VII,2800-2500,q19,X with curved arms,645,C,6,pre-firing,"Quivron, G. 1980. Les marques incisees sur les poteries de Mehrgarh au Baluchistan. Paleorient 6: 269-280","Tableau 4, p. 277",https://www.persee.fr/doc/paleo_0153-9345_1980_num_6_1_4281 (page image renderPage .../T1_0277_0000_1200.jpg),X family
Q80,Mehrgarh,MR VI-VII,2900,q20,curved X with central bar,646,C,1,pre-firing,"Quivron, G. 1980. Les marques incisees sur les poteries de Mehrgarh au Baluchistan. Paleorient 6: 269-280","Tableau 4, p. 277",https://www.persee.fr/doc/paleo_0153-9345_1980_num_6_1_4281 (page image renderPage .../T1_0277_0000_1200.jpg),
Q80,Mehrgarh,MR VII,2800-2500,q20,curved X with central bar,646,C,1,pre-firing,"Quivron, G. 1980. Les marques incisees sur les poteries de Mehrgarh au Baluchistan. Paleorient 6: 269-280","Tableau 4, p. 277",https://www.persee.fr/doc/paleo_0153-9345_1980_num_6_1_4281 (page image renderPage .../T1_0277_0000_1200.jpg),
Q80,Mehrgarh,MR VI-VII,2900,q21,lens / eye shape (bow over bow),790,C,1,pre-firing,"Quivron, G. 1980. Les marques incisees sur les poteries de Mehrgarh au Baluchistan. Paleorient 6: 269-280","Tableau 4, p. 277",https://www.persee.fr/doc/paleo_0153-9345_1980_num_6_1_4281 (page image renderPage .../T1_0277_0000_1200.jpg),oval W790 is the nearest
Q80,Mehrgarh,MR VII,2800-2500,q21,lens / eye shape (bow over bow),790,C,2,pre-firing,"Quivron, G. 1980. Les marques incisees sur les poteries de Mehrgarh au Baluchistan. Paleorient 6: 269-280","Tableau 4, p. 277",https://www.persee.fr/doc/paleo_0153-9345_1980_num_6_1_4281 (page image renderPage .../T1_0277_0000_1200.jpg),oval W790 is the nearest
Q80,Mehrgarh,MR VII,2800-2500,q22,curve with upward tail (bird-foot curve),non-Wells,-,41,pre-firing,"Quivron, G. 1980. Les marques incisees sur les poteries de Mehrgarh au Baluchistan. Paleorient 6: 269-280","Tableau 4, p. 277",https://www.persee.fr/doc/paleo_0153-9345_1980_num_6_1_4281 (page image renderPage .../T1_0277_0000_1200.jpg),the dominant period VII workshop mark (16 pots in the store room?)
Q80,Mehrgarh,MR VII,2800-2500,q23,double flourish curve,non-Wells,-,1,pre-firing,"Quivron, G. 1980. Les marques incisees sur les poteries de Mehrgarh au Baluchistan. Paleorient 6: 269-280","Tableau 4, p. 277",https://www.persee.fr/doc/paleo_0153-9345_1980_num_6_1_4281 (page image renderPage .../T1_0277_0000_1200.jpg),
Q80,Mehrgarh,MR VII,2800-2500,q24,wave with arc,non-Wells,-,1,pre-firing,"Quivron, G. 1980. Les marques incisees sur les poteries de Mehrgarh au Baluchistan. Paleorient 6: 269-280","Tableau 4, p. 277",https://www.persee.fr/doc/paleo_0153-9345_1980_num_6_1_4281 (page image renderPage .../T1_0277_0000_1200.jpg),
Q80,Mehrgarh,MR VII,2800-2500,q25,wave with two arcs,non-Wells,-,1,pre-firing,"Quivron, G. 1980. Les marques incisees sur les poteries de Mehrgarh au Baluchistan. Paleorient 6: 269-280","Tableau 4, p. 277",https://www.persee.fr/doc/paleo_0153-9345_1980_num_6_1_4281 (page image renderPage .../T1_0277_0000_1200.jpg),
Q80,Mehrgarh,MR VII,2800-2500,q26,stem with three branches each side (tree),390,B,1,pre-firing,"Quivron, G. 1980. Les marques incisees sur les poteries de Mehrgarh au Baluchistan. Paleorient 6: 269-280","Tableau 4, p. 277",https://www.persee.fr/doc/paleo_0153-9345_1980_num_6_1_4281 (page image renderPage .../T1_0277_0000_1200.jpg),W390/405 tree
Q80,Mehrgarh,MR V-VI,3200,q27,T (vertical with top bar),non-Wells,-,1,pre-firing,"Quivron, G. 1980. Les marques incisees sur les poteries de Mehrgarh au Baluchistan. Paleorient 6: 269-280","Tableau 4, p. 277",https://www.persee.fr/doc/paleo_0153-9345_1980_num_6_1_4281 (page image renderPage .../T1_0277_0000_1200.jpg),"W70/W610 are boxed or barbed T forms, not a plain T"
Q80,Mehrgarh,MR VI,3100,q27,T (vertical with top bar),non-Wells,-,2,pre-firing,"Quivron, G. 1980. Les marques incisees sur les poteries de Mehrgarh au Baluchistan. Paleorient 6: 269-280","Tableau 4, p. 277",https://www.persee.fr/doc/paleo_0153-9345_1980_num_6_1_4281 (page image renderPage .../T1_0277_0000_1200.jpg),"W70/W610 are boxed or barbed T forms, not a plain T"
Q80,Mehrgarh,MR VI-VII,2900,q27,T (vertical with top bar),non-Wells,-,2,pre-firing,"Quivron, G. 1980. Les marques incisees sur les poteries de Mehrgarh au Baluchistan. Paleorient 6: 269-280","Tableau 4, p. 277",https://www.persee.fr/doc/paleo_0153-9345_1980_num_6_1_4281 (page image renderPage .../T1_0277_0000_1200.jpg),"W70/W610 are boxed or barbed T forms, not a plain T"
Q80,Mehrgarh,MR VII,2800-2500,q27,T (vertical with top bar),non-Wells,-,17,pre-firing,"Quivron, G. 1980. Les marques incisees sur les poteries de Mehrgarh au Baluchistan. Paleorient 6: 269-280","Tableau 4, p. 277",https://www.persee.fr/doc/paleo_0153-9345_1980_num_6_1_4281 (page image renderPage .../T1_0277_0000_1200.jpg),"W70/W610 are boxed or barbed T forms, not a plain T"
Q80,Mehrgarh,MR V-VI,3200,q28,arch with one inner stroke (T under arch),non-Wells,-,1,pre-firing,"Quivron, G. 1980. Les marques incisees sur les poteries de Mehrgarh au Baluchistan. Paleorient 6: 269-280","Tableau 4, p. 277",https://www.persee.fr/doc/paleo_0153-9345_1980_num_6_1_4281 (page image renderPage .../T1_0277_0000_1200.jpg),
Q80,Mehrgarh,MR VI,3100,q28,arch with one inner stroke (T under arch),non-Wells,-,2,pre-firing,"Quivron, G. 1980. Les marques incisees sur les poteries de Mehrgarh au Baluchistan. Paleorient 6: 269-280","Tableau 4, p. 277",https://www.persee.fr/doc/paleo_0153-9345_1980_num_6_1_4281 (page image renderPage .../T1_0277_0000_1200.jpg),
Q80,Mehrgarh,MR VI-VII,2900,q28,arch with one inner stroke (T under arch),non-Wells,-,2,pre-firing,"Quivron, G. 1980. Les marques incisees sur les poteries de Mehrgarh au Baluchistan. Paleorient 6: 269-280","Tableau 4, p. 277",https://www.persee.fr/doc/paleo_0153-9345_1980_num_6_1_4281 (page image renderPage .../T1_0277_0000_1200.jpg),
Q80,Mehrgarh,MR VII,2800-2500,q28,arch with one inner stroke (T under arch),non-Wells,-,59,pre-firing,"Quivron, G. 1980. Les marques incisees sur les poteries de Mehrgarh au Baluchistan. Paleorient 6: 269-280","Tableau 4, p. 277",https://www.persee.fr/doc/paleo_0153-9345_1980_num_6_1_4281 (page image renderPage .../T1_0277_0000_1200.jpg),
Q80,Mehrgarh,MR VII,2800-2500,q29,arch with three inner strokes,non-Wells,-,17,pre-firing,"Quivron, G. 1980. Les marques incisees sur les poteries de Mehrgarh au Baluchistan. Paleorient 6: 269-280","Tableau 4, p. 277",https://www.persee.fr/doc/paleo_0153-9345_1980_num_6_1_4281 (page image renderPage .../T1_0277_0000_1200.jpg),
Q80,Mehrgarh,MR V-VI,3200,q30,V,700,B,3,pre-firing,"Quivron, G. 1980. Les marques incisees sur les poteries de Mehrgarh au Baluchistan. Paleorient 6: 269-280","Tableau 4, p. 277",https://www.persee.fr/doc/paleo_0153-9345_1980_num_6_1_4281 (page image renderPage .../T1_0277_0000_1200.jpg),W700 plain V/U cup; W697-699 are doubled
Q80,Mehrgarh,MR VI,3100,q30,V,700,B,4,pre-firing,"Quivron, G. 1980. Les marques incisees sur les poteries de Mehrgarh au Baluchistan. Paleorient 6: 269-280","Tableau 4, p. 277",https://www.persee.fr/doc/paleo_0153-9345_1980_num_6_1_4281 (page image renderPage .../T1_0277_0000_1200.jpg),W700 plain V/U cup; W697-699 are doubled
Q80,Mehrgarh,MR VI-VII,2900,q30,V,700,B,7,pre-firing,"Quivron, G. 1980. Les marques incisees sur les poteries de Mehrgarh au Baluchistan. Paleorient 6: 269-280","Tableau 4, p. 277",https://www.persee.fr/doc/paleo_0153-9345_1980_num_6_1_4281 (page image renderPage .../T1_0277_0000_1200.jpg),W700 plain V/U cup; W697-699 are doubled
Q80,Mehrgarh,MR VII,2800-2500,q30,V,700,B,23,pre-firing,"Quivron, G. 1980. Les marques incisees sur les poteries de Mehrgarh au Baluchistan. Paleorient 6: 269-280","Tableau 4, p. 277",https://www.persee.fr/doc/paleo_0153-9345_1980_num_6_1_4281 (page image renderPage .../T1_0277_0000_1200.jpg),W700 plain V/U cup; W697-699 are doubled
Q80,Mehrgarh,MR V,3300,q31,V with tail (V~),700,C,1,pre-firing,"Quivron, G. 1980. Les marques incisees sur les poteries de Mehrgarh au Baluchistan. Paleorient 6: 269-280","Tableau 4, p. 277",https://www.persee.fr/doc/paleo_0153-9345_1980_num_6_1_4281 (page image renderPage .../T1_0277_0000_1200.jpg),V plus a short tail; the commonest period VII mark
Q80,Mehrgarh,MR V-VI,3200,q31,V with tail (V~),700,C,1,pre-firing,"Quivron, G. 1980. Les marques incisees sur les poteries de Mehrgarh au Baluchistan. Paleorient 6: 269-280","Tableau 4, p. 277",https://www.persee.fr/doc/paleo_0153-9345_1980_num_6_1_4281 (page image renderPage .../T1_0277_0000_1200.jpg),V plus a short tail; the commonest period VII mark
Q80,Mehrgarh,MR VII,2800-2500,q31,V with tail (V~),700,C,66,pre-firing,"Quivron, G. 1980. Les marques incisees sur les poteries de Mehrgarh au Baluchistan. Paleorient 6: 269-280","Tableau 4, p. 277",https://www.persee.fr/doc/paleo_0153-9345_1980_num_6_1_4281 (page image renderPage .../T1_0277_0000_1200.jpg),V plus a short tail; the commonest period VII mark
Q80,Mehrgarh,MR VI,3100,q32,V with inner stroke,706,B,2,pre-firing,"Quivron, G. 1980. Les marques incisees sur les poteries de Mehrgarh au Baluchistan. Paleorient 6: 269-280","Tableau 4, p. 277",https://www.persee.fr/doc/paleo_0153-9345_1980_num_6_1_4281 (page image renderPage .../T1_0277_0000_1200.jpg),W703/706 U with one central stroke
Q80,Mehrgarh,MR VII,2800-2500,q32,V with inner stroke,706,B,3,pre-firing,"Quivron, G. 1980. Les marques incisees sur les poteries de Mehrgarh au Baluchistan. Paleorient 6: 269-280","Tableau 4, p. 277",https://www.persee.fr/doc/paleo_0153-9345_1980_num_6_1_4281 (page image renderPage .../T1_0277_0000_1200.jpg),W703/706 U with one central stroke
Q80,Mehrgarh,MR VII,2800-2500,q33,y (V on a stem),64,B,3,pre-firing,"Quivron, G. 1980. Les marques incisees sur les poteries de Mehrgarh au Baluchistan. Paleorient 6: 269-280","Tableau 4, p. 277",https://www.persee.fr/doc/paleo_0153-9345_1980_num_6_1_4281 (page image renderPage .../T1_0277_0000_1200.jpg),
Q80,Mehrgarh,MR VII,2800-2500,q34,IV (stroke + V),31-700,C,22,pre-firing,"Quivron, G. 1980. Les marques incisees sur les poteries de Mehrgarh au Baluchistan. Paleorient 6: 269-280","Tableau 4, p. 277",https://www.persee.fr/doc/paleo_0153-9345_1980_num_6_1_4281 (page image renderPage .../T1_0277_0000_1200.jpg),a stroke beside a V; also readable as one sign
Q80,Mehrgarh,MR VII,2800-2500,q35,IN (stroke + N),non-Wells,-,1,pre-firing,"Quivron, G. 1980. Les marques incisees sur les poteries de Mehrgarh au Baluchistan. Paleorient 6: 269-280","Tableau 4, p. 277",https://www.persee.fr/doc/paleo_0153-9345_1980_num_6_1_4281 (page image renderPage .../T1_0277_0000_1200.jpg),
Q80,Mehrgarh,MR VI-VII,2900,q36,W (double V),697,B,2,pre-firing,"Quivron, G. 1980. Les marques incisees sur les poteries de Mehrgarh au Baluchistan. Paleorient 6: 269-280","Tableau 4, p. 277",https://www.persee.fr/doc/paleo_0153-9345_1980_num_6_1_4281 (page image renderPage .../T1_0277_0000_1200.jpg),
Q80,Mehrgarh,MR VII,2800-2500,q36,W (double V),697,B,5,pre-firing,"Quivron, G. 1980. Les marques incisees sur les poteries de Mehrgarh au Baluchistan. Paleorient 6: 269-280","Tableau 4, p. 277",https://www.persee.fr/doc/paleo_0153-9345_1980_num_6_1_4281 (page image renderPage .../T1_0277_0000_1200.jpg),
Q80,Mehrgarh,MR VII,2800-2500,q37,VIV,non-Wells,-,1,pre-firing,"Quivron, G. 1980. Les marques incisees sur les poteries de Mehrgarh au Baluchistan. Paleorient 6: 269-280","Tableau 4, p. 277",https://www.persee.fr/doc/paleo_0153-9345_1980_num_6_1_4281 (page image renderPage .../T1_0277_0000_1200.jpg),
Q80,Mehrgarh,MR VII,2800-2500,q38,zigzag line,452,B,1,pre-firing,"Quivron, G. 1980. Les marques incisees sur les poteries de Mehrgarh au Baluchistan. Paleorient 6: 269-280","Tableau 4, p. 277",https://www.persee.fr/doc/paleo_0153-9345_1980_num_6_1_4281 (page image renderPage .../T1_0277_0000_1200.jpg),
Q80,Mehrgarh,MR IV,3500,q39,X,645,A,1,pre-firing,"Quivron, G. 1980. Les marques incisees sur les poteries de Mehrgarh au Baluchistan. Paleorient 6: 269-280","Tableau 4, p. 277",https://www.persee.fr/doc/paleo_0153-9345_1980_num_6_1_4281 (page image renderPage .../T1_0277_0000_1200.jpg),
Q80,Mehrgarh,MR V-VI,3200,q39,X,645,A,1,pre-firing,"Quivron, G. 1980. Les marques incisees sur les poteries de Mehrgarh au Baluchistan. Paleorient 6: 269-280","Tableau 4, p. 277",https://www.persee.fr/doc/paleo_0153-9345_1980_num_6_1_4281 (page image renderPage .../T1_0277_0000_1200.jpg),
Q80,Mehrgarh,MR VI,3100,q39,X,645,A,7,pre-firing,"Quivron, G. 1980. Les marques incisees sur les poteries de Mehrgarh au Baluchistan. Paleorient 6: 269-280","Tableau 4, p. 277",https://www.persee.fr/doc/paleo_0153-9345_1980_num_6_1_4281 (page image renderPage .../T1_0277_0000_1200.jpg),
Q80,Mehrgarh,MR VI-VII,2900,q39,X,645,A,19,pre-firing,"Quivron, G. 1980. Les marques incisees sur les poteries de Mehrgarh au Baluchistan. Paleorient 6: 269-280","Tableau 4, p. 277",https://www.persee.fr/doc/paleo_0153-9345_1980_num_6_1_4281 (page image renderPage .../T1_0277_0000_1200.jpg),
Q80,Mehrgarh,MR VII,2800-2500,q39,X,645,A,33,pre-firing,"Quivron, G. 1980. Les marques incisees sur les poteries de Mehrgarh au Baluchistan. Paleorient 6: 269-280","Tableau 4, p. 277",https://www.persee.fr/doc/paleo_0153-9345_1980_num_6_1_4281 (page image renderPage .../T1_0277_0000_1200.jpg),
Q80,Mehrgarh,MR VII,2800-2500,q40,X with vertical through it,647,C,1,pre-firing,"Quivron, G. 1980. Les marques incisees sur les poteries de Mehrgarh au Baluchistan. Paleorient 6: 269-280","Tableau 4, p. 277",https://www.persee.fr/doc/paleo_0153-9345_1980_num_6_1_4281 (page image renderPage .../T1_0277_0000_1200.jpg),
Q80,Mehrgarh,MR IV,3500,q41,double X side by side,645-645,C,1,pre-firing,"Quivron, G. 1980. Les marques incisees sur les poteries de Mehrgarh au Baluchistan. Paleorient 6: 269-280","Tableau 4, p. 277",https://www.persee.fr/doc/paleo_0153-9345_1980_num_6_1_4281 (page image renderPage .../T1_0277_0000_1200.jpg),two X; W552/554 are X-pairs in a frame
Q80,Mehrgarh,MR V-VI,3200,q41,double X side by side,645-645,C,2,pre-firing,"Quivron, G. 1980. Les marques incisees sur les poteries de Mehrgarh au Baluchistan. Paleorient 6: 269-280","Tableau 4, p. 277",https://www.persee.fr/doc/paleo_0153-9345_1980_num_6_1_4281 (page image renderPage .../T1_0277_0000_1200.jpg),two X; W552/554 are X-pairs in a frame
Q80,Mehrgarh,MR VI-VII,2900,q41,double X side by side,645-645,C,3,pre-firing,"Quivron, G. 1980. Les marques incisees sur les poteries de Mehrgarh au Baluchistan. Paleorient 6: 269-280","Tableau 4, p. 277",https://www.persee.fr/doc/paleo_0153-9345_1980_num_6_1_4281 (page image renderPage .../T1_0277_0000_1200.jpg),two X; W552/554 are X-pairs in a frame
Q80,Mehrgarh,MR VII,2800-2500,q41,double X side by side,645-645,C,1,pre-firing,"Quivron, G. 1980. Les marques incisees sur les poteries de Mehrgarh au Baluchistan. Paleorient 6: 269-280","Tableau 4, p. 277",https://www.persee.fr/doc/paleo_0153-9345_1980_num_6_1_4281 (page image renderPage .../T1_0277_0000_1200.jpg),two X; W552/554 are X-pairs in a frame
Q80,Mehrgarh,MR IV,3500,q42,X with central vertical (star of 3),685,C,1,pre-firing,"Quivron, G. 1980. Les marques incisees sur les poteries de Mehrgarh au Baluchistan. Paleorient 6: 269-280","Tableau 4, p. 277",https://www.persee.fr/doc/paleo_0153-9345_1980_num_6_1_4281 (page image renderPage .../T1_0277_0000_1200.jpg),asterisk family W681/685
Q80,Mehrgarh,MR VI-VII,2900,q43,X with horizontal bar (hourglass on its side),646,C,4,pre-firing,"Quivron, G. 1980. Les marques incisees sur les poteries de Mehrgarh au Baluchistan. Paleorient 6: 269-280","Tableau 4, p. 277",https://www.persee.fr/doc/paleo_0153-9345_1980_num_6_1_4281 (page image renderPage .../T1_0277_0000_1200.jpg),
Q80,Mehrgarh,MR VI,3100,q44,lens crossed by diagonal,non-Wells,-,2,pre-firing,"Quivron, G. 1980. Les marques incisees sur les poteries de Mehrgarh au Baluchistan. Paleorient 6: 269-280","Tableau 4, p. 277",https://www.persee.fr/doc/paleo_0153-9345_1980_num_6_1_4281 (page image renderPage .../T1_0277_0000_1200.jpg),
Q80,Mehrgarh,MR VI-VII,2900,q44,lens crossed by diagonal,non-Wells,-,1,pre-firing,"Quivron, G. 1980. Les marques incisees sur les poteries de Mehrgarh au Baluchistan. Paleorient 6: 269-280","Tableau 4, p. 277",https://www.persee.fr/doc/paleo_0153-9345_1980_num_6_1_4281 (page image renderPage .../T1_0277_0000_1200.jpg),
Q80,Mehrgarh,MR VI-VII,2900,q45,bowtie (two triangles tip to tip),540,B,1,pre-firing,"Quivron, G. 1980. Les marques incisees sur les poteries de Mehrgarh au Baluchistan. Paleorient 6: 269-280","Tableau 4, p. 277",https://www.persee.fr/doc/paleo_0153-9345_1980_num_6_1_4281 (page image renderPage .../T1_0277_0000_1200.jpg),
Q80,Mehrgarh,MR VII,2800-2500,q45,bowtie (two triangles tip to tip),540,B,1,pre-firing,"Quivron, G. 1980. Les marques incisees sur les poteries de Mehrgarh au Baluchistan. Paleorient 6: 269-280","Tableau 4, p. 277",https://www.persee.fr/doc/paleo_0153-9345_1980_num_6_1_4281 (page image renderPage .../T1_0277_0000_1200.jpg),
Q80,Mehrgarh,MR VII,2800-2500,q46,double bowtie,545,C,1,pre-firing,"Quivron, G. 1980. Les marques incisees sur les poteries de Mehrgarh au Baluchistan. Paleorient 6: 269-280","Tableau 4, p. 277",https://www.persee.fr/doc/paleo_0153-9345_1980_num_6_1_4281 (page image renderPage .../T1_0277_0000_1200.jpg),
Q80,Mehrgarh,MR surface,?,q47,grid (hash in a box),615,B,1,pre-firing,"Quivron, G. 1980. Les marques incisees sur les poteries de Mehrgarh au Baluchistan. Paleorient 6: 269-280","Tableau 4, p. 277",https://www.persee.fr/doc/paleo_0153-9345_1980_num_6_1_4281 (page image renderPage .../T1_0277_0000_1200.jpg),surface find
Q80,Mehrgarh,MR VII,2800-2500,q48,rectangle with diagonals (crossed box),non-Wells,-,1,pre-firing,"Quivron, G. 1980. Les marques incisees sur les poteries de Mehrgarh au Baluchistan. Paleorient 6: 269-280","Tableau 4, p. 277",https://www.persee.fr/doc/paleo_0153-9345_1980_num_6_1_4281 (page image renderPage .../T1_0277_0000_1200.jpg),
Q80,Mehrgarh,MR VII,2800-2500,q49,circle,790,C,1,pre-firing,"Quivron, G. 1980. Les marques incisees sur les poteries de Mehrgarh au Baluchistan. Paleorient 6: 269-280","Tableau 4, p. 277",https://www.persee.fr/doc/paleo_0153-9345_1980_num_6_1_4281 (page image renderPage .../T1_0277_0000_1200.jpg),oval W790 nearest; no plain circle in Wells
Q80,Mehrgarh,MR VII,2800-2500,q50,dotted circle,792,C,1,pre-firing,"Quivron, G. 1980. Les marques incisees sur les poteries de Mehrgarh au Baluchistan. Paleorient 6: 269-280","Tableau 4, p. 277",https://www.persee.fr/doc/paleo_0153-9345_1980_num_6_1_4281 (page image renderPage .../T1_0277_0000_1200.jpg),
Q80,Mehrgarh,MR VII,2800-2500,q51,hook / spiral,445,C,1,pre-firing,"Quivron, G. 1980. Les marques incisees sur les poteries de Mehrgarh au Baluchistan. Paleorient 6: 269-280","Tableau 4, p. 277",https://www.persee.fr/doc/paleo_0153-9345_1980_num_6_1_4281 (page image renderPage .../T1_0277_0000_1200.jpg),
H72,Sarai Khola,SKh II,3000-2600,h01,one short stroke (oval incision),1,B,3,pre-firing,"Halim, M. A. 1972. The pottery of Periods IA and II with incised potter's or graffiti marks. Pakistan Archaeology 8: 95-99",Table 11 p. 96; catalogue pp. 97-99,https://archive.org/details/in.gov.ignca.69948 (69948_text.pdf pp. 113-117 of the scan),"cat. 1: + two more sherds (Sq. 18/V (6), surface)"
H72,Sarai Khola,SKh II,3000-2600,h02,two strokes,2,B,4,pre-firing,"Halim, M. A. 1972. The pottery of Periods IA and II with incised potter's or graffiti marks. Pakistan Archaeology 8: 95-99",Table 11 p. 96; catalogue pp. 97-99,https://archive.org/details/in.gov.ignca.69948 (69948_text.pdf pp. 113-117 of the scan),cat. 2: + three more sherds
H72,Sarai Khola,SKh II,3000-2600,h03,three strokes,3,B,3,pre-firing,"Halim, M. A. 1972. The pottery of Periods IA and II with incised potter's or graffiti marks. Pakistan Archaeology 8: 95-99",Table 11 p. 96; catalogue pp. 97-99,https://archive.org/details/in.gov.ignca.69948 (69948_text.pdf pp. 113-117 of the scan),cat. 3: + two more sherds
H72,Sarai Khola,SKh surface,?,h04,"two strokes, offset",2,C,1,pre-firing,"Halim, M. A. 1972. The pottery of Periods IA and II with incised potter's or graffiti marks. Pakistan Archaeology 8: 95-99",Table 11 p. 96; catalogue pp. 97-99,https://archive.org/details/in.gov.ignca.69948 (69948_text.pdf pp. 113-117 of the scan),cat. 4
H72,Sarai Khola,SKh surface,?,h05,"three strokes, scattered",3,C,2,pre-firing,"Halim, M. A. 1972. The pottery of Periods IA and II with incised potter's or graffiti marks. Pakistan Archaeology 8: 95-99",Table 11 p. 96; catalogue pp. 97-99,https://archive.org/details/in.gov.ignca.69948 (69948_text.pdf pp. 113-117 of the scan),cat. 5: + one sherd Sq. 17/V (4)
H72,Sarai Khola,SKh II,3000-2600,h06,"four strokes, scattered",4,C,1,unknown,"Halim, M. A. 1972. The pottery of Periods IA and II with incised potter's or graffiti marks. Pakistan Archaeology 8: 95-99",Table 11 p. 96; catalogue pp. 97-99,https://archive.org/details/in.gov.ignca.69948 (69948_text.pdf pp. 113-117 of the scan),cat. 6
H72,Sarai Khola,SKh III?,2600-2000,h07,cross (+),non-Wells,-,4,pre-firing,"Halim, M. A. 1972. The pottery of Periods IA and II with incised potter's or graffiti marks. Pakistan Archaeology 8: 95-99",Table 11 p. 96; catalogue pp. 97-99,https://archive.org/details/in.gov.ignca.69948 (69948_text.pdf pp. 113-117 of the scan),"cat. 7: Sq. 18/Y (8) Period III + three more sherds; plus sign, no Wells equivalent"
H72,Sarai Khola,SKh II,3000-2600,h08,stroke on a horizontal bar (inverted T),non-Wells,-,2,pre-firing,"Halim, M. A. 1972. The pottery of Periods IA and II with incised potter's or graffiti marks. Pakistan Archaeology 8: 95-99",Table 11 p. 96; catalogue pp. 97-99,https://archive.org/details/in.gov.ignca.69948 (69948_text.pdf pp. 113-117 of the scan),cat. 8: + one sherd
H72,Sarai Khola,SKh ?,3000-2600,h09,T,non-Wells,-,1,unknown,"Halim, M. A. 1972. The pottery of Periods IA and II with incised potter's or graffiti marks. Pakistan Archaeology 8: 95-99",Table 11 p. 96; catalogue pp. 97-99,https://archive.org/details/in.gov.ignca.69948 (69948_text.pdf pp. 113-117 of the scan),cat. 9
H72,Sarai Khola,SKh ?,3000-2600,h10,U with flat base (cup with two verticals),700,C,1,pre-firing,"Halim, M. A. 1972. The pottery of Periods IA and II with incised potter's or graffiti marks. Pakistan Archaeology 8: 95-99",Table 11 p. 96; catalogue pp. 97-99,https://archive.org/details/in.gov.ignca.69948 (69948_text.pdf pp. 113-117 of the scan),cat. 10
H72,Sarai Khola,SKh II,3000-2600,h11,two tall strokes joined by a long horizontal (H with long bar),non-Wells,-,1,pre-firing,"Halim, M. A. 1972. The pottery of Periods IA and II with incised potter's or graffiti marks. Pakistan Archaeology 8: 95-99",Table 11 p. 96; catalogue pp. 97-99,https://archive.org/details/in.gov.ignca.69948 (69948_text.pdf pp. 113-117 of the scan),cat. 11 (Type IXB)
H72,Sarai Khola,SKh ?,3000-2600,h12,one oblique stroke,1,C,1,pre-firing,"Halim, M. A. 1972. The pottery of Periods IA and II with incised potter's or graffiti marks. Pakistan Archaeology 8: 95-99",Table 11 p. 96; catalogue pp. 97-99,https://archive.org/details/in.gov.ignca.69948 (69948_text.pdf pp. 113-117 of the scan),cat. 12
H72,Sarai Khola,SKh ?,3000-2600,h13,inverted V (chevron),480,B,1,pre-firing,"Halim, M. A. 1972. The pottery of Periods IA and II with incised potter's or graffiti marks. Pakistan Archaeology 8: 95-99",Table 11 p. 96; catalogue pp. 97-99,https://archive.org/details/in.gov.ignca.69948 (69948_text.pdf pp. 113-117 of the scan),cat. 13 = Kot Diji pl. XXIV no. 2 parallel
H72,Sarai Khola,SKh IA,3000-2600,h14,chevron with hatched arm,480,C,1,pre-firing,"Halim, M. A. 1972. The pottery of Periods IA and II with incised potter's or graffiti marks. Pakistan Archaeology 8: 95-99",Table 11 p. 96; catalogue pp. 97-99,https://archive.org/details/in.gov.ignca.69948 (69948_text.pdf pp. 113-117 of the scan),"cat. 14, Period IA"
H72,Sarai Khola,SKh II,3000-2600,h15,cluster of short strokes under a dotted arc,non-Wells,-,1,pre-firing,"Halim, M. A. 1972. The pottery of Periods IA and II with incised potter's or graffiti marks. Pakistan Archaeology 8: 95-99",Table 11 p. 96; catalogue pp. 97-99,https://archive.org/details/in.gov.ignca.69948 (69948_text.pdf pp. 113-117 of the scan),cat. 15
H72,Sarai Khola,SKh II,3000-2600,h16,three-armed star (Y with lower arm),non-Wells,-,1,unknown,"Halim, M. A. 1972. The pottery of Periods IA and II with incised potter's or graffiti marks. Pakistan Archaeology 8: 95-99",Table 11 p. 96; catalogue pp. 97-99,https://archive.org/details/in.gov.ignca.69948 (69948_text.pdf pp. 113-117 of the scan),cat. 16
H72,Sarai Khola,SKh II,3000-2600,h17,arrow (stem with two barbs),515,B,2,post-firing,"Halim, M. A. 1972. The pottery of Periods IA and II with incised potter's or graffiti marks. Pakistan Archaeology 8: 95-99",Table 11 p. 96; catalogue pp. 97-99,https://archive.org/details/in.gov.ignca.69948 (69948_text.pdf pp. 113-117 of the scan),cat. 17: post-firing on the shoulder; a similar pre-firing mark on a surface sherd
H72,Sarai Khola,SKh II,3000-2600,h18,W (two V),697,B,1,unknown,"Halim, M. A. 1972. The pottery of Periods IA and II with incised potter's or graffiti marks. Pakistan Archaeology 8: 95-99",Table 11 p. 96; catalogue pp. 97-99,https://archive.org/details/in.gov.ignca.69948 (69948_text.pdf pp. 113-117 of the scan),cat. 18
H72,Sarai Khola,SKh II,3000-2600,h19,"W, asymmetric",697,C,1,unknown,"Halim, M. A. 1972. The pottery of Periods IA and II with incised potter's or graffiti marks. Pakistan Archaeology 8: 95-99",Table 11 p. 96; catalogue pp. 97-99,https://archive.org/details/in.gov.ignca.69948 (69948_text.pdf pp. 113-117 of the scan),cat. 19 (+ one surface sherd)
H72,Sarai Khola,SKh ?,3000-2600,h20,V,700,B,5,unknown,"Halim, M. A. 1972. The pottery of Periods IA and II with incised potter's or graffiti marks. Pakistan Archaeology 8: 95-99",Table 11 p. 96; catalogue pp. 97-99,https://archive.org/details/in.gov.ignca.69948 (69948_text.pdf pp. 113-117 of the scan),cat. 20: + four other sherds
H72,Sarai Khola,SKh ?,3000-2600,h21,Y,64,B,1,unknown,"Halim, M. A. 1972. The pottery of Periods IA and II with incised potter's or graffiti marks. Pakistan Archaeology 8: 95-99",Table 11 p. 96; catalogue pp. 97-99,https://archive.org/details/in.gov.ignca.69948 (69948_text.pdf pp. 113-117 of the scan),cat. 21
H72,Sarai Khola,SKh II,3000-2600,h22,V with inner stroke,706,B,2,unknown,"Halim, M. A. 1972. The pottery of Periods IA and II with incised potter's or graffiti marks. Pakistan Archaeology 8: 95-99",Table 11 p. 96; catalogue pp. 97-99,https://archive.org/details/in.gov.ignca.69948 (69948_text.pdf pp. 113-117 of the scan),cat. 22: + one sherd
H72,Sarai Khola,SKh II,3000-2600,h23,N (zigzag of three strokes),452,C,2,unknown,"Halim, M. A. 1972. The pottery of Periods IA and II with incised potter's or graffiti marks. Pakistan Archaeology 8: 95-99",Table 11 p. 96; catalogue pp. 97-99,https://archive.org/details/in.gov.ignca.69948 (69948_text.pdf pp. 113-117 of the scan),cat. 23: + one sherd
H72,Sarai Khola,SKh II,3000-2600,h24,V with dotted arm (W?),700,C,1,unknown,"Halim, M. A. 1972. The pottery of Periods IA and II with incised potter's or graffiti marks. Pakistan Archaeology 8: 95-99",Table 11 p. 96; catalogue pp. 97-99,https://archive.org/details/in.gov.ignca.69948 (69948_text.pdf pp. 113-117 of the scan),cat. 24
H72,Sarai Khola,SKh II,3000-2600,h25,"V, open",700,B,1,unknown,"Halim, M. A. 1972. The pottery of Periods IA and II with incised potter's or graffiti marks. Pakistan Archaeology 8: 95-99",Table 11 p. 96; catalogue pp. 97-99,https://archive.org/details/in.gov.ignca.69948 (69948_text.pdf pp. 113-117 of the scan),cat. 25
H72,Sarai Khola,SKh II,3000-2600,h26,V with two inner strokes,706,C,1,unknown,"Halim, M. A. 1972. The pottery of Periods IA and II with incised potter's or graffiti marks. Pakistan Archaeology 8: 95-99",Table 11 p. 96; catalogue pp. 97-99,https://archive.org/details/in.gov.ignca.69948 (69948_text.pdf pp. 113-117 of the scan),cat. 26
H72,Sarai Khola,SKh IA,3000-2600,h27,W (zigzag),697,C,1,unknown,"Halim, M. A. 1972. The pottery of Periods IA and II with incised potter's or graffiti marks. Pakistan Archaeology 8: 95-99",Table 11 p. 96; catalogue pp. 97-99,https://archive.org/details/in.gov.ignca.69948 (69948_text.pdf pp. 113-117 of the scan),"cat. 27, Period IA"
H72,Sarai Khola,SKh II,3000-2600,h28,N,452,C,1,unknown,"Halim, M. A. 1972. The pottery of Periods IA and II with incised potter's or graffiti marks. Pakistan Archaeology 8: 95-99",Table 11 p. 96; catalogue pp. 97-99,https://archive.org/details/in.gov.ignca.69948 (69948_text.pdf pp. 113-117 of the scan),cat. 28
H72,Sarai Khola,SKh II,3000-2600,h29,two oblique strokes,2,C,2,unknown,"Halim, M. A. 1972. The pottery of Periods IA and II with incised potter's or graffiti marks. Pakistan Archaeology 8: 95-99",Table 11 p. 96; catalogue pp. 97-99,https://archive.org/details/in.gov.ignca.69948 (69948_text.pdf pp. 113-117 of the scan),cat. 29: + one sherd
H72,Sarai Khola,SKh II,3000-2600,h30,W with long arms,697,C,1,pre-firing,"Halim, M. A. 1972. The pottery of Periods IA and II with incised potter's or graffiti marks. Pakistan Archaeology 8: 95-99",Table 11 p. 96; catalogue pp. 97-99,https://archive.org/details/in.gov.ignca.69948 (69948_text.pdf pp. 113-117 of the scan),cat. 30
H72,Sarai Khola,SKh II,3000-2600,h31,W with short arms,697,C,1,unknown,"Halim, M. A. 1972. The pottery of Periods IA and II with incised potter's or graffiti marks. Pakistan Archaeology 8: 95-99",Table 11 p. 96; catalogue pp. 97-99,https://archive.org/details/in.gov.ignca.69948 (69948_text.pdf pp. 113-117 of the scan),cat. 31
H72,Sarai Khola,SKh II,3000-2600,h32,"two strokes, one tall one short",2,C,1,unknown,"Halim, M. A. 1972. The pottery of Periods IA and II with incised potter's or graffiti marks. Pakistan Archaeology 8: 95-99",Table 11 p. 96; catalogue pp. 97-99,https://archive.org/details/in.gov.ignca.69948 (69948_text.pdf pp. 113-117 of the scan),cat. 32
H72,Sarai Khola,SKh II,3000-2600,h33,short oblique + tall stroke,2,C,1,pre-firing,"Halim, M. A. 1972. The pottery of Periods IA and II with incised potter's or graffiti marks. Pakistan Archaeology 8: 95-99",Table 11 p. 96; catalogue pp. 97-99,https://archive.org/details/in.gov.ignca.69948 (69948_text.pdf pp. 113-117 of the scan),cat. 33
H72,Sarai Khola,SKh II,3000-2600,h34,stroke with three branches on one side (half tree),390,C,1,unknown,"Halim, M. A. 1972. The pottery of Periods IA and II with incised potter's or graffiti marks. Pakistan Archaeology 8: 95-99",Table 11 p. 96; catalogue pp. 97-99,https://archive.org/details/in.gov.ignca.69948 (69948_text.pdf pp. 113-117 of the scan),cat. 34
H72,Sarai Khola,SKh II,3000-2600,h35,two strokes crossing (N-like),2,C,1,unknown,"Halim, M. A. 1972. The pottery of Periods IA and II with incised potter's or graffiti marks. Pakistan Archaeology 8: 95-99",Table 11 p. 96; catalogue pp. 97-99,https://archive.org/details/in.gov.ignca.69948 (69948_text.pdf pp. 113-117 of the scan),cat. 35
H72,Sarai Khola,SKh II,3000-2600,h36,E-shaped curve (hook),445,C,1,unknown,"Halim, M. A. 1972. The pottery of Periods IA and II with incised potter's or graffiti marks. Pakistan Archaeology 8: 95-99",Table 11 p. 96; catalogue pp. 97-99,https://archive.org/details/in.gov.ignca.69948 (69948_text.pdf pp. 113-117 of the scan),cat. 36
H72,Sarai Khola,SKh ?,3000-2600,h37,single wave,450,C,1,unknown,"Halim, M. A. 1972. The pottery of Periods IA and II with incised potter's or graffiti marks. Pakistan Archaeology 8: 95-99",Table 11 p. 96; catalogue pp. 97-99,https://archive.org/details/in.gov.ignca.69948 (69948_text.pdf pp. 113-117 of the scan),cat. 37
H72,Sarai Khola,SKh II,3000-2600,h38,double wave (zigzag),451,C,1,unknown,"Halim, M. A. 1972. The pottery of Periods IA and II with incised potter's or graffiti marks. Pakistan Archaeology 8: 95-99",Table 11 p. 96; catalogue pp. 97-99,https://archive.org/details/in.gov.ignca.69948 (69948_text.pdf pp. 113-117 of the scan),cat. 38
H72,Sarai Khola,SKh II,3000-2600,h39,double spiral with central strokes,non-Wells,-,1,unknown,"Halim, M. A. 1972. The pottery of Periods IA and II with incised potter's or graffiti marks. Pakistan Archaeology 8: 95-99",Table 11 p. 96; catalogue pp. 97-99,https://archive.org/details/in.gov.ignca.69948 (69948_text.pdf pp. 113-117 of the scan),cat. 39
H72,Sarai Khola,SKh ?,3000-2600,h40,one stroke; two strokes (two marks on one sherd),1-2,C,1,post-firing,"Halim, M. A. 1972. The pottery of Periods IA and II with incised potter's or graffiti marks. Pakistan Archaeology 8: 95-99",Table 11 p. 96; catalogue pp. 97-99,https://archive.org/details/in.gov.ignca.69948 (69948_text.pdf pp. 113-117 of the scan),cat. 40: graffiti on shoulder and rim
K06,Harappa,HP Ravi,3300-2800,r-g1,"sherd 1: three tree/branch signs in a row (Y-fork, three-branch stem, Y-fork)",64-390-64,C-B-C,1,post-firing,"Kenoyer, J. M. 2006. The origin, context and function of the Indus script: recent insights from Harappa. Proc. Pre-symposium of RIHN / 7th ESCA Harvard-Kyoto Roundtable: 9-27",Figure 3 no. 1; multi-sign,"https://www.harappa.com/content/origin-context-and-function-indus-script-recent-insights-harappa (PDF Kenoyer2006_..., read in the Chromium viewer, page 9 of 11)","drawing only; each drawn mark counted once (the figure is a selection, not a census)"
K06,Harappa,HP Ravi,3300-2800,r-g2,sherd 2: two curved strokes with hatches,non-Wells,-,1,post-firing,"Kenoyer, J. M. 2006. The origin, context and function of the Indus script: recent insights from Harappa. Proc. Pre-symposium of RIHN / 7th ESCA Harvard-Kyoto Roundtable: 9-27",Figure 3 no. 2,"https://www.harappa.com/content/origin-context-and-function-indus-script-recent-insights-harappa (PDF Kenoyer2006_..., read in the Chromium viewer, page 9 of 11)","drawing only; each drawn mark counted once (the figure is a selection, not a census)"
K06,Harappa,HP Ravi,3300-2800,r-g3,"circle quartered by a cross, hatched",818,B,1,post-firing,"Kenoyer, J. M. 2006. The origin, context and function of the Indus script: recent insights from Harappa. Proc. Pre-symposium of RIHN / 7th ESCA Harvard-Kyoto Roundtable: 9-27",Figure 3,"https://www.harappa.com/content/origin-context-and-function-indus-script-recent-insights-harappa (PDF Kenoyer2006_..., read in the Chromium viewer, page 9 of 11)","drawing only; each drawn mark counted once (the figure is a selection, not a census)"
K06,Harappa,HP Ravi,3300-2800,r-g4,V with inner stroke (arrow-like),706,B,1,post-firing,"Kenoyer, J. M. 2006. The origin, context and function of the Indus script: recent insights from Harappa. Proc. Pre-symposium of RIHN / 7th ESCA Harvard-Kyoto Roundtable: 9-27",Figure 3,"https://www.harappa.com/content/origin-context-and-function-indus-script-recent-insights-harappa (PDF Kenoyer2006_..., read in the Chromium viewer, page 9 of 11)","drawing only; each drawn mark counted once (the figure is a selection, not a census)"
K06,Harappa,HP Ravi,3300-2800,r-g5,fan of five strokes meeting at base,non-Wells,-,1,post-firing,"Kenoyer, J. M. 2006. The origin, context and function of the Indus script: recent insights from Harappa. Proc. Pre-symposium of RIHN / 7th ESCA Harvard-Kyoto Roundtable: 9-27",Figure 3,"https://www.harappa.com/content/origin-context-and-function-indus-script-recent-insights-harappa (PDF Kenoyer2006_..., read in the Chromium viewer, page 9 of 11)","drawing only; each drawn mark counted once (the figure is a selection, not a census)"
K06,Harappa,HP Ravi,3300-2800,r-g6,X with extra stroke,646,C,1,post-firing,"Kenoyer, J. M. 2006. The origin, context and function of the Indus script: recent insights from Harappa. Proc. Pre-symposium of RIHN / 7th ESCA Harvard-Kyoto Roundtable: 9-27",Figure 3,"https://www.harappa.com/content/origin-context-and-function-indus-script-recent-insights-harappa (PDF Kenoyer2006_..., read in the Chromium viewer, page 9 of 11)","drawing only; each drawn mark counted once (the figure is a selection, not a census)"
K06,Harappa,HP Ravi,3300-2800,r-g7,asterisk (six arms),685,B,1,post-firing,"Kenoyer, J. M. 2006. The origin, context and function of the Indus script: recent insights from Harappa. Proc. Pre-symposium of RIHN / 7th ESCA Harvard-Kyoto Roundtable: 9-27",Figure 3,"https://www.harappa.com/content/origin-context-and-function-indus-script-recent-insights-harappa (PDF Kenoyer2006_..., read in the Chromium viewer, page 9 of 11)","drawing only; each drawn mark counted once (the figure is a selection, not a census)"
K06,Harappa,HP Ravi,3300-2800,r-g8,one oblique stroke,1,C,1,post-firing,"Kenoyer, J. M. 2006. The origin, context and function of the Indus script: recent insights from Harappa. Proc. Pre-symposium of RIHN / 7th ESCA Harvard-Kyoto Roundtable: 9-27",Figure 3,"https://www.harappa.com/content/origin-context-and-function-indus-script-recent-insights-harappa (PDF Kenoyer2006_..., read in the Chromium viewer, page 9 of 11)","drawing only; each drawn mark counted once (the figure is a selection, not a census)"
K06,Harappa,HP Ravi,3300-2800,r-g9,one vertical stroke,31,B,1,post-firing,"Kenoyer, J. M. 2006. The origin, context and function of the Indus script: recent insights from Harappa. Proc. Pre-symposium of RIHN / 7th ESCA Harvard-Kyoto Roundtable: 9-27",Figure 3,"https://www.harappa.com/content/origin-context-and-function-indus-script-recent-insights-harappa (PDF Kenoyer2006_..., read in the Chromium viewer, page 9 of 11)","drawing only; each drawn mark counted once (the figure is a selection, not a census)"
K06,Harappa,HP Ravi,3300-2800,r-g10,two vertical strokes,32,B,1,post-firing,"Kenoyer, J. M. 2006. The origin, context and function of the Indus script: recent insights from Harappa. Proc. Pre-symposium of RIHN / 7th ESCA Harvard-Kyoto Roundtable: 9-27",Figure 3,"https://www.harappa.com/content/origin-context-and-function-indus-script-recent-insights-harappa (PDF Kenoyer2006_..., read in the Chromium viewer, page 9 of 11)","drawing only; each drawn mark counted once (the figure is a selection, not a census)"
K06,Harappa,HP Ravi,3300-2800,r-p1,arrow pointing right (stroke with barbed head),515,B,1,pre-firing,"Kenoyer, J. M. 2006. The origin, context and function of the Indus script: recent insights from Harappa. Proc. Pre-symposium of RIHN / 7th ESCA Harvard-Kyoto Roundtable: 9-27",Figure 3,"https://www.harappa.com/content/origin-context-and-function-indus-script-recent-insights-harappa (PDF Kenoyer2006_..., read in the Chromium viewer, page 9 of 11)","drawing only; each drawn mark counted once (the figure is a selection, not a census)"
K06,Harappa,HP Ravi,3300-2800,r-p2,V,700,B,1,pre-firing,"Kenoyer, J. M. 2006. The origin, context and function of the Indus script: recent insights from Harappa. Proc. Pre-symposium of RIHN / 7th ESCA Harvard-Kyoto Roundtable: 9-27",Figure 3,"https://www.harappa.com/content/origin-context-and-function-indus-script-recent-insights-harappa (PDF Kenoyer2006_..., read in the Chromium viewer, page 9 of 11)","drawing only; each drawn mark counted once (the figure is a selection, not a census)"
K06,Harappa,HP Ravi,3300-2800,r-p3,V with inner stroke,706,B,1,pre-firing,"Kenoyer, J. M. 2006. The origin, context and function of the Indus script: recent insights from Harappa. Proc. Pre-symposium of RIHN / 7th ESCA Harvard-Kyoto Roundtable: 9-27",Figure 3,"https://www.harappa.com/content/origin-context-and-function-indus-script-recent-insights-harappa (PDF Kenoyer2006_..., read in the Chromium viewer, page 9 of 11)","drawing only; each drawn mark counted once (the figure is a selection, not a census)"
K06,Harappa,HP Ravi,3300-2800,r-p4,X,645,A,1,pre-firing,"Kenoyer, J. M. 2006. The origin, context and function of the Indus script: recent insights from Harappa. Proc. Pre-symposium of RIHN / 7th ESCA Harvard-Kyoto Roundtable: 9-27",Figure 3,"https://www.harappa.com/content/origin-context-and-function-indus-script-recent-insights-harappa (PDF Kenoyer2006_..., read in the Chromium viewer, page 9 of 11)","drawing only; each drawn mark counted once (the figure is a selection, not a census)"
K06,Harappa,HP Ravi,3300-2800,r-p5,cross (+),non-Wells,-,1,pre-firing,"Kenoyer, J. M. 2006. The origin, context and function of the Indus script: recent insights from Harappa. Proc. Pre-symposium of RIHN / 7th ESCA Harvard-Kyoto Roundtable: 9-27",Figure 3,"https://www.harappa.com/content/origin-context-and-function-indus-script-recent-insights-harappa (PDF Kenoyer2006_..., read in the Chromium viewer, page 9 of 11)","drawing only; each drawn mark counted once (the figure is a selection, not a census)"
K06,Harappa,HP Ravi,3300-2800,r-p6,two vertical strokes,32,B,1,pre-firing,"Kenoyer, J. M. 2006. The origin, context and function of the Indus script: recent insights from Harappa. Proc. Pre-symposium of RIHN / 7th ESCA Harvard-Kyoto Roundtable: 9-27",Figure 3,"https://www.harappa.com/content/origin-context-and-function-indus-script-recent-insights-harappa (PDF Kenoyer2006_..., read in the Chromium viewer, page 9 of 11)","drawing only; each drawn mark counted once (the figure is a selection, not a census)"
K06,Harappa,HP Kot Diji,2800-2600,k-g1,sherd 1: V with forked tips (two bird-foot V),706,C,1,post-firing,"Kenoyer, J. M. 2006. The origin, context and function of the Indus script: recent insights from Harappa. Proc. Pre-symposium of RIHN / 7th ESCA Harvard-Kyoto Roundtable: 9-27",Figure 4 no. 1,"https://www.harappa.com/content/origin-context-and-function-indus-script-recent-insights-harappa (PDF Kenoyer2006_..., read in the Chromium viewer, page 9 of 11)","drawing only; each drawn mark counted once (the figure is a selection, not a census)"
K06,Harappa,HP Kot Diji,2800-2600,k-g2,sherd 2: V with forked tips,706,C,1,post-firing,"Kenoyer, J. M. 2006. The origin, context and function of the Indus script: recent insights from Harappa. Proc. Pre-symposium of RIHN / 7th ESCA Harvard-Kyoto Roundtable: 9-27",Figure 4 no. 2,"https://www.harappa.com/content/origin-context-and-function-indus-script-recent-insights-harappa (PDF Kenoyer2006_..., read in the Chromium viewer, page 9 of 11)","drawing only; each drawn mark counted once (the figure is a selection, not a census)"
K06,Harappa,HP Kot Diji,2800-2600,k-g3,sherd 3: V with forked tips between two arcs,899-706-900,C-C-C,1,post-firing,"Kenoyer, J. M. 2006. The origin, context and function of the Indus script: recent insights from Harappa. Proc. Pre-symposium of RIHN / 7th ESCA Harvard-Kyoto Roundtable: 9-27",Figure 4 no. 3; multi-sign,"https://www.harappa.com/content/origin-context-and-function-indus-script-recent-insights-harappa (PDF Kenoyer2006_..., read in the Chromium viewer, page 9 of 11)","drawing only; each drawn mark counted once (the figure is a selection, not a census)"
K06,Harappa,HP Kot Diji,2800-2600,k-g4,V with inner stroke,706,B,1,post-firing,"Kenoyer, J. M. 2006. The origin, context and function of the Indus script: recent insights from Harappa. Proc. Pre-symposium of RIHN / 7th ESCA Harvard-Kyoto Roundtable: 9-27",Figure 4,"https://www.harappa.com/content/origin-context-and-function-indus-script-recent-insights-harappa (PDF Kenoyer2006_..., read in the Chromium viewer, page 9 of 11)","drawing only; each drawn mark counted once (the figure is a selection, not a census)"
K06,Harappa,HP Kot Diji,2800-2600,k-g5,fan of four strokes meeting at base,non-Wells,-,1,post-firing,"Kenoyer, J. M. 2006. The origin, context and function of the Indus script: recent insights from Harappa. Proc. Pre-symposium of RIHN / 7th ESCA Harvard-Kyoto Roundtable: 9-27",Figure 4,"https://www.harappa.com/content/origin-context-and-function-indus-script-recent-insights-harappa (PDF Kenoyer2006_..., read in the Chromium viewer, page 9 of 11)","drawing only; each drawn mark counted once (the figure is a selection, not a census)"
K06,Harappa,HP Kot Diji,2800-2600,k-g6,stroke with two bars (double cross),non-Wells,-,1,post-firing,"Kenoyer, J. M. 2006. The origin, context and function of the Indus script: recent insights from Harappa. Proc. Pre-symposium of RIHN / 7th ESCA Harvard-Kyoto Roundtable: 9-27",Figure 4,"https://www.harappa.com/content/origin-context-and-function-indus-script-recent-insights-harappa (PDF Kenoyer2006_..., read in the Chromium viewer, page 9 of 11)","drawing only; each drawn mark counted once (the figure is a selection, not a census)"
K06,Harappa,HP Kot Diji,2800-2600,k-g7,asterisk,685,B,1,post-firing,"Kenoyer, J. M. 2006. The origin, context and function of the Indus script: recent insights from Harappa. Proc. Pre-symposium of RIHN / 7th ESCA Harvard-Kyoto Roundtable: 9-27",Figure 4,"https://www.harappa.com/content/origin-context-and-function-indus-script-recent-insights-harappa (PDF Kenoyer2006_..., read in the Chromium viewer, page 9 of 11)","drawing only; each drawn mark counted once (the figure is a selection, not a census)"
K06,Harappa,HP Kot Diji,2800-2600,k-g8,one oblique stroke,1,C,1,post-firing,"Kenoyer, J. M. 2006. The origin, context and function of the Indus script: recent insights from Harappa. Proc. Pre-symposium of RIHN / 7th ESCA Harvard-Kyoto Roundtable: 9-27",Figure 4,"https://www.harappa.com/content/origin-context-and-function-indus-script-recent-insights-harappa (PDF Kenoyer2006_..., read in the Chromium viewer, page 9 of 11)","drawing only; each drawn mark counted once (the figure is a selection, not a census)"
K06,Harappa,HP Kot Diji,2800-2600,k-g9,one vertical stroke,31,B,1,post-firing,"Kenoyer, J. M. 2006. The origin, context and function of the Indus script: recent insights from Harappa. Proc. Pre-symposium of RIHN / 7th ESCA Harvard-Kyoto Roundtable: 9-27",Figure 4,"https://www.harappa.com/content/origin-context-and-function-indus-script-recent-insights-harappa (PDF Kenoyer2006_..., read in the Chromium viewer, page 9 of 11)","drawing only; each drawn mark counted once (the figure is a selection, not a census)"
K06,Harappa,HP Kot Diji,2800-2600,k-g10,two vertical strokes,32,B,1,post-firing,"Kenoyer, J. M. 2006. The origin, context and function of the Indus script: recent insights from Harappa. Proc. Pre-symposium of RIHN / 7th ESCA Harvard-Kyoto Roundtable: 9-27",Figure 4,"https://www.harappa.com/content/origin-context-and-function-indus-script-recent-insights-harappa (PDF Kenoyer2006_..., read in the Chromium viewer, page 9 of 11)","drawing only; each drawn mark counted once (the figure is a selection, not a census)"
K06,Harappa,HP Kot Diji,2800-2600,k-g11,sherd 4: two U with forked tips,706-706,C-C,1,post-firing,"Kenoyer, J. M. 2006. The origin, context and function of the Indus script: recent insights from Harappa. Proc. Pre-symposium of RIHN / 7th ESCA Harvard-Kyoto Roundtable: 9-27",Figure 4 no. 4,"https://www.harappa.com/content/origin-context-and-function-indus-script-recent-insights-harappa (PDF Kenoyer2006_..., read in the Chromium viewer, page 9 of 11)","drawing only; each drawn mark counted once (the figure is a selection, not a census)"
K06,Harappa,HP Kot Diji,2800-2600,k-g12,sherd 5: stroke + cup with inner strokes (dotted),1-706,C-C,1,post-firing,"Kenoyer, J. M. 2006. The origin, context and function of the Indus script: recent insights from Harappa. Proc. Pre-symposium of RIHN / 7th ESCA Harvard-Kyoto Roundtable: 9-27",Figure 4 no. 5,"https://www.harappa.com/content/origin-context-and-function-indus-script-recent-insights-harappa (PDF Kenoyer2006_..., read in the Chromium viewer, page 9 of 11)","drawing only; each drawn mark counted once (the figure is a selection, not a census)"
K06,Harappa,HP Kot Diji,2800-2600,k-g13,V with inner stroke,706,B,1,post-firing,"Kenoyer, J. M. 2006. The origin, context and function of the Indus script: recent insights from Harappa. Proc. Pre-symposium of RIHN / 7th ESCA Harvard-Kyoto Roundtable: 9-27",Figure 4,"https://www.harappa.com/content/origin-context-and-function-indus-script-recent-insights-harappa (PDF Kenoyer2006_..., read in the Chromium viewer, page 9 of 11)","drawing only; each drawn mark counted once (the figure is a selection, not a census)"
K06,Harappa,HP Kot Diji,2800-2600,k-g14,V with inner stroke (second),706,B,1,post-firing,"Kenoyer, J. M. 2006. The origin, context and function of the Indus script: recent insights from Harappa. Proc. Pre-symposium of RIHN / 7th ESCA Harvard-Kyoto Roundtable: 9-27",Figure 4,"https://www.harappa.com/content/origin-context-and-function-indus-script-recent-insights-harappa (PDF Kenoyer2006_..., read in the Chromium viewer, page 9 of 11)","drawing only; each drawn mark counted once (the figure is a selection, not a census)"
K06,Harappa,HP Kot Diji,2800-2600,k-g15,inverted V,480,B,1,post-firing,"Kenoyer, J. M. 2006. The origin, context and function of the Indus script: recent insights from Harappa. Proc. Pre-symposium of RIHN / 7th ESCA Harvard-Kyoto Roundtable: 9-27",Figure 4,"https://www.harappa.com/content/origin-context-and-function-indus-script-recent-insights-harappa (PDF Kenoyer2006_..., read in the Chromium viewer, page 9 of 11)","drawing only; each drawn mark counted once (the figure is a selection, not a census)"
K06,Harappa,HP Kot Diji,2800-2600,k-g16,hash (#),615,C,1,post-firing,"Kenoyer, J. M. 2006. The origin, context and function of the Indus script: recent insights from Harappa. Proc. Pre-symposium of RIHN / 7th ESCA Harvard-Kyoto Roundtable: 9-27",Figure 4; W615 is a boxed grid,"https://www.harappa.com/content/origin-context-and-function-indus-script-recent-insights-harappa (PDF Kenoyer2006_..., read in the Chromium viewer, page 9 of 11)","drawing only; each drawn mark counted once (the figure is a selection, not a census)"
K06,Harappa,HP Kot Diji,2800-2600,k-g17,comb (stem with four teeth),401,B,1,post-firing,"Kenoyer, J. M. 2006. The origin, context and function of the Indus script: recent insights from Harappa. Proc. Pre-symposium of RIHN / 7th ESCA Harvard-Kyoto Roundtable: 9-27",Figure 4; W400/401 comb,"https://www.harappa.com/content/origin-context-and-function-indus-script-recent-insights-harappa (PDF Kenoyer2006_..., read in the Chromium viewer, page 9 of 11)","drawing only; each drawn mark counted once (the figure is a selection, not a census)"
K06,Harappa,HP Kot Diji,2800-2600,k-g18,Z-like hook (angled line),440,C,1,post-firing,"Kenoyer, J. M. 2006. The origin, context and function of the Indus script: recent insights from Harappa. Proc. Pre-symposium of RIHN / 7th ESCA Harvard-Kyoto Roundtable: 9-27",Figure 4,"https://www.harappa.com/content/origin-context-and-function-indus-script-recent-insights-harappa (PDF Kenoyer2006_..., read in the Chromium viewer, page 9 of 11)","drawing only; each drawn mark counted once (the figure is a selection, not a census)"
K06,Harappa,HP Kot Diji,2800-2600,k-g19,N,452,C,1,post-firing,"Kenoyer, J. M. 2006. The origin, context and function of the Indus script: recent insights from Harappa. Proc. Pre-symposium of RIHN / 7th ESCA Harvard-Kyoto Roundtable: 9-27",Figure 4,"https://www.harappa.com/content/origin-context-and-function-indus-script-recent-insights-harappa (PDF Kenoyer2006_..., read in the Chromium viewer, page 9 of 11)","drawing only; each drawn mark counted once (the figure is a selection, not a census)"
K06,Harappa,HP Kot Diji,2800-2600,k-g20,sherd 6: oblique stroke + two crossed ovals (bowtie-like),1-540-540,C-C-C,1,post-firing,"Kenoyer, J. M. 2006. The origin, context and function of the Indus script: recent insights from Harappa. Proc. Pre-symposium of RIHN / 7th ESCA Harvard-Kyoto Roundtable: 9-27",Figure 4 no. 6,"https://www.harappa.com/content/origin-context-and-function-indus-script-recent-insights-harappa (PDF Kenoyer2006_..., read in the Chromium viewer, page 9 of 11)","drawing only; each drawn mark counted once (the figure is a selection, not a census)"
K06,Harappa,HP Kot Diji,2800-2600,k-g21,sherd 7: stroke + V + V,1-700-700,C-B-B,1,post-firing,"Kenoyer, J. M. 2006. The origin, context and function of the Indus script: recent insights from Harappa. Proc. Pre-symposium of RIHN / 7th ESCA Harvard-Kyoto Roundtable: 9-27",Figure 4 no. 7,"https://www.harappa.com/content/origin-context-and-function-indus-script-recent-insights-harappa (PDF Kenoyer2006_..., read in the Chromium viewer, page 9 of 11)","drawing only; each drawn mark counted once (the figure is a selection, not a census)"
K06,Harappa,HP Kot Diji,2800-2600,k-g22,sherd 8: arrow + short stroke,515-1,B-C,1,post-firing,"Kenoyer, J. M. 2006. The origin, context and function of the Indus script: recent insights from Harappa. Proc. Pre-symposium of RIHN / 7th ESCA Harvard-Kyoto Roundtable: 9-27",Figure 4 no. 8,"https://www.harappa.com/content/origin-context-and-function-indus-script-recent-insights-harappa (PDF Kenoyer2006_..., read in the Chromium viewer, page 9 of 11)","drawing only; each drawn mark counted once (the figure is a selection, not a census)"
K06,Harappa,HP Kot Diji,2800-2600,k-g23,hooked square (angular spiral),non-Wells,-,1,post-firing,"Kenoyer, J. M. 2006. The origin, context and function of the Indus script: recent insights from Harappa. Proc. Pre-symposium of RIHN / 7th ESCA Harvard-Kyoto Roundtable: 9-27",Figure 4,"https://www.harappa.com/content/origin-context-and-function-indus-script-recent-insights-harappa (PDF Kenoyer2006_..., read in the Chromium viewer, page 9 of 11)","drawing only; each drawn mark counted once (the figure is a selection, not a census)"
K06,Harappa,HP Kot Diji,2800-2600,k-g24,arc + crossed oval + oblique,899-645-1,C-C-C,1,post-firing,"Kenoyer, J. M. 2006. The origin, context and function of the Indus script: recent insights from Harappa. Proc. Pre-symposium of RIHN / 7th ESCA Harvard-Kyoto Roundtable: 9-27",Figure 4; multi-sign,"https://www.harappa.com/content/origin-context-and-function-indus-script-recent-insights-harappa (PDF Kenoyer2006_..., read in the Chromium viewer, page 9 of 11)","drawing only; each drawn mark counted once (the figure is a selection, not a census)"
K06,Harappa,HP Kot Diji,2800-2600,k-g25,stroke + X,31-645,B-A,1,post-firing,"Kenoyer, J. M. 2006. The origin, context and function of the Indus script: recent insights from Harappa. Proc. Pre-symposium of RIHN / 7th ESCA Harvard-Kyoto Roundtable: 9-27",Figure 4,"https://www.harappa.com/content/origin-context-and-function-indus-script-recent-insights-harappa (PDF Kenoyer2006_..., read in the Chromium viewer, page 9 of 11)","drawing only; each drawn mark counted once (the figure is a selection, not a census)"
K06,Harappa,HP Kot Diji,2800-2600,k-g26,bowtie (hourglass),540,B,1,post-firing,"Kenoyer, J. M. 2006. The origin, context and function of the Indus script: recent insights from Harappa. Proc. Pre-symposium of RIHN / 7th ESCA Harvard-Kyoto Roundtable: 9-27",Figure 4,"https://www.harappa.com/content/origin-context-and-function-indus-script-recent-insights-harappa (PDF Kenoyer2006_..., read in the Chromium viewer, page 9 of 11)","drawing only; each drawn mark counted once (the figure is a selection, not a census)"
K06,Harappa,HP Kot Diji,2800-2600,k-g27,square with diagonal cross,non-Wells,-,1,post-firing,"Kenoyer, J. M. 2006. The origin, context and function of the Indus script: recent insights from Harappa. Proc. Pre-symposium of RIHN / 7th ESCA Harvard-Kyoto Roundtable: 9-27",Figure 4,"https://www.harappa.com/content/origin-context-and-function-indus-script-recent-insights-harappa (PDF Kenoyer2006_..., read in the Chromium viewer, page 9 of 11)","drawing only; each drawn mark counted once (the figure is a selection, not a census)"
K06,Harappa,HP Kot Diji,2800-2600,k-g28,sherd 9: three strokes + W (zigzag),33-697,B-C,1,post-firing,"Kenoyer, J. M. 2006. The origin, context and function of the Indus script: recent insights from Harappa. Proc. Pre-symposium of RIHN / 7th ESCA Harvard-Kyoto Roundtable: 9-27",Figure 4 no. 9,"https://www.harappa.com/content/origin-context-and-function-indus-script-recent-insights-harappa (PDF Kenoyer2006_..., read in the Chromium viewer, page 9 of 11)","drawing only; each drawn mark counted once (the figure is a selection, not a census)"
K06,Harappa,HP Kot Diji,2800-2600,k-g29,sherd 10: stroke + three inverted V,31-480-480-480,B-C-C-C,1,post-firing,"Kenoyer, J. M. 2006. The origin, context and function of the Indus script: recent insights from Harappa. Proc. Pre-symposium of RIHN / 7th ESCA Harvard-Kyoto Roundtable: 9-27",Figure 4 no. 10,"https://www.harappa.com/content/origin-context-and-function-indus-script-recent-insights-harappa (PDF Kenoyer2006_..., read in the Chromium viewer, page 9 of 11)","drawing only; each drawn mark counted once (the figure is a selection, not a census)"
K06,Harappa,HP Kot Diji,2800-2600,k-g30,fan of strokes in an arc (feather),non-Wells,-,1,post-firing,"Kenoyer, J. M. 2006. The origin, context and function of the Indus script: recent insights from Harappa. Proc. Pre-symposium of RIHN / 7th ESCA Harvard-Kyoto Roundtable: 9-27",Figure 4,"https://www.harappa.com/content/origin-context-and-function-indus-script-recent-insights-harappa (PDF Kenoyer2006_..., read in the Chromium viewer, page 9 of 11)","drawing only; each drawn mark counted once (the figure is a selection, not a census)"
K06,Harappa,HP Kot Diji,2800-2600,k-g31,grid 2x2 (hash with closed cells),615,C,1,post-firing,"Kenoyer, J. M. 2006. The origin, context and function of the Indus script: recent insights from Harappa. Proc. Pre-symposium of RIHN / 7th ESCA Harvard-Kyoto Roundtable: 9-27",Figure 4,"https://www.harappa.com/content/origin-context-and-function-indus-script-recent-insights-harappa (PDF Kenoyer2006_..., read in the Chromium viewer, page 9 of 11)","drawing only; each drawn mark counted once (the figure is a selection, not a census)"
K06,Harappa,HP Kot Diji,2800-2600,k-g32,hash (#) second,615,C,1,post-firing,"Kenoyer, J. M. 2006. The origin, context and function of the Indus script: recent insights from Harappa. Proc. Pre-symposium of RIHN / 7th ESCA Harvard-Kyoto Roundtable: 9-27",Figure 4,"https://www.harappa.com/content/origin-context-and-function-indus-script-recent-insights-harappa (PDF Kenoyer2006_..., read in the Chromium viewer, page 9 of 11)","drawing only; each drawn mark counted once (the figure is a selection, not a census)"
K06,Harappa,HP Kot Diji,2800-2600,k-g33,sun (dotted circle with rays),non-Wells,-,1,post-firing,"Kenoyer, J. M. 2006. The origin, context and function of the Indus script: recent insights from Harappa. Proc. Pre-symposium of RIHN / 7th ESCA Harvard-Kyoto Roundtable: 9-27",Figure 4,"https://www.harappa.com/content/origin-context-and-function-indus-script-recent-insights-harappa (PDF Kenoyer2006_..., read in the Chromium viewer, page 9 of 11)","drawing only; each drawn mark counted once (the figure is a selection, not a census)"
K06,Harappa,HP Kot Diji,2800-2600,k-g34,crossed triangle on a stem,non-Wells,-,1,post-firing,"Kenoyer, J. M. 2006. The origin, context and function of the Indus script: recent insights from Harappa. Proc. Pre-symposium of RIHN / 7th ESCA Harvard-Kyoto Roundtable: 9-27",Figure 4,"https://www.harappa.com/content/origin-context-and-function-indus-script-recent-insights-harappa (PDF Kenoyer2006_..., read in the Chromium viewer, page 9 of 11)","drawing only; each drawn mark counted once (the figure is a selection, not a census)"
K06,Harappa,HP Kot Diji,2800-2600,k-p1,sherd 11: three oblique strokes + comb/fan,3-401,C-C,1,pre-firing,"Kenoyer, J. M. 2006. The origin, context and function of the Indus script: recent insights from Harappa. Proc. Pre-symposium of RIHN / 7th ESCA Harvard-Kyoto Roundtable: 9-27",Figure 4 no. 11,"https://www.harappa.com/content/origin-context-and-function-indus-script-recent-insights-harappa (PDF Kenoyer2006_..., read in the Chromium viewer, page 9 of 11)","drawing only; each drawn mark counted once (the figure is a selection, not a census)"
K06,Harappa,HP Kot Diji,2800-2600,k-p2,sherd 12: oblique stroke + figure-8 + branching mark,1-793-non-Wells,C-C--,1,pre-firing,"Kenoyer, J. M. 2006. The origin, context and function of the Indus script: recent insights from Harappa. Proc. Pre-symposium of RIHN / 7th ESCA Harvard-Kyoto Roundtable: 9-27",Figure 4 no. 12,"https://www.harappa.com/content/origin-context-and-function-indus-script-recent-insights-harappa (PDF Kenoyer2006_..., read in the Chromium viewer, page 9 of 11)","drawing only; each drawn mark counted once (the figure is a selection, not a census)"
K06,Harappa,HP Kot Diji,2800-2600,k-p3,sherd 13: arc with inner cross (dotted outline),818,C,1,pre-firing,"Kenoyer, J. M. 2006. The origin, context and function of the Indus script: recent insights from Harappa. Proc. Pre-symposium of RIHN / 7th ESCA Harvard-Kyoto Roundtable: 9-27",Figure 4 no. 13,"https://www.harappa.com/content/origin-context-and-function-indus-script-recent-insights-harappa (PDF Kenoyer2006_..., read in the Chromium viewer, page 9 of 11)","drawing only; each drawn mark counted once (the figure is a selection, not a census)"
K06,Harappa,HP Kot Diji,2800-2600,k-p4,I-beam (two bars joined),non-Wells,-,1,pre-firing,"Kenoyer, J. M. 2006. The origin, context and function of the Indus script: recent insights from Harappa. Proc. Pre-symposium of RIHN / 7th ESCA Harvard-Kyoto Roundtable: 9-27",Figure 4,"https://www.harappa.com/content/origin-context-and-function-indus-script-recent-insights-harappa (PDF Kenoyer2006_..., read in the Chromium viewer, page 9 of 11)","drawing only; each drawn mark counted once (the figure is a selection, not a census)"
K06,Harappa,HP Kot Diji,2800-2600,k-p5,)( (two arcs back to back),906,B,1,pre-firing,"Kenoyer, J. M. 2006. The origin, context and function of the Indus script: recent insights from Harappa. Proc. Pre-symposium of RIHN / 7th ESCA Harvard-Kyoto Roundtable: 9-27",Figure 4,"https://www.harappa.com/content/origin-context-and-function-indus-script-recent-insights-harappa (PDF Kenoyer2006_..., read in the Chromium viewer, page 9 of 11)","drawing only; each drawn mark counted once (the figure is a selection, not a census)"
K06,Harappa,HP Kot Diji,2800-2600,k-p6,X with extra strokes (multi-crossed),646,C,1,pre-firing,"Kenoyer, J. M. 2006. The origin, context and function of the Indus script: recent insights from Harappa. Proc. Pre-symposium of RIHN / 7th ESCA Harvard-Kyoto Roundtable: 9-27",Figure 4,"https://www.harappa.com/content/origin-context-and-function-indus-script-recent-insights-harappa (PDF Kenoyer2006_..., read in the Chromium viewer, page 9 of 11)","drawing only; each drawn mark counted once (the figure is a selection, not a census)"
K06,Harappa,HP Kot Diji,2800-2600,k-p7,asterisk (six arms),685,B,1,pre-firing,"Kenoyer, J. M. 2006. The origin, context and function of the Indus script: recent insights from Harappa. Proc. Pre-symposium of RIHN / 7th ESCA Harvard-Kyoto Roundtable: 9-27",Figure 4,"https://www.harappa.com/content/origin-context-and-function-indus-script-recent-insights-harappa (PDF Kenoyer2006_..., read in the Chromium viewer, page 9 of 11)","drawing only; each drawn mark counted once (the figure is a selection, not a census)"
K06,Harappa,HP Kot Diji,2800-2600,k-p8,X,645,A,1,pre-firing,"Kenoyer, J. M. 2006. The origin, context and function of the Indus script: recent insights from Harappa. Proc. Pre-symposium of RIHN / 7th ESCA Harvard-Kyoto Roundtable: 9-27",Figure 4,"https://www.harappa.com/content/origin-context-and-function-indus-script-recent-insights-harappa (PDF Kenoyer2006_..., read in the Chromium viewer, page 9 of 11)","drawing only; each drawn mark counted once (the figure is a selection, not a census)"
K06,Harappa,HP Kot Diji,2800-2600,k-p9,three vertical strokes,33,B,1,pre-firing,"Kenoyer, J. M. 2006. The origin, context and function of the Indus script: recent insights from Harappa. Proc. Pre-symposium of RIHN / 7th ESCA Harvard-Kyoto Roundtable: 9-27",Figure 4,"https://www.harappa.com/content/origin-context-and-function-indus-script-recent-insights-harappa (PDF Kenoyer2006_..., read in the Chromium viewer, page 9 of 11)","drawing only; each drawn mark counted once (the figure is a selection, not a census)"
K06,Harappa,HP Kot Diji,2800-2600,k-p10,two vertical strokes,32,B,1,pre-firing,"Kenoyer, J. M. 2006. The origin, context and function of the Indus script: recent insights from Harappa. Proc. Pre-symposium of RIHN / 7th ESCA Harvard-Kyoto Roundtable: 9-27",Figure 4,"https://www.harappa.com/content/origin-context-and-function-indus-script-recent-insights-harappa (PDF Kenoyer2006_..., read in the Chromium viewer, page 9 of 11)","drawing only; each drawn mark counted once (the figure is a selection, not a census)"
K06,Harappa,HP Kot Diji,2800-2600,k-p11,one vertical stroke,31,B,1,pre-firing,"Kenoyer, J. M. 2006. The origin, context and function of the Indus script: recent insights from Harappa. Proc. Pre-symposium of RIHN / 7th ESCA Harvard-Kyoto Roundtable: 9-27",Figure 4,"https://www.harappa.com/content/origin-context-and-function-indus-script-recent-insights-harappa (PDF Kenoyer2006_..., read in the Chromium viewer, page 9 of 11)","drawing only; each drawn mark counted once (the figure is a selection, not a census)"
K06,Harappa,HP Kot Diji,2800-2600,k-p12,two arcs crossing (curved X),645,C,1,pre-firing,"Kenoyer, J. M. 2006. The origin, context and function of the Indus script: recent insights from Harappa. Proc. Pre-symposium of RIHN / 7th ESCA Harvard-Kyoto Roundtable: 9-27",Figure 4,"https://www.harappa.com/content/origin-context-and-function-indus-script-recent-insights-harappa (PDF Kenoyer2006_..., read in the Chromium viewer, page 9 of 11)","drawing only; each drawn mark counted once (the figure is a selection, not a census)"
K06,Harappa,HP Kot Diji,2800-2600,k-p13,shallow V (curved),700,C,1,pre-firing,"Kenoyer, J. M. 2006. The origin, context and function of the Indus script: recent insights from Harappa. Proc. Pre-symposium of RIHN / 7th ESCA Harvard-Kyoto Roundtable: 9-27",Figure 4,"https://www.harappa.com/content/origin-context-and-function-indus-script-recent-insights-harappa (PDF Kenoyer2006_..., read in the Chromium viewer, page 9 of 11)","drawing only; each drawn mark counted once (the figure is a selection, not a census)"
K06,Harappa,HP Kot Diji,2800-2600,k-p14,V + small v,700-700,B-C,1,pre-firing,"Kenoyer, J. M. 2006. The origin, context and function of the Indus script: recent insights from Harappa. Proc. Pre-symposium of RIHN / 7th ESCA Harvard-Kyoto Roundtable: 9-27",Figure 4,"https://www.harappa.com/content/origin-context-and-function-indus-script-recent-insights-harappa (PDF Kenoyer2006_..., read in the Chromium viewer, page 9 of 11)","drawing only; each drawn mark counted once (the figure is a selection, not a census)"
K06,Harappa,HP Kot Diji,2800-2600,k-p15,three nested arcs,908,B,1,pre-firing,"Kenoyer, J. M. 2006. The origin, context and function of the Indus script: recent insights from Harappa. Proc. Pre-symposium of RIHN / 7th ESCA Harvard-Kyoto Roundtable: 9-27",Figure 4,"https://www.harappa.com/content/origin-context-and-function-indus-script-recent-insights-harappa (PDF Kenoyer2006_..., read in the Chromium viewer, page 9 of 11)","drawing only; each drawn mark counted once (the figure is a selection, not a census)"
K06,Harappa,HP Kot Diji,2800-2600,k-p16,three oblique strokes,3,C,1,pre-firing,"Kenoyer, J. M. 2006. The origin, context and function of the Indus script: recent insights from Harappa. Proc. Pre-symposium of RIHN / 7th ESCA Harvard-Kyoto Roundtable: 9-27",Figure 4,"https://www.harappa.com/content/origin-context-and-function-indus-script-recent-insights-harappa (PDF Kenoyer2006_..., read in the Chromium viewer, page 9 of 11)","drawing only; each drawn mark counted once (the figure is a selection, not a census)"
K65,Kot Diji,KD Kot Diji levels,3000-2600,kd-2,inverted V (chevron) on a rimless jar,480,C,1,unknown,"Khan, F. A. 1965. Excavations at Kot Diji. Pakistan Archaeology 2: 11-85, pl. XXIV",pl. XXIV no. 2,https://archive.org/details/dli.ernet.108437 (108437-Pakistan Archaeology No.2_text.pdf p. 102 of the scan),poor halftone; Halim 1972 Table 12 cites it as the parallel of Sarai Khola no. 13
K65,Kot Diji,KD Kot Diji levels,3000-2600,kd-3,two crossed strokes (X) beside a vertical,645,C,1,unknown,"Khan, F. A. 1965. Excavations at Kot Diji. Pakistan Archaeology 2: 11-85, pl. XXIV",pl. XXIV no. 3,https://archive.org/details/dli.ernet.108437 (108437-Pakistan Archaeology No.2_text.pdf p. 102 of the scan),poor halftone
