cdli_p,designation,period,provenience,date,genre,category,persons,relation,profession,goods,quantity,unit,note,meluhha_line
P100892,Amherst 054,Ur III (ca. 2100-2000 BC),Girsu (mod. Tello),"Šulgi.48.08.00, Šulgi.48.09.00 (us2-us2 year)",Administrative,VILLAGE,,"i3-dub / e2-duru5 me-luh-ha (granary / village of Meluhha, Girsu)",,barley,,gur,Girsu granary account,14. i3-dub me-luh-ha-ta
P102031,"ASJ 03, 152 107",Ur III (ca. 2100-2000 BC),Girsu (mod. Tello),Amar-Suen.06.07.00,Administrative,VILLAGE,,"i3-dub / e2-duru5 me-luh-ha (granary / village of Meluhha, Girsu)",,barley,,gur,Girsu granary account,3. i3-dub me-luh-ha
P102519,"ASJ 13, 230 74",Ur III (ca. 2100-2000 BC),Girsu (mod. Tello),Šulgi.43.00.00,Administrative,PERSON-PATRONYM,ur-{d}lamma,dumu me-luh-ha,,barley,30,gur,,3. ki ur-{d}lamma dumu me-luh-ha-ta
P107404,"Buffalo SNS.11-2, 125 02",Ur III (ca. 2100-2000 BC),Umma (mod. Tell Jokha),--.--.00.00,Administrative,GOOD,,{gesz}guzza {gesz}ab-ba me-luh-ha,,ab-ba wood chair,1,piece,Umma,4. 1(disz) {gesz}guzza {gesz}ab-ba me-luh-ha?
P108448,"CT 03, pl. 17, BM 014594",Ur III (ca. 2100-2000 BC),Girsu (mod. Tello),"Šulgi.39.00.00, Amar-Suen.01.00.00",Administrative,PERSON-PATRONYM,ur-{d}lamma,dumu me-luh-ha,,wool,41 2/3 ma-na; remainder 2 gu2 50 ma-na,ma-na,Girsu; Ur-Lamma son of Meluhha (Sumerian name),4. ur-{d}lamma dumu me-luh-ha
P108484,"CT 05, pl. 36-37, BM 017751",Ur III (ca. 2100-2000 BC),Girsu (mod. Tello),Šulgi.48.00.00 (us2-us2 year),Administrative,VILLAGE,,"i3-dub / e2-duru5 me-luh-ha (granary / village of Meluhha, Girsu)",,barley,,gur,Girsu granary account,1. i3-dub e2-duru5-me-luh-ha{ki}
P110238,HLC 368 (pl. 139),Ur III (ca. 2100-2000 BC),Girsu (mod. Tello),--.--.00.00,Administrative,VILLAGE,,"i3-dub / e2-duru5 me-luh-ha (granary / village of Meluhha, Girsu)",,barley,,gur,Girsu granary account,6'. me-luh-ha-ta
P110574,"ITT 2, 00705",Ur III (ca. 2100-2000 BC),Girsu (mod. Tello),Šū-Suen.08.12.00,Administrative,VILLAGE,,"i3-dub / e2-duru5 me-luh-ha (granary / village of Meluhha, Girsu)",,barley,,gur,Girsu granary account,2. i3-dub me-luh-ha
P110774,"ITT 2, 00904",Ur III (ca. 2100-2000 BC),Girsu (mod. Tello),--.--.00.00,Administrative,PERSON-NAMED,me-luh-ha (female worker),personal name,"geme2 (female worker), daughter of ...",barley ration,3 ban2 3 sila,ban2,Girsu,18. 3(ban2) 3(disz) me-luh-ha
P112283,"JESHO 20, 145 12",Ur III (ca. 2100-2000 BC),Girsu (mod. Tello),00.00.00.00,Administrative,PERSON-NAMED,me-luh-ha (son of ur-{d}na-ru2-a),personal name,worker under foreman nam-mah-ni,,1,person,a Sumerian father names his son Meluhha,7. 1(disz) me-luh-ha
P114609,"MVN 06, 154",Ur III (ca. 2100-2000 BC),Girsu (mod. Tello),Šulgi.32.11.00,Administrative,VILLAGE,,"i3-dub / e2-duru5 me-luh-ha (granary / village of Meluhha, Girsu)",,barley,,gur,Girsu granary account,3. e2-duru5 me-luh-ta
P115261,"MVN 07, 411",Old Akkadian (ca. 2340-2200 BC) ?,Girsu (mod. Tello),,Administrative,PERSON-NAMED,me-luh-ha,personal name,ugula (foreman of 6 ARAD2 of Nanshe),,6,workers,OAkk Girsu,4. ugula# me-luh-ha
P115266,"MVN 07, 420",Ur III (ca. 2100-2000 BC),Girsu (mod. Tello),Šulgi.34.09.00,Administrative,VILLAGE,,"i3-dub / e2-duru5 me-luh-ha (granary / village of Meluhha, Girsu)",,barley,,gur,Girsu granary account,3. gu2-ab-ba{ki}-ka e2-duru5 me-luh-ha-ta
P115571,"MVN 08, 181",Ur III (ca. 2100-2000 BC),Girsu (mod. Tello),--.--.00.00,Administrative,VILLAGE,,"i3-dub / e2-duru5 me-luh-ha (granary / village of Meluhha, Girsu)",,barley,,gur,Girsu granary account,6'. 4(gesz2) 5(u) 9(asz) 1(barig) 1(ban2) gur me-luh-ha
P116633,"MVN 12, 371",Ur III (ca. 2100-2000 BC),Girsu (mod. Tello),Amar-Suen.03.00.00,Administrative,VILLAGE,,"i3-dub / e2-duru5 me-luh-ha (granary / village of Meluhha, Girsu)",,barley,,gur,Girsu granary account,3. i3-dub me-luh-ha-ta
P116735,"MVN 12, 473",Ur III (ca. 2100-2000 BC),Girsu (mod. Tello),"Šū-Suen.05.00.00, Šū-Suen.06.05.00 (us2 year)",Administrative,VILLAGE,,"i3-dub / e2-duru5 me-luh-ha (granary / village of Meluhha, Girsu)",,barley,,gur,Girsu granary account,5. 1(u) 7(asz) 1(barig) sze he-gal2 u3 me-luh-ha
P116995,"MVN 13, 223",Ur III (ca. 2100-2000 BC),Girsu (mod. Tello),Šū-Suen.09.07.00,Administrative,VILLAGE,,"i3-dub / e2-duru5 me-luh-ha (granary / village of Meluhha, Girsu)",,barley,,gur,Girsu granary account,3. i3-dub me-luh-ha-a-ta
P123010,OTR 075,Ur III (ca. 2100-2000 BC),Girsu (mod. Tello),Amar-Suen.03.00.00,Administrative,VILLAGE,,"i3-dub / e2-duru5 me-luh-ha (granary / village of Meluhha, Girsu)",,barley,,gur,Girsu granary account,3. i3-dub me-luh-ha
P123177,OTR 242,Ur III (ca. 2100-2000 BC),Girsu (mod. Tello),Šulgi.40.00.00 (us2 year),Administrative,PERSON-PATRONYM,ur-{d}lamma,dumu me-luh-ha,sealing official (kiszib3),barley,4(gesz2) 25 gur 1 barig 5 ban2 5 sila (= 265+ gur),gur,,10. dumu me-luh-ha
P124739,"Orient 16, 088 131",Ur III (ca. 2100-2000 BC),Girsu (mod. Tello),"Šulgi.40.00.00, Šulgi.41.06.00, Šulgi.41.07.00, Šulgi.41.08.00, Šulgi.43.00.00 (us2 year)",Administrative,PERSON-PATRONYM,ur-{d}ig-alim,dumu me-luh-ha,,workers of the house of Nin-mar,?,,"Girsu, Ninmar district (Guabba)",7'. x ur-{d}ig-alim dumu me-luh-ha
P130369,STA 19,Ur III (ca. 2100-2000 BC),Girsu (mod. Tello),Šulgi.48.01.00 (us2-us2 year),Administrative,VILLAGE,,{gesz}kiri6 me-luh-ha {d}nin-mar{ki}-ka,,orchard of Meluhha of Ninmar,,,"Girsu, Guabba district",15. {gesz}kiri6 me-luh-ha {d}nin-mar{ki}-ka
P132876,"TCTI 2, 03666",Ur III (ca. 2100-2000 BC),Girsu (mod. Tello),Šū-Suen.08.00.00,Administrative,VILLAGE,,"i3-dub / e2-duru5 me-luh-ha (granary / village of Meluhha, Girsu)",,barley,,gur,Girsu granary account,2. si-i3-tum i3-dub me-luh-ha
P135727,TUT 154,Ur III (ca. 2100-2000 BC),Girsu (mod. Tello),Amar-Suen.02.03.00 (us2 year),Administrative,PERSON-PATRONYM,ma2-gur8-re,dumu me-luh-ha,"erin2 e2 {d}nansze (worker of the Nanshe temple), clay-carrier",barley,1(asz) 1(barig),gur,,22. dumu me-luh-ha erin2 e2 {d}nansze-ta
P135796,TUT 202,Ur III (ca. 2100-2000 BC),Umma (mod. Tell Jokha),00.00.--.--,Administrative,UNCLEAR,e-lum-me-luh,possible personal name ending in -me-luh,lu2-[...],"messenger rations: beer, bread, oil, naga",5; 5; 2; 2,sila3 / gin2,Umma; standard messenger rations,2. e-lum-me-luh lu2-[...]
P135969,"UCP 09-02-1, 065",Ur III (ca. 2100-2000 BC),Girsu (mod. Tello),Ibbi-Suen.01.00.00,Administrative,VILLAGE,,"i3-dub / e2-duru5 me-luh-ha (granary / village of Meluhha, Girsu)",,barley,,gur,Girsu granary account,5. 1(asz) e2-ta sze me-<luh>-ha{ki}
P136196,UDT 064,Ur III (ca. 2100-2000 BC),Girsu (mod. Tello),Šulgi.40.00.00 (us2 year),Administrative,PERSON-PATRONYM,ur-{d}lamma,dumu me-luh-ha,sealing official (kiszib3),barley,1(gesz2) = 60 gur 2 barig 4 ban2,gur,,11. kiszib3 ur-{d}lamma dumu me-luh-ha
P136689,"UET 3, 0368",Ur III (ca. 2100-2000 BC),Ur (mod. Tell Muqayyar),Ibbi-Suen.04.02.00 (us2 year),Administrative,GOOD,,uruda me-luh-ha,,copper of Meluhha,6,ma-na,Ur,2. 6(disz) ma-na uruda me-luh-ha
P136752,"UET 3, 0430",Ur III (ca. 2100-2000 BC),Ur (mod. Tell Muqayyar),Ibbi-Suen.15.02.06,Administrative,GOOD,ur-gu2-edin-na; a-hu-wa-qar,{gesz}ab-ba me-luh-ha,craftsmen archive,ab-ba wood (handle),2,piece,"Ur, IS 15",3'. mu10-us2-bi {gesz}ab-ba me-luh-ha 2(disz)-a
P136982,"UET 3, 0660",Ur III (ca. 2100-2000 BC),Ur (mod. Tell Muqayyar),Ibbi-Suen.15.01.29,Administrative,GOOD,amar-{d}iszkur; a-hu-wa-qar,{gesz}dur2 {gesz}ab-ba me-luh-ha,,ab-ba wood seat,1,piece,Ur,3. 1(disz) {gesz}dur2 {gesz}ab-ba me-luh-ha-bi
P137023,"UET 3, 0701",Ur III (ca. 2100-2000 BC),Ur (mod. Tell Muqayyar),Ibbi-Suen.17.12.24,Administrative,GOOD,,{gesz}mu10-us2 ... me-luh-ha,,ab-ba(?) wood fitting,3,piece,Ur,3. 3(disz) {gesz}mu10-us2 gir2-gi-ka dub-ba me-luh-ha [...]
P137076,"UET 3, 0752",Ur III (ca. 2100-2000 BC),Ur (mod. Tell Muqayyar),--.--.00.00,Administrative,GOOD,,ab-ba me-luh-ha,,ab-ba wood,?,,Ur,8. ab-ba me-luh-ha
P137081,"UET 3, 0757",Ur III (ca. 2100-2000 BC),Ur (mod. Tell Muqayyar),Ibbi-Suen.15.09.26,Administrative,GOOD,dingir-su-ra-bi2; a-hu-wa-qar,dar{muszen} me-luh-ha,,Meluhha bird figurine (ivory),1,piece,Ur,5. 1(disz) dar{muszen} me-luh-ha tur
P137085,"UET 3, 0761",Ur III (ca. 2100-2000 BC),Ur (mod. Tell Muqayyar),Ibbi-Suen.15.02.05,Administrative,GOOD,dingir-su-ra-bi2; a-hu-wa-qar,dar me-luh-ha,,Meluhha bird figurine (ivory),3,piece,Ur,3. 3(disz) dar me-luh-ha
P137088,"UET 3, 0764",Ur III (ca. 2100-2000 BC),Ur (mod. Tell Muqayyar),Ibbi-Suen.15.04.20,Administrative,GOOD,dingir-su-ra-bi2; a-hu-wa-qar,dar me-luh-ha,,Meluhha bird figurine (ivory),1,piece,Ur,4. 1(disz) dar me-luh-ha
P137092,"UET 3, 0768",Ur III (ca. 2100-2000 BC),Ur (mod. Tell Muqayyar),Ibbi-Suen.15.05.15,Administrative,GOOD,dingir-su-ra-bi2; a-hu-wa-qar,dar me-luh-ha,,Meluhha bird figurine (ivory),1,piece,Ur,1. 1(disz) dar me-luh-ha tur
P137094,"UET 3, 0770",Ur III (ca. 2100-2000 BC),Ur (mod. Tell Muqayyar),Ibbi-Suen.15.01.07,Administrative,GOOD,a-hu-wa-qar,dar me-luh-ha,,Meluhha bird figurine (ivory),1,piece,Ur,5. 1(disz) dar me-luh-ha
P137142,"UET 3, 0818",Ur III (ca. 2100-2000 BC),Ur (mod. Tell Muqayyar),Ibbi-Suen.15.01.23,Administrative,GOOD,{d}nanna-kam; a-hu-wa-qar,mes me-luh-ha,,mes wood chair,1,piece,Ur,2. mes me-luh-ha e2-ba-an
P137152,"UET 3, 0828",Ur III (ca. 2100-2000 BC),Ur (mod. Tell Muqayyar),--.--.00.00,Administrative,GOOD,,{gesz}ab-ba me-luh-ha,,ab-ba wood,?,,Ur,12'. [...] {gesz}ab-ba me-luh-ha
P137566,"UET 3, 1241",Ur III (ca. 2100-2000 BC),Ur (mod. Tell Muqayyar),Ibbi-Suen.15.00.00,Administrative,GOOD,,mes me-luh-ha,,mes wood bed,1,piece,Ur,2. mes me-luh-ha sa2-a-bi-tum-ta
P137823,"UET 3, 1498",Ur III (ca. 2100-2000 BC),Ur (mod. Tell Muqayyar),"Ibbi-Suen.15.01.00, Ibbi-Suen.15.12.00",Administrative,GOOD,{d}nanna-kam; dingir-su-ra-bi2; ur-{d}ba-ba6,mes me-luh-ha / me-luh-ha{ki},,mes wood furniture,1; 1,piece,"Ur, IS 15",35. sza3 za3#?-bar x gesz# [...] me-luh-ha-ta
P140868,"UTI 4, 2849",Ur III (ca. 2100-2000 BC),Umma (mod. Tell Jokha),Šū-Suen.02.00.00,Administrative,GOOD,{d}ma-an-isz-di2-su (Maništušu cult),{gesz}gu-za {gesz}ab-ba saga me-luh-ha,,ab-ba wood chair,1,piece,Umma,2. me-luh-ha {d}ma-<an>-isz-di2-su kusz si-ga <<si-ga>>
P202783,"PPAC 5, 0612",Ur III (ca. 2100-2000 BC),Girsu (mod. Tello),Šulgi.40.00.00 (us2 year),Administrative,PERSON-PATRONYM,ur-{d}lamma,dumu me-luh-ha,sealing official (kiszib3),barley,4(gesz2) 25 gur ...,gur,duplicate account of P123177,9. dumu me-luh-ha
P206053,BM 025318,Ur III (ca. 2100-2000 BC),Girsu (mod. Tello),Ibbi-Suen.03.07.00,Administrative,VILLAGE,,"i3-dub / e2-duru5 me-luh-ha (granary / village of Meluhha, Girsu)",,barley,,gur,Girsu granary account,2. i3-dub sza3 me-luh-ha
P207485,"MVN 22, 181",Ur III (ca. 2100-2000 BC),Girsu (mod. Tello),00.00.00.00,Administrative,PERSON-PATRONYM,ur-{d}lamma,dumu me-luh-ha,,oil?,3 ban2 4 sila,ban2,,8. 3(ban2) 4(disz) sila3 gin2 ur-{d}lamma dumu me-luh-ha
P212842,"BIN 08, 298",Old Akkadian (ca. 2340-2200 BC),,,Administrative ?,SHIP,da-di3,lu2-tukul ma2 me-luh-ha-ka (weapon-bearer of the Meluhha ship),lu2 tukul (armed man),oil,1,sila3,Akkade period,3. lu2-tukul ma2 me-luh-ha-ka
P212982,"CT 50, 076",Old Akkadian (ca. 2340-2200 BC),,,Administrative,PERSON-ETHNIC,lu2-sun2-zi-da,lu2 me-luh-ha,,silver compensation for a broken tooth,10,gin2 (shekel),"Sumerian name, 14 attestations in CDLI; pays to ur-tesz2 (Ur-Teš, Nisqum)",6. lu2 me-luh-ha-ke4
P213104,DCS 017,Lagash II (ca. 2200-2100 BC),Girsu (mod. Tello),,Administrative ?,PERSON-ETHNIC,ur-ab-ba,ra-gaba me-luh-ha (courier/rider of Meluhha),ra-gaba (courier),chair,1,piece,Lagash II,4. ur-ab-ba ra-gaba me-luh-ha
P215605,"MDP 14, 062-126 42",Old Akkadian (ca. 2340-2200 BC),Susa (mod. Shush),,Administrative ?,SHIP,,n x me-luh-ha / n sila3 ma2-bi,,?,n,sila3,"Susa, OAkk",4'. n x me-luh#-[ha]
P216994,RTC 222,Lagash II (ca. 2200-2100 BC),Girsu (mod. Tello),00.00.00.00,Administrative ?,GOOD,,{gesz}banszur me-luh-ha,,Meluhha table,1,piece,Lagash II,8. 1(disz) {gesz}banszur me-luh#-ha
P217502,Adab 0712,Old Akkadian (ca. 2340-2200 BC),Adab (mod. Bismaya),,Administrative,SHIP,(4 men),gurusz ma2 me-luh-ha,,barley ration,5 (for 4 men),gur,Adab,10. [...] 5(asz@c) sze-ba 4(asz@c) gurusz ma2 me-luh-ha
P217616,Adab 1014,Old Akkadian (ca. 2340-2200 BC),Adab (mod. Bismaya),,Administrative,PERSON-ETHNIC,"(group, unnamed)",me-luh-ha-me,,dabin flour of Akkade,3,ban2,"Adab, OAkk",3. 3(ban2@c) me-luh-ha-me
P217674,"ZA 074, 065",uncertain,uncertain (mod. uncertain),,Mathematical,SCIENTIFIC,,stone lists / magic,,gug me-luh-ha (carnelian),,,,2. me-luh-ha
P217715,"ITT 4, 07089",Old Akkadian (ca. 2340-2200 BC),Girsu (mod. Tello),,Administrative ?,GOOD,,masz2 ga me-luh-ha,,suckling kid of Meluhha,1,animal,OAkk Girsu,5. 1(asz@c) masz2 ga me-luh-ha
P218242,"SANTAG 7, 167",Ur III (ca. 2100-2000 BC),Girsu (mod. Tello),Šulgi.48.08.00 (us2-us2 year),Administrative,VILLAGE,,"i3-dub / e2-duru5 me-luh-ha (granary / village of Meluhha, Girsu)",,barley,,gur,Girsu granary account,3. i3-dub e2-duru5 me-luh-ha-ta
P226318,"RIME 3/2.01.05.04, ex. 01",Old Babylonian (ca. 1900-1600 BC),Ur (mod. Tell Muqayyar),Ibbi-Suen.00.00.00,Royal/Monumental,ROYAL,,royal inscription,,,,,,9. ur# gun3#-a me-luh-ha{ki}
P227509,"RIME 2.01.01.01, ex. 01 & RIME 2.01.01.02, ex. 01 RIME 2.01.01.03, ex. 01 & RIME 2.01.01.067, ex. 01 & RIME 2.01.01.07, ex. 01 & RIME 2.01.01.08, ex. 01 & RIME 2.01.01.09, ex. 01 & RIME 2.01.01.11, ex. 01 & RIME 2.01.01.12, ex. 01  & RIME 2.01.01.13, ex. ",Old Babylonian (ca. 1900-1600 BC),,Sargon.00.00.00; Rimush.00.00.00; Manishtusu.00.00.00,Royal/Monumental,ROYAL,,royal inscription,,,,,,12. _ma2_ me-luh-ha{ki}
P227510,"RIME 2.01.01.01, ex. 02 & RIME 2.01.01.02, ex. 02 & RIME 2.01.01.03, ex. 02 & RIME 2.01.01.09, ex. 02 & RIME 2.01.01.11 & RIME 2.01.01.12 ex. 02 & RIME 2.01.01.13 ex. 02 & RIME 2.01.01.14 ex. 02 & RIME 2.01.01.15, ex. 02 & RIME 2.01.02.01, ex. 02 & RIME 2",Old Babylonian (ca. 1900-1600 BC),Nippur (mod. Nuffar),Sargon.00.00.00; Rimush.00.00.00; Manishtusu.00.00.00,Royal/Monumental,ROYAL,,royal inscription,,,,,,4'. _ma2_ me!-luh-ha
P227514,"RIME 2.01.02.08, ex. 01",Ur III (ca. 2100-2000 BC),Nippur (mod. Nuffar) ?,Rimush.00.00.00,Royal/Monumental,ROYAL,,royal inscription,,,,,,7. u3# [me]-luh-ha{ki}
P227698,"EEN 306, CBS 12705",Old Babylonian (ca. 1900-1600 BC),Nippur (mod. Nuffar),,Lexical,LEXICAL,,word list,,9. [...] ab#-ba-me-luh-ha,,,,9. [...] ab#-ba-me-luh-ha
P227751,"OIP 011, 179",Old Babylonian (ca. 1900-1600 BC),Nippur (mod. Nuffar),,Lexical,LEXICAL,,word list,,3. {na4#}gug me-luh-ha,,,,3. {na4#}gug me-luh-ha
P227784,"MSL 07, 177 ",Old Babylonian (ca. 1900-1600 BC),Nippur (mod. Nuffar),,Lexical,LEXICAL,,word list,,5'. gesz mes-me-luh-ha,,,,5'. gesz mes-me-luh-ha
P227911,"OIP 011, 174",Old Babylonian (ca. 1900-1600 BC),Nippur (mod. Nuffar),,Lexical,LEXICAL,,word list,,3'. gesz# gu-za-me-luh-[...],,,,3'. gesz# gu-za-me-luh-[...]
P227981,"OIP 011, p. 014, CBS 04837 (unpub. dup.)",Old Babylonian (ca. 1900-1600 BC),Nippur (mod. Nuffar),,Lexical,LEXICAL,,word list,,7. gesz ba-ab#-me#-luh-ha,,,,7. gesz ba-ab#-me#-luh-ha
P228049,"OIP 011, 157",Old Babylonian (ca. 1900-1600 BC),Nippur (mod. Nuffar),,Lexical,LEXICAL,,word list,,3'. gesz# mes-me-luh-ha,,,,3'. gesz# mes-me-luh-ha
P228068,"EEN 297, CBS 09847+",Old Babylonian (ca. 1900-1600 BC),Nippur (mod. Nuffar),,Lexical,LEXICAL,,word list,,8. gesz mes#-me-luh#-ha#,,,,8. gesz mes#-me-luh#-ha#
P228354,N 5053 + N 5066,Old Babylonian (ca. 1900-1600 BC),Nippur (mod. Nuffar),,Lexical,LEXICAL,,word list,,2'. [dar me-luh]-ha{muszen},,,,2'. [dar me-luh]-ha{muszen}
P228382,"EEN 317, N 5140+",Old Babylonian (ca. 1900-1600 BC),Nippur (mod. Nuffar),,Lexical,LEXICAL,,word list,,4. [...]-ba#-me-luh-ha,,,,4. [...]-ba#-me-luh-ha
P228419,"EEN 330, N 5229",Old Babylonian (ca. 1900-1600 BC),Nippur (mod. Nuffar),,Lexical,LEXICAL,,word list,,7. gesz ab-ba-me-luh-ha,,,,7. gesz ab-ba-me-luh-ha
P228497,"EEN 320, N 5564",Old Babylonian (ca. 1900-1600 BC),Nippur (mod. Nuffar),,Lexical,LEXICAL,,word list,,2'. [...] mes-me-luh-ha,,,,2'. [...] mes-me-luh-ha
P228532,"EEN 310, UM 29-13-075",Old Babylonian (ca. 1900-1600 BC),Nippur (mod. Nuffar),,Lexical,LEXICAL,,word list,,13. gesz ab-ba-me-luh-ha,,,,13. gesz ab-ba-me-luh-ha
P228695,"EEN 320, UM 29-16-001",Old Babylonian (ca. 1900-1600 BC),Nippur (mod. Nuffar),,Lexical,LEXICAL,,word list,,6'. gesz mes-me-luh-ha,,,,6'. gesz mes-me-luh-ha
P228742,"MSL 07, 211 V16, 230 V06",Old Babylonian (ca. 1900-1600 BC),Nippur (mod. Nuffar),,Lexical,LEXICAL,,word list,,7. uruda me-luh-ha,,,,7. uruda me-luh-ha
P229187,"OIP 011, 141",Old Babylonian (ca. 1900-1600 BC),Nippur (mod. Nuffar),,Lexical,LEXICAL,,word list,,4. gesz mes-me-luh-ha,,,,4. gesz mes-me-luh-ha
P229209,"EEN 302, 06468",Old Babylonian (ca. 1900-1600 BC),Nippur (mod. Nuffar),,Lexical,LEXICAL,,word list,,8'. [...]-me#-luh,,,,8'. [...]-me#-luh
P229216,"EEN 302, CBS 06542",Old Babylonian (ca. 1900-1600 BC),Nippur (mod. Nuffar),,Lexical,LEXICAL,,word list,,5'. gesz mes-me-luh#-[...],,,,5'. gesz mes-me-luh#-[...]
P229234,"EEN 304, N 5880",Old Babylonian (ca. 1900-1600 BC),Nippur (mod. Nuffar),,Lexical,LEXICAL,,word list,,2'. [...]-ba#-me-luh-ha,,,,2'. [...]-ba#-me-luh-ha
P229241,"PBS 11/3, p. 276, CBS 06682",Old Babylonian (ca. 1900-1600 BC),Nippur (mod. Nuffar),,Lexical,LEXICAL,,word list,,2. gesz ab-ba-me-luh-ha,,,,2. gesz ab-ba-me-luh-ha
P229262,"EEN 294, N 1361+",Old Babylonian (ca. 1900-1600 BC),Nippur (mod. Nuffar),,Lexical,LEXICAL,,word list,,5. [...] ab#-ba-me-luh-ha,,,,5. [...] ab#-ba-me-luh-ha
P229306,"CDLI Literary 000796, ex. 093",Old Babylonian (ca. 1900-1600 BC),Nippur (mod. Nuffar),,Lexical; Literary; Mathematical,LEXICAL,,word list,,24. dar me-luh-ha{muszen},,,,24. dar me-luh-ha{muszen}
P229769,"EEN 312, HS 1629+",Old Babylonian (ca. 1900-1600 BC),Nippur (mod. Nuffar) ?,,Lexical,LEXICAL,,word list,,17. [...]-ba-me-luh-ha,,,,17. [...]-ba-me-luh-ha
P229782,"EEN 312, HS 1646",Old Babylonian (ca. 1900-1600 BC),Nippur (mod. Nuffar) ?,,Lexical,LEXICAL,,word list,,18. gesz ab-ba-me#-luh#-ha,,,,18. gesz ab-ba-me#-luh#-ha
P229810,"EEN 313, HS 1806",Old Babylonian (ca. 1900-1600 BC),Nippur (mod. Nuffar) ?,,Lexical,LEXICAL,,word list,,16. gesz ab-ba-me-luh-ha,,,,16. gesz ab-ba-me-luh-ha
P229811,"EEN 314, HS 1827",Old Babylonian (ca. 1900-1600 BC),Nippur (mod. Nuffar) ?,,Lexical,LEXICAL,,word list,,7. gesz mes-me-luh-ha,,,,7. gesz mes-me-luh-ha
P230201,"EEN 332, N 4728",Old Babylonian (ca. 1900-1600 BC),Nippur (mod. Nuffar),,Lexical,LEXICAL,,word list,,2'. [...] ab-ba-me-luh-ha,,,,2'. [...] ab-ba-me-luh-ha
P230311,"EEN 323, CBS 04823",Old Babylonian (ca. 1900-1600 BC),Nippur (mod. Nuffar),,Lexical,LEXICAL,,word list,,4'. [...] mes-me-luh-ha,,,,4'. [...] mes-me-luh-ha
P230458,"EEN 324, CBS 07904+",Old Babylonian (ca. 1900-1600 BC),Nippur (mod. Nuffar),,Lexical,LEXICAL,,word list,,8'. gesz mes-me-luh-ha,,,,8'. gesz mes-me-luh-ha
P230593,"EEN 325, N 4660",Old Babylonian (ca. 1900-1600 BC),Nippur (mod. Nuffar),,Lexical,LEXICAL,,word list,,5. gesz ab-me-luh-[...],,,,5. gesz ab-me-luh-[...]
P230616,"EEN 293, IM 058599",Old Babylonian (ca. 1900-1600 BC),Nippur (mod. Nuffar),,Lexical,LEXICAL,,word list,,1'. [...] me?-luh-[...],,,,1'. [...] me?-luh-[...]
P230811,"EEN 322, 3N-T0909c",Old Babylonian (ca. 1900-1600 BC),Nippur (mod. Nuffar),,Lexical,LEXICAL,,word list,,1'. gesz mes-me-luh-ha,,,,1'. gesz mes-me-luh-ha
P230858,N 5762,Old Babylonian (ca. 1900-1600 BC),Nippur (mod. Nuffar),,Lexical,LEXICAL,,word list,,2'. gesz ab-ba-me-luh-ha,,,,2'. gesz ab-ba-me-luh-ha
P230923,N 5747,Old Babylonian (ca. 1900-1600 BC),Nippur (mod. Nuffar),,Lexical,LEXICAL,,word list,,1'. gesz# mes-me-luh#-[...],,,,1'. gesz# mes-me-luh#-[...]
P231237,N 5032,Old Babylonian (ca. 1900-1600 BC),Nippur (mod. Nuffar),,Lexical,LEXICAL,,word list,,3'. gesz ab-ba-me-luh#-[...],,,,3'. gesz ab-ba-me-luh#-[...]
P231266,BT 19,Old Babylonian (ca. 1900-1600 BC),Nippur (mod. Nuffar),,Lexical,LEXICAL,,word list,,10. dar me-luh-ha{muszen},,,,10. dar me-luh-ha{muszen}
P232275,"RIME 3/1.01.07, St B witness",Lagash II (ca. 2200-2100 BC),Girsu (mod. Tello),Gudea.00.00.00,Royal/Monumental,ROYAL,,royal inscription,,,,,,26. kur me-luh-ha
P232277,"RIME 3/1.01.07, St D witness",Lagash II (ca. 2200-2100 BC),Girsu (mod. Tello),Gudea.00.00.00,Royal/Monumental,ROYAL,,royal inscription,,,,,,8. me-luh-ha{ki}
P232300,"RIME 3/1.01.07, Cyl A witness",Lagash II (ca. 2200-2100 BC),Girsu (mod. Tello),Gudea.00.00.00,Royal/Monumental,ROYAL,,royal inscription,,,,,,19. ma2-gan me-luh-ha kur-bi-ta im-ma-ta-e11-de3
P232301,"RIME 3/1.01.07, Cyl B witness",Lagash II (ca. 2200-2100 BC),Girsu (mod. Tello),Gudea.00.00.00,Royal/Monumental,ROYAL,,royal inscription,,,,,,13. uruda# nagga lagab za-gin3-na ku3 NE gug gi-rin me-luh-ha-da
P235705,Anonymous 235705,Ur III (ca. 2100-2000 BC),Girsu (mod. Tello),Šū-Suen.01.00.00,Administrative,VILLAGE,,"i3-dub / e2-duru5 me-luh-ha (granary / village of Meluhha, Girsu)",,barley,,gur,Girsu granary account,2. e2-duru5 me-luh-ha{ki}-ta
P236658,"BIN 10, 114",Early Old Babylonian (ca. 2000-1900 BC),Isin (mod. Bahriyat) ?,Ishbi-Erra.14.04.00,Administrative,GOOD,an-ti-iri-nag,{gesz}giri3-gub {gesz}ab-ba me-luh-ha,,ab-ba wood footstool,1,piece,"Isin, Ishbi-Erra 14",4. {gesz}giri3-gub {gesz}ab-ba me-luh-ha
P247815,"UET 7, 0132",Neo-Babylonian (ca. 626-539 BC),Ur (mod. Tell Muqayyar),,Lexical,LEXICAL,,word list,,"7. [dar] me-luh-ha{muszen} = %a s,u-la-mu",,,,"7. [dar] me-luh-ha{muszen} = %a s,u-la-mu"
P249043,"AAICAB 1/3, pl. 206-207, Bod S 138",Ur III (ca. 2100-2000 BC),Umma (mod. Tell Jokha),Šū-Suen.09.00.00,Administrative,GOOD,,{gesz}gu-za-nita {gesz}ab-ba me-luh-ha,,ab-ba wood chair,1,piece,"Umma, ŠS 9",4. 1(disz) {gesz}gu-za-nita {gesz}ab-ba me-luh-ha uruda gar-ra
P251861,"CUSAS 17, 022",Old Babylonian (ca. 1900-1600 BC) ?,uncertain (mod. uncertain),,Royal/Monumental,ROYAL,,royal inscription,,,,,,1. kur me-luh-ha-ta# i-si im-ku4-ku4
P253274,"CUSAS 35, 288",Old Akkadian (ca. 2340-2200 BC),Adab (mod. Bismaya),,Administrative,PERSON-ETHNIC,i3-li2-a-hi,lu2 me-luh,,ration (list of royal soldiers aga3-us2 lugal),9,"(units, OAkk @c/@t numeral)",Akkadian name,12. lu2# me-luh
P270899,EA 114,Middle Babylonian (ca. 1400-1100 BC),Akhetaten (mod. el-Amarna),,,OTHER-LATE,,,,,,,,31. [u3 x _lu2-mesz kur_ me-lu]-ha#
P270904,EA 132,Middle Babylonian (ca. 1400-1100 BC),Akhetaten (mod. el-Amarna),,,OTHER-LATE,,,,,,,,"2. [_kur_ me-lu]-ha 5(u) _{gesz}gigir-mesz_ [u3? ti]-na#-s,i2-ru#"
P271020,EA 070,Middle Babylonian (ca. 1400-1100 BC),Akhetaten (mod. el-Amarna),,,OTHER-LATE,,,,,,,,1. [u3 x _lu2]-mesz# kur_ me-lu#-ha
P271107,EA 112,Middle Babylonian (ca. 1400-1100 BC),Akhetaten (mod. el-Amarna),,,OTHER-LATE,,,,,,,,"20. _kur_ mi-is,-ri u3 _kur_ mi-lu-ha"
P271110,EA 133,Middle Babylonian (ca. 1400-1100 BC),Akhetaten (mod. el-Amarna),,,OTHER-LATE,,,,,,,,"17. [_kur_ me-lu]-ha :"" ka-[szi u3]"
P271207,EA 108,Middle Babylonian (ca. 1400-1100 BC),Akhetaten (mod. el-Amarna),,,OTHER-LATE,,,,,,,,"3. 2(u)# _lu2-mesz kur_ mi-lu-ha 2(u) _lu2-mesz kur_ mi-is,-ri"
P271211,EA 117,Middle Babylonian (ca. 1400-1100 BC),Akhetaten (mod. el-Amarna),,,OTHER-LATE,,,,,,,,34. u3 _lu2-mesz kur_ me-lu-ha it-ti-szu-nu
P278950,"CDLI Literary 002727, ex. 003",Neo-Babylonian (ca. 626-539 BC),Nippur (mod. Nuffar),,Lexical; Literary,LEXICAL,,word list,,8'. _{gesz}geszimmar me-luh-ha_ = [me-luh-hu-u],,,,8'. _{gesz}geszimmar me-luh-ha_ = [me-luh-hu-u]
P283844,"Nisaba 07, 40",Ur III (ca. 2100-2000 BC),Girsu (mod. Tello),Šulgi.39.11.00,Administrative,GOOD,,kab-bi {gesz}ab-ba me-luh-ha,,ab-ba wood (parts of chairs),2,piece,Girsu,9. kab-bi {gesz}ab-ba me-luh-ha-kam
P285277,"BAM 2, 185",,,,Scientific,SCIENTIFIC,,stone lists / magic,,gug me-luh-ha (carnelian),,,,25'. _{na4#}gug# me-[luh-ha]_
P285438,"BAM 4, 367",,,,Scientific,SCIENTIFIC,,stone lists / magic,,gug me-luh-ha (carnelian),,,,22. [{na4}a]-lal#-lu sa-a-bu _an-zah gug#_ me-luh-ha
P285444,"BAM 4, 373",,Assur (mod. Qalat Sherqat),,Scientific,SCIENTIFIC,,stone lists / magic,,gug me-luh-ha (carnelian),,,,29. _{na4}gug_ me-luh-ha
P285446,"BAM 4, 375",,Assur (mod. Qalat Sherqat),,Scientific,SCIENTIFIC,,stone lists / magic,,gug me-luh-ha (carnelian),,,,31. {na4#}asz-har _{na4}gug_ me-luh-ha
P285447,"BAM 4, 376",,,,Scientific,SCIENTIFIC,,stone lists / magic,,gug me-luh-ha (carnelian),,,,17. _gug_ me-luh-ha hu-luh-ha _szim-bi-zi-da_
P285449,"BAM 4, 378",,Assur (mod. Qalat Sherqat),,Scientific,SCIENTIFIC,,stone lists / magic,,gug me-luh-ha (carnelian),,,,5'. _{na4}gug_ me-luh-hi _mu-ni_
P313081,"RINAP 3/1 Sennacherib 022, ex. 001",Neo-Assyrian (ca. 911-612 BC),Nineveh (mod. Kuyunjik),Sennacherib.16.04.00,Royal/Monumental,ROYAL,,royal inscription,,,,,,80. sza _lugal_ {kur}me-luh-hi e-mu-qi2 la ni-bi
P318542,"PPAC 5, 0323",Ur III (ca. 2100-2000 BC),Girsu (mod. Tello),Amar-Suen.06.00.00,Administrative,PERSON-PATRONYM,ur-{d}lamma,dumu me-luh-ha,a-ru-a (dedicated) worker,ration,3 ban2 3 sila,ban2,,2. a-ru-a ur-{d}lamma dumu me-luh-ha
P320486,"CM 26, 136",Ur III (ca. 2100-2000 BC),Umma (mod. Tell Jokha),Šulgi.41.04.28 (us2-us2 year) (Reichskalender),Administrative,TRAVEL,{d}utu-illat,sukkal going to Meluhha,sukkal (envoy),garments,2,tug2,"Umma, Šulgi 41",2. {d}utu-illat sukkal u4 me-luh-ha!?{ki}-sze3 i3-gen-na
P323644,"CUSAS 19, 135",Old Akkadian (ca. 2340-2200 BC),Adab (mod. Bismaya),,Administrative,SHIP,,ninda ma2 me-luh-ha,,bread,5,gur(?) (5(asz@c)),Adab,5. ninda ma2# 5(asz@c)# me-luh-ha-kam
P326408,"CUSAS 20, 153",Old Akkadian (ca. 2340-2200 BC),Adab (mod. Bismaya),00.00.00.00,Administrative,SHIP,"(captain, unnamed)",nu-banda3 ma2 me-luh-ha,nu-banda3 (overseer),sheep,1,udu,Adab,3. 1(asz@c) udu nu-banda3 ma2 me-luh-ha
P326554,"CUSAS 20, 040",Old Akkadian (ca. 2340-2200 BC),Adab (mod. Bismaya),00.00.00.00,Administrative,PERSON-NAMED,me-lu-ha,personal name (seized by szesz-szesz; legal),,silver,10?,gin2,"Adab, OAkk",2. me-lu-ha
P329097,"CUSAS 19, 077",Old Akkadian (ca. 2340-2200 BC),Adab (mod. Bismaya),,Administrative,PERSON-NAMED,me-luh-ha,personal name (in a list of persons each receiving 1 sheep),,sheep,1,udu,"Adab, OAkk",5. 1(asz@c) udu me-luh-ha
P332829,"AUWE 23, 170",Old Babylonian (ca. 1900-1600 BC),Uruk (mod. Warka),,Lexical,LEXICAL,,word list,,8'. {na4}gug me-luh-ha,,,,8'. {na4}gug me-luh-ha
P332830,"BBVOT 03, 01",Old Babylonian (ca. 1900-1600 BC),Larsa (mod. Tell as-Senkereh),,Lexical,LEXICAL,,word list,,34. {na4}gug me-luh-ha,,,,34. {na4}gug me-luh-ha
P332929,"Fs Klein, 319",Old Babylonian (ca. 1900-1600 BC),Sippar-Yahrurum (mod. Tell Abu Habbah) ?,00.00.00.00,Lexical,LEXICAL,,word list,,2. [{na4}gug] me-luh-ha,,,,2. [{na4}gug] me-luh-ha
P340534,"BPOA 02, 1881",Ur III (ca. 2100-2000 BC),Girsu (mod. Tello),Šū-Suen.01.00.00 (us2 year),Administrative,VILLAGE,,"i3-dub / e2-duru5 me-luh-ha (granary / village of Meluhha, Girsu)",,barley,,gur,Girsu granary account,4. diri i3-dub me-luh-ha
P346086,"CDLI Literary 000332, ex. 003",Old Babylonian (ca. 1900-1600 BC),Ur (mod. Tell Muqayyar),,Literary,LITERARY,,,,,,,,3. kur me-luh-ha{ki} {na4}gug nig2 al di kal-la#?-[...]
P346242,"CDLI Literary 000771, ex. 022",Old Babylonian (ca. 1900-1600 BC),Ur (mod. Tell Muqayyar),,Literary,LITERARY,,,,,,,,4. gig2-ga me-luh-ha{ki} dimx(LUGAL@s) zi3 mil lu2-tu15# [...]
P348413,AlT 447,Middle Babylonian (ca. 1400-1100 BC),Alalakh (mod. Tell Açana),,Lexical,LEXICAL,,word list,,22. {na4}gug me-luh-ha,,,,22. {na4}gug me-luh-ha
P374962,"Nisaba 18, 041",Ur III (ca. 2100-2000 BC),Girsu (mod. Tello),Šulgi.42.09.00,Administrative,VILLAGE,,"i3-dub / e2-duru5 me-luh-ha (granary / village of Meluhha, Girsu)",,barley,,gur,Girsu granary account,1. e2-duru5 me-luh-ha-ta
P378169,"PPAC 5, 0830",Ur III (ca. 2100-2000 BC),Girsu (mod. Tello),00.00.00.00,Administrative,VILLAGE,,"i3-dub / e2-duru5 me-luh-ha (granary / village of Meluhha, Girsu)",,barley,,gur,Girsu granary account,4. e2-duru5 me-luh-ha-ta
P382354,"TCBI 1, 102",Old Akkadian (ca. 2340-2200 BC),Adab (mod. Bismaya),,Administrative,SHIP,giri3 gen-na,ma2 me-luh-ha-sze3 (for the Meluhha ship),,lard/oil,10,sila3,Adab,2. ma2 me-luh-ha-sze3
P388265,Education in the Earliest Schools 019,Old Babylonian (ca. 1900-1600 BC),uncertain (mod. uncertain),,Lexical,LEXICAL,,word list,,8. {gesz}mes a-ab-ba me-luh-ha,,,,8. {gesz}mes a-ab-ba me-luh-ha
P390701,"ASJ 05, 054 1",Early Old Babylonian (ca. 2000-1900 BC),Isin (mod. Bahriyat) ?,Ishbi-Erra.12.07.00,Administrative,GOOD,szu-{d}nin-kar-ak; lu2-{d}nin-szubur,{gesz}giri3-gub {gesz}ab-ba me-luh-ha,,ab-ba wood footstool,1,piece,"Isin, Ishbi-Erra 12",3. {gesz}[giri3-gub] {gesz}ab-ba me-luh-ha ku3#-[babbar gar]-ra? lugal
P392229,"RINAP 5/1 Ashurbanipal 004, ex. 004",Neo-Assyrian (ca. 911-612 BC),Nineveh (mod. Kuyunjik),Assurbanipal.00.00.00,Royal/Monumental,ROYAL,,royal inscription,,,,,,9'. a-na {kur}ma2-kan-na u {kur}me-luh-ha# lu-u al-lik
P392242,"RINAP 5/1 Ashurbanipal 009, ex. 031",Neo-Assyrian (ca. 911-612 BC),Nineveh (mod. Kuyunjik),Assurbanipal.00.00.00,Royal/Monumental,ROYAL,,royal inscription,,,,,,38'. a-na {kur}ma2-kan-na u3 {kur}me-luh-ha
P392246,"RINAP 5/1 Ashurbanipal 009, ex. 036",Neo-Assyrian (ca. 911-612 BC),Nineveh (mod. Kuyunjik),Assurbanipal.00.00.00,Royal/Monumental,ROYAL,,royal inscription,,,,,,14'. a-na {kur}ma2-kan u {kur}me-luh-ha usz-te-esz-sze-ra har-ra-nu
P392269,"RINAP 5/1 Ashurbanipal 009, ex. 044",Neo-Assyrian (ca. 911-612 BC),Nineveh (mod. Kuyunjik),Assurbanipal.00.00.00,Royal/Monumental,ROYAL,,royal inscription,,,,,,16'. a-na {kur}ma2-kan-na u {kur}me-luh-ha usz-te-esz-ra har#-[x x]
P392300,"RINAP 5/1 Ashurbanipal 009, ex. 048",Neo-Assyrian (ca. 911-612 BC),Nineveh (mod. Kuyunjik),Assurbanipal.00.00.00,Royal/Monumental,ROYAL,,royal inscription,,,,,,30'. a-na {kur}ma2-kan-na u3 me-luh-ha
P392594,"RINAP 3/1 Sennacherib 015, ex. 008",Neo-Assyrian (ca. 911-612 BC),Nineveh (mod. Kuyunjik),Sennacherib.00.00.00,Royal/Monumental,ROYAL,,royal inscription,,,,,,6'. _{gesz}gigir-mesz ansze-kur-ra-mesz_ sza _lugal_ {kur}me-luh-ha
P393794,"RINAP 4 Esarhaddon 048, ex. 002",Neo-Assyrian (ca. 911-612 BC),Nineveh (mod. Kuyunjik),Esarhaddon.00.00.00,Royal/Monumental,ROYAL,,royal inscription,,,,,,13'. [...] _lugal lugal-mesz_ ni-tuk{ki} {kur}ma2-gan {kur}me-luh-ha _lugal_ kib-rat _limmu2_-tim
P393874,"RINAP 3/2 Sennacherib 149, ex. 001",Neo-Assyrian (ca. 911-612 BC),Nineveh (mod. Kuyunjik),Sennacherib.00.00.00,Royal/Monumental,ROYAL,,royal inscription,,,,,,9. [x? x?] {kur}eme-luh-ha
P393966,"RINAP 3/1 Sennacherib 015, ex. 001",Neo-Assyrian (ca. 911-612 BC),Nineveh (mod. Kuyunjik),Sennacherib.08.--.--,Royal/Monumental,ROYAL,,royal inscription,,,,,,30'. _{gesz}gigir-mesz ansze-kur-ra-mesz#_ [x] _lugal#_ {kur}me-luh-hi
P393986,"RINAP 5/1 Ashurbanipal 011, ex. 003",Neo-Assyrian (ca. 911-612 BC),Nineveh (mod. Kuyunjik),Assurbanipal.00.00.00,Royal/Monumental,ROYAL,,royal inscription,,,,,,17'. [...]-e#? {kur}me-luh-he-e
P393994,"RINAP 5/1 Ashurbanipal 011, ex. 005",Neo-Assyrian (ca. 911-612 BC),Nineveh (mod. Kuyunjik),Assurbanipal.00.00.00,Royal/Monumental,ROYAL,,royal inscription,,,,,,49. ina mah-[...] {kur#}ma2-kan u# {kur#}me-luh-ha lu-u al-lik
P394056,"RINAP 5/1 Ashurbanipal 011, ex. 011",Neo-Assyrian (ca. 911-612 BC),Nineveh (mod. Kuyunjik),Assurbanipal.00.00.00,Royal/Monumental,ROYAL,,royal inscription,,,,,,12'. u3 _lugal-mesz_ {kur}gu-te9-e _kur_ mar-tu{ki#} {kur}me-luh-he-e{ki}
P394559,"RINAP 3/2 Sennacherib 140, ex. 001",Neo-Assyrian (ca. 911-612 BC),Nineveh (mod. Kuyunjik),Sennacherib.00.00.00,Royal/Monumental,ROYAL,,royal inscription,,,,,,"7. [a-na an-zil-li e-pu-szu ip-lah3 lib3-ba-szu2-un _lugal-mesz_ {kur}mu-s,u-ri _{lu2}]erim#-mesz# {gesz}pan {gesz}gigir-mesz ansze-kur-ra#-mesz#_ sza2 _lugal_ {kur}me-luh-ha e-mu-qi2 la ni-bi ik-te#-ru-nim-ma il-li-ku re-s,u-su-un"
P394581,Bauer Asb. pl. 25-26 K 02656,Neo-Assyrian (ca. 911-612 BC),Nineveh (mod. Kuyunjik),,,OTHER-LATE,,,,,,,,"12'. ina t,e3-e-me u mil-ki sza2 _dingir-mesz gal-mesz_ u2-sza2-hi-zu-in-ni sza2-ni-a-nu# a#-na# [...] x {kur}ma2-kan u {kur}me-luh#-[...]"
P394796,"RINAP 4 Esarhaddon 034, ex. 001",Neo-Assyrian (ca. 911-612 BC),Nineveh (mod. Kuyunjik),Esarhaddon.00.00.00,Royal/Monumental,ROYAL,,royal inscription,,,,,,"7'. u2-sza2-as,-bi-ta pa-nu-u-a a-na {kur}[ma-gan u3 {kur}me-luh-ha u2-sza2-asz2-kin]"
P397518,AMT pl. 004 06,Neo-Assyrian (ca. 911-612 BC),Nineveh (mod. Kuyunjik),,,OTHER-LATE,,,,,,,,7'. _ka# a-ab-ba {na4}gug_ me-luh-ha _tesz2-bi_ ina _kusz du3-du3_ ina _gu2_-szu2 _gar_-ma [x x]
P397673,"RINAP 5/1 Ashurbanipal 011, ex. 002",Neo-Assyrian (ca. 911-612 BC),Nineveh (mod. Kuyunjik),Assurbanipal.00.00.00,Royal/Monumental,ROYAL,,royal inscription,,,,,,29'. _kur_ mar-tu#{ki} {kur#}me-luh-he-e#
P418052,"RINAP 5/1 Ashurbanipal 011, ex. 017",Neo-Assyrian (ca. 911-612 BC),Nineveh (mod. Kuyunjik),Assurbanipal.00.00.00,Royal/Monumental,ROYAL,,royal inscription,,,,,,24. _ugu lugal-mesz_ {kur}gu-te9-e _kur_ mar#-tu{ki} {kur}me-luh-e
P421787,"RINAP 3/1 Sennacherib 004, ex. 002",Neo-Assyrian (ca. 911-612 BC),Nineveh (mod. Kuyunjik),Sennacherib.04.00.00,Royal/Monumental,ROYAL,,royal inscription,,,,,,"43. a-na an-zil-li e-pu-szu ip-lah3-ma lib3-ba-szu2-un _lugal-mesz_ {kur}mu-s,u-ri _{lu2}erin2-mesz {gesz}pan {gesz}gigir-mesz ansze-kur-ra-mesz_ sza _lugal_ <{kur>}me#-luh#-ha# e-mu-qi2 la ni-bi ik#-te#-ru#-nim#-ma# il#-li#-ku# re#-s,u#-szu2-un"
P421788,"RINAP 3/1 Sennacherib 004, ex. 003",Neo-Assyrian (ca. 911-612 BC),Nineveh (mod. Kuyunjik),Sennacherib.04.00.00,Royal/Monumental,ROYAL,,royal inscription,,,,,,"43. a-na an-zil-li e-pu-szu ip-lah _sza3_-szu2-un _lugal-mesz_ {kur}mu-s,u-ri _{lu2}erin2-mesz {gesz}pan {gesz}gigir-mesz ansze-kur-ra-mesz_ sza _lugal_ {kur}me-luh-ha e-mu-qi2 la ni-bi ik-te-ru-nim-ma il-li-ku re-s,u-szu2-un"
P421789,"RINAP 3/1 Sennacherib 004, ex. 001",Neo-Assyrian (ca. 911-612 BC),Nineveh (mod. Kuyunjik),Sennacherib.04.00.00,Royal/Monumental,ROYAL,,royal inscription,,,,,,"43. a-na an-zil-li e-pu-szu ip-lah3 lib3-ba-szu2-un _lugal_ {kur}mu-s,u-ri _{lu2}erin2-mesz {gesz}pan {gesz}gigir-mesz ansze-kur-ra-mesz_ sza _lugal_ {kur}me-luh-ha e-mu-qi2 la ni-bi ik-te-ru-nim-ma il-li-ku re-s,u-szu2-un"
P421790,"RINAP 3/1 Sennacherib 004, ex. 004",Neo-Assyrian (ca. 911-612 BC),Nineveh (mod. Kuyunjik),Sennacherib.04.00.00,Royal/Monumental,ROYAL,,royal inscription,,,,,,"43. a-na an-zil-li e-pu-szu ip-lah3 _sza3_-szu2-un _lugal-mesz_ {kur}mu-s,u-ri _{lu2}erin2-mesz {gesz}pan {gesz}gigir-mesz ansze-kur-ra-mesz_ sza _lugal_ {kur}me-luh-ha e-mu-qi2 la ni-bi ik-te-ru-nim-ma il-li-ku re-s,u-su-un"
P421807,"RINAP 5/1 Ashurbanipal 011, ex. 001",Neo-Assyrian (ca. 911-612 BC),Nineveh (mod. Kuyunjik),Assurbanipal.00.00.00,Royal/Monumental,ROYAL,,royal inscription,,,,,,52. ina mah-re-e ger-ri-ia a-na {kur}ma2-kan u {kur}me-luh-ha lu al-lik
P421809,"RINAP 3/1 Sennacherib 022, ex. 002",Neo-Assyrian (ca. 911-612 BC),Nineveh (mod. Kuyunjik),Sennacherib.14.12.20,Royal/Monumental,ROYAL,,royal inscription,,,,,,74. _{lu2}erin2-mesz {gesz}pan {gesz}gigir-mesz ansze-kur-ra-mesz_ sza _lugal_ {kur}me-luh-hi
P422273,"RINAP 3/1 Sennacherib 017, ex. 001",Neo-Assyrian (ca. 911-612 BC),Nineveh (mod. Kuyunjik),Sennacherib.11.05.00,Royal/Monumental,ROYAL,,royal inscription,,,,,,12. _ansze-kur-ra-mesz_ sza _lugal_ {kur}me-luh-ha e-mu-qi2 la ni-bi
P422277,"RINAP 5/1 Ashurbanipal 009, ex. 002",Neo-Assyrian (ca. 911-612 BC),Nineveh (mod. Kuyunjik),Assurbanipal.00.00.00,Royal/Monumental,ROYAL,,royal inscription,,,,,,41. a-na {kur}ma2-kan# u {kur}me-luh-ha usz-te-esz-sze-ra
P422296,"RINAP 5/1 Ashurbanipal 009, ex. 006",Neo-Assyrian (ca. 911-612 BC),Nineveh (mod. Kuyunjik),Assurbanipal.00.00.00,Royal/Monumental,ROYAL,,royal inscription,,,,,,18'. [...] {kur}me-luh-ha usz-te-sze-ra har-ra-nu
P422299,"RINAP 3/1 Sennacherib 015, ex. 002",Neo-Assyrian (ca. 911-612 BC),Nineveh (mod. Kuyunjik),Sennacherib.08.--.23,Royal/Monumental,ROYAL,,royal inscription,,,,,,6'. [...] sza# _lugal_ {kur}me-luh-ha
P422612,"RINAP 3/1 Sennacherib 016, ex. 001",Neo-Assyrian (ca. 911-612 BC),Nineveh (mod. Kuyunjik),Sennacherib.10.05.03,Royal/Monumental,ROYAL,,royal inscription,,,,,,"34'. [x x] {kur}me-luh-ha bal-t,u-su-un"
P422635,"RINAP 5/1 Ashurbanipal 009, ex. 011",Neo-Assyrian (ca. 911-612 BC),Nineveh (mod. Kuyunjik),Assurbanipal.00.00.00,Royal/Monumental,ROYAL,,royal inscription,,,,,,26'. a-na {kur}ma2-kan-na u {kur}me-luh-ha
P422639,"RINAP 5/1 Ashurbanipal 009, ex. 013",Neo-Assyrian (ca. 911-612 BC),Nineveh (mod. Kuyunjik),Assurbanipal.00.00.00,Royal/Monumental,ROYAL,,royal inscription,,,,,,3'. a-na {kur}ma2-kan-na u {kur}me-luh#-[...]
P422979,"RINAP 5/1 Ashurbanipal 009, ex. 026",Neo-Assyrian (ca. 911-612 BC),Nineveh (mod. Kuyunjik),Assurbanipal.00.00.00,Royal/Monumental,ROYAL,,royal inscription,,,,,,35'. [x]-na# {kur}ma2-kan u {kur}me-luh-ha
P423051,"RINAP 5/1 Ashurbanipal 009, ex. 001",Neo-Assyrian (ca. 911-612 BC),Nineveh (mod. Kuyunjik),Assurbanipal.00.00.00,Royal/Monumental,ROYAL,,royal inscription,,,,,,35. a-na {kur}ma2-kan-na u {kur}me-luh-ha usz-te-esz-sze-ra har-ra-nu
P423227,"RINAP 3/2 Sennacherib 142, ex. 001",Neo-Assyrian (ca. 911-612 BC),Nineveh (mod. Kuyunjik),Sennacherib.00.00.00,Royal/Monumental,ROYAL,,royal inscription,,,,,,"13'. sza _lugal_ {kur}me-luh-ha e-mu-qi2# [la ni-bi ik-te-ru-nim-ma il-li-ku re-s,u-su-un]"
P424917,"RINAP 3/1 Sennacherib 004, ex. 046",Neo-Assyrian (ca. 911-612 BC),Nineveh (mod. Kuyunjik),Sennacherib.00.00.00,Royal/Monumental,ROYAL,,royal inscription,,,,,,4'. [...] sza _lugal_ {kur}me-luh-ha e-mu-qi2# [...]
P424938,"RINAP 3/1 Sennacherib 032, ex. 001",Neo-Assyrian (ca. 911-612 BC),Nineveh (mod. Kuyunjik),Sennacherib.00.00.00,Royal/Monumental,ROYAL,,royal inscription,,,,,,3'. [a]-di# _{lu2}en {gesz}gigir-[mesz_ sza _lugal_ {kur}me-luh-hi]
P426242,"RINAP 5/1 Ashurbanipal 011, ex. 089",Neo-Assyrian (ca. 911-612 BC),Nineveh (mod. Kuyunjik),Assurbanipal.00.00.00,Royal/Monumental,ROYAL,,royal inscription,,,,,,7'. [x x]-tu#{ki} {kur}me-luh-he-e sza ina qi2-bit# [...]
P426349,"RINAP 5/1 Ashurbanipal 011, ex. 021",Neo-Assyrian (ca. 911-612 BC),Nineveh (mod. Kuyunjik),Assurbanipal.00.00.00,Royal/Monumental,ROYAL,,royal inscription,,,,,,47. a-na {kur}ma2-kan u {kur}me-luh-ha# [...]
P430082,"RINAP 3/1 Sennacherib 023, ex. 001",Neo-Assyrian (ca. 911-612 BC),Nineveh (mod. Kuyunjik),Sennacherib.14.--.--,Royal/Monumental,ROYAL,,royal inscription,,,,,,75. _ansze-kur-ra-mesz_ sza _lugal_ {kur}me-luh-ha e-mu-qi2 [la ni-bi]
P431881,"RIME 3/1.01.07, Cyl A composite",Lagash II (ca. 2200-2100 BC),Girsu (mod. Tello),Gudea.00.00.00,Royal/Monumental,ROYAL,,royal inscription,,,,,,240. ma2-gan me-luh-ha kur-bi-ta im-ma-ta-e11-de3
P431882,"RIME 3/1.01.07, Cyl B composite",Lagash II (ca. 2200-2100 BC),Girsu (mod. Tello),Gudea.00.00.00,Royal/Monumental,ROYAL,,royal inscription,,,,,,328. uruda nagga lagab za-gin3-na ku3 NE gug gi-rin me-luh-ha-da
P431884,"RIME 3/1.01.07, St B composite",Lagash II (ca. 2200-2100 BC),Girsu (mod. Tello),Gudea.00.00.00,Royal/Monumental,ROYAL,,royal inscription,,,,,,157. kur me-luh-ha
P431886,"RIME 3/1.01.07, St D composite",Lagash II (ca. 2200-2100 BC),Girsu (mod. Tello),Gudea.00.00.00,Royal/Monumental,ROYAL,,royal inscription,,,,,,58. me-luh-ha{ki}
P432309,RIME 3/2.01.05.04 composite,Ur III (ca. 2100-2000 BC),Ur (mod. Tell Muqayyar),Ibbi-Suen.00.00.00,Royal/Monumental,ROYAL,,royal inscription,,,,,,9. ur gun3-a me-luh-ha{ki}
P450283,"RINAP 3/1 Sennacherib 004, ex. 005",Neo-Assyrian (ca. 911-612 BC),Nineveh (mod. Kuyunjik),Sennacherib.04.00.00,Royal/Monumental,ROYAL,,royal inscription,,,,,,"43. a-na an-zil-li e-pu-szu ip-lah3 lib3-ba-szu2-un _lugal_ {kur}mu-s,u-ri _{lu2}erin2-mesz {gesz}pan {gesz}gigir-mesz ansze-kur-ra-mesz_ sza _lugal_ {kur}me-luh-ha e-mu-qi2 la ni-bi ik-te-ru-nim-ma il-li-ku re-s,u-szu2-un"
P450300,"RINAP 3/1 Sennacherib 004, ex. 037",Neo-Assyrian (ca. 911-612 BC),Nineveh (mod. Kuyunjik),Sennacherib.00.00.00,Royal/Monumental,ROYAL,,royal inscription,,,,,,14'. [_...]-ra#-mesz_ sza _lugal_ {kur}me-luh-ha e-mu-qi2 la ni-bi ik#-[...]
P450362,"RINAP 3/1 Sennacherib 017, ex. 002",Neo-Assyrian (ca. 911-612 BC),Nineveh (mod. Kuyunjik),Sennacherib.11.05.00,Royal/Monumental,ROYAL,,royal inscription,,,,,,34. a-di _{lu2}en {gesz}gigir-mesz_ sza _lugal_ {kur}me-luh-ha#
P450365,"RINAP 3/1 Sennacherib 021, ex. 001",Neo-Assyrian (ca. 911-612 BC),Nineveh (mod. Kuyunjik),Sennacherib.00.00.00,Royal/Monumental,ROYAL,,royal inscription,,,,,,4'. [sza _lugal_ {kur}me-luh-ha] e-mu-qi2 la ni-bi
P450412,"RINAP 4 Esarhaddon 016, ex. 001",Neo-Assyrian (ca. 911-612 BC),Nineveh (mod. Kuyunjik),Esarhaddon.00.00.00,Royal/Monumental,ROYAL,,royal inscription,,,,,,"4. [...] {kur}mu-us,-ri u {kur}mi-luh-[ha ...]"
P450430,"RINAP 4 Esarhaddon 035, ex. 001",Neo-Assyrian (ca. 911-612 BC),Nineveh (mod. Kuyunjik),Esarhaddon.00.00.00,Royal/Monumental,ROYAL,,royal inscription,,,,,,4'. [...] {kur}ku-u-si {lu2}me-luh-he-e _ge6-mesz_
P450489,"RINAP 4 Esarhaddon 084, ex. 001",Neo-Assyrian (ca. 911-612 BC),Kalhu (mod. Nimrud),Esarhaddon.00.00.00,Royal/Monumental,ROYAL,,royal inscription,,,,,,"5. _gal-mesz man_ {kur}mu-s,ur ka-mu-u _man_ {kur}me-luh"
P450490,"RINAP 4 Esarhaddon 084, ex. 002",Neo-Assyrian (ca. 911-612 BC),Kalhu (mod. Nimrud),Esarhaddon.00.00.00,Royal/Monumental,ROYAL,,royal inscription,,,,,,"5. _gal-mesz man_ {kur}mu-s,ur ka-mu-u _man_ {kur}me-luh"
P450492,"RINAP 4 Esarhaddon 086, ex. 001",Neo-Assyrian (ca. 911-612 BC),Kalhu (mod. Nimrud),Esarhaddon.00.00.00,Royal/Monumental,ROYAL,,royal inscription,,,,,,3. [...] {kur}me-luh _man_ kib-rat [...]
P453801,"Nisaba 15, 0371",Ur III (ca. 2100-2000 BC),Irisagrig (mod. uncertain),Šū-Suen.06.12.00,Administrative,PERSON-ETHNIC,na-na-sa3; sa6-ma-ar; a-li-a-hi (wife of sa6-ma-ar),lu2 me-luh-ha{ki}-me,"sipa a-dara4 (shepherds of bezoar goats), a-ru-a lugal",i3-gesz (sesame oil) ration,1; 1; 1/2,sila3,"foreign names na-na-sa3, sa6-ma-ar; wife has an Akkadian name",5. i3-ba lu2 me-luh-ha{ki}-me
P454137,"Nisaba 15, 0951",Ur III (ca. 2100-2000 BC),Irisagrig (mod. uncertain),"Ibbi-Suen.03.07.00, Ibbi-Suen.03.08.00",Administrative,PERSON-ETHNIC,"(group, unnamed)",lu2 me-luh-ha-me,,barley ration,1(asz) 1(ban2) = 1 gur 10 sila (Irisagrig),gur,"in a list of musicians (nar), lamentation priests (gala), doorkeepers",4. 1(asz) 1(ban2) gur lu2 me-luh-ha-me
P461937,RIME 2.01.01.11 composite,Old Akkadian (ca. 2340-2200 BC),,Sargon.00.00.00,Royal/Monumental,ROYAL,,royal inscription,,,,,,9. _ma2_ me-luh-ha{ki}
P461938,RIME 2.01.01.12 composite,Old Akkadian (ca. 2340-2200 BC),,Sargon.00.00.00,Royal/Monumental,ROYAL,,royal inscription,,,,,,11'. [_ma2_ me-luh-ha]
P461954,RIME 2.01.02.08 composite,Old Akkadian (ca. 2340-2200 BC),Nippur (mod. Nuffar) ?,Rimush.00.00.00,Royal/Monumental,ROYAL,,royal inscription,,,,,,7. u3 me-luh-ha{ki}
P462812,RINAP 3/1 Sennacherib 004 composite,Neo-Assyrian (ca. 911-612 BC),Nineveh (mod. Kuyunjik),Sennacherib.00.00.00,Royal/Monumental,ROYAL,,royal inscription,,,,,,"43. a-na an-zil-li e-pu-szu ip-lah3 lib3-ba-szu2-un _lugal_ {kur}mu-s,u-ri _{lu2}erin2-mesz {gesz}pan {gesz}gigir-mesz ansze-kur-ra-mesz_ sza _lugal_ {kur}me-luh-ha e-mu-qi2 la ni-bi ik-te-ru-nim-ma il-li-ku re-s,u-szu2-un"
P462823,RINAP 3/1 Sennacherib 015 composite,Neo-Assyrian (ca. 911-612 BC),Nineveh (mod. Kuyunjik),Sennacherib.00.00.00,Royal/Monumental,ROYAL,,royal inscription,,,,,,153'. _{gesz}gigir-mesz ansze-kur-ra-mesz_ sza _lugal_ {kur}me-luh-hi
P462824,RINAP 3/1 Sennacherib 016 composite,Neo-Assyrian (ca. 911-612 BC),Nineveh (mod. Kuyunjik),Sennacherib.00.00.00,Royal/Monumental,ROYAL,,royal inscription,,,,,,210. _{gesz}gigir-mesz ansze-kur-ra-mesz_ sza _lugal_ {kur}me-luh-hi
P462825,RINAP 3/1 Sennacherib 017 composite,Neo-Assyrian (ca. 911-612 BC),Nineveh (mod. Kuyunjik),Sennacherib.00.00.00,Royal/Monumental,ROYAL,,royal inscription,,,,,,198. _ansze-kur-ra-mesz_ sza _lugal_ {kur}me-luh-ha e-mu-qi2 la ni-bi
P462826,RINAP 3/1 Sennacherib 018 composite,Neo-Assyrian (ca. 911-612 BC),Nineveh (mod. Kuyunjik),Sennacherib.00.00.00,Royal/Monumental,ROYAL,,royal inscription,,,,,,92'. a-di _{lu2}en {gesz}gigir-mesz_ sza _lugal_ {kur}me-luh-hi
P462829,RINAP 3/1 Sennacherib 021 composite,Neo-Assyrian (ca. 911-612 BC),Nineveh (mod. Kuyunjik),Sennacherib.00.00.00,Royal/Monumental,ROYAL,,royal inscription,,,,,,4'. sza _lugal_ {kur}me-luh-ha e-mu-qi2 la ni-bi
P462830,RINAP 3/1 Sennacherib 022 composite,Neo-Assyrian (ca. 911-612 BC),Nineveh (mod. Kuyunjik),Sennacherib.00.00.00,Royal/Monumental,ROYAL,,royal inscription,,,,,,162. sza _lugal_ {kur}me-luh-hi e-mu-qi2 la ni-bi
P462831,RINAP 3/1 Sennacherib 023 composite,Neo-Assyrian (ca. 911-612 BC),Nineveh (mod. Kuyunjik),Sennacherib.00.00.00,Royal/Monumental,ROYAL,,royal inscription,,,,,,152. _ansze-kur-ra-mesz_ sza _lugal_ {kur}me-luh-ha e-mu-qi2 la ni-bi
P462840,RINAP 3/1 Sennacherib 032 composite,Neo-Assyrian (ca. 911-612 BC),Nineveh (mod. Kuyunjik),Sennacherib.00.00.00,Royal/Monumental,ROYAL,,royal inscription,,,,,,16'. a-di _{lu2}en {gesz}gigir-mesz_ sza _lugal_ {kur}me-luh-hi
P462866,RINAP 4 Esarhaddon 016 composite,Neo-Assyrian (ca. 911-612 BC),Nineveh (mod. Kuyunjik),Esarhaddon.00.00.00,Royal/Monumental,ROYAL,,royal inscription,,,,,,"4. [...] {kur}mu-us,-ri u {kur}mi-luh-ha [...]"
P462884,RINAP 4 Esarhaddon 034 composite,Neo-Assyrian (ca. 911-612 BC),Nineveh (mod. Kuyunjik),Esarhaddon.00.00.00,Royal/Monumental,ROYAL,,royal inscription,,,,,,"8'. u2-sza2-as,-bi-ta pa-nu-u-a a-na {kur}ma2-gan-na? u3 {kur}me-luh-ha"
P462885,RINAP 4 Esarhaddon 035 composite,Neo-Assyrian (ca. 911-612 BC),Nineveh (mod. Kuyunjik),Esarhaddon.00.00.00,Royal/Monumental,ROYAL,,royal inscription,,,,,,15'. [...] {kur}ku-u-si {lu2}me-luh-he-e _ge6-mesz_
P462934,RINAP 4 Esarhaddon 084 composite,Neo-Assyrian (ca. 911-612 BC),Kalhu (mod. Nimrud),Esarhaddon.00.00.00,Royal/Monumental,ROYAL,,royal inscription,,,,,,"5. _gal-mesz man_ {kur}mu-s,ur ka-mu-u _man_ {kur}me-luh"
P462936,RINAP 4 Esarhaddon 086 composite,Neo-Assyrian (ca. 911-612 BC),Kalhu (mod. Nimrud),Esarhaddon.00.00.00,Royal/Monumental,ROYAL,,royal inscription,,,,,,3. [...] {kur}me-luh _man_ kib-rat [...]
P466655,"RINAP 3/2 Sennacherib 046, ex. 001",Neo-Assyrian (ca. 911-612 BC),Nineveh (mod. Kuyunjik),Sennacherib.00.00.00,Royal/Monumental,ROYAL,,royal inscription,,,,,,"24. _{gesz#}gigir#-mesz# ansze#-kur#-ra#-mesz#_ sza _lugal_ {kur}me-luh-ha e-mu-qi2 la ni-bi ik-te-ru-ni i-na ta#-mir-ti {iri}al-ta-qu-u2 it-ti-szu2-un am-da-hi-is,-ma asz2-ta-kan _bad5-bad5_-szu2-un _{lu2}[en] {gesz}gigir-mesz_"
P466841,"RINAP 3/2 Sennacherib 165, ex. 001",Neo-Assyrian (ca. 911-612 BC),Assur (mod. Qalat Sherqat),Sennacherib.00.00.00,Royal/Monumental,ROYAL,,royal inscription,,,,,,30. sza# _lugal#_ {kur#}me#-luh#-ha# e#-mu#-qi2# la# [ni-bi ik-te-ru-nim-ma]
P467061,RINAP 3/2 Sennacherib 046 composite,Neo-Assyrian (ca. 911-612 BC),Nineveh (mod. Kuyunjik),Sennacherib.00.00.00,Royal/Monumental,ROYAL,,royal inscription,,,,,,"24. _{gesz}gigir-mesz ansze-kur-ra-mesz_ sza _lugal_ {kur}me-luh-ha e-mu-qi2 la ni-bi ik-te-ru-ni i-na ta-mir-ti {iri}al-ta-qu-u2 it-ti-szu2-un am-da-hi-is,-ma asz2-ta-kan _bad5-bad5_-szu2-un _{lu2}en {gesz}gigir-mesz_"
P467155,RINAP 3/2 Sennacherib 140 composite,Neo-Assyrian (ca. 911-612 BC),Nineveh (mod. Kuyunjik),Sennacherib.00.00.00,Royal/Monumental,ROYAL,,royal inscription,,,,,,"26'. a-na an-zil-li e-pu-szu ip-lah3 lib3-ba-szu2-un _lugal-mesz_ {kur}mu-s,u-ri _{lu2}erin2-mesz {gesz}pan {gesz}gigir-mesz ansze-kur-ra-mesz_ sza2 _lugal_ {kur}me-luh-ha e-mu-qi2 la ni-bi ik-te-ru-nim-ma il-li-ku re-s,u-su-un"
P467157,RINAP 3/2 Sennacherib 142 composite,Neo-Assyrian (ca. 911-612 BC),Nineveh (mod. Kuyunjik),Sennacherib.00.00.00,Royal/Monumental,ROYAL,,royal inscription,,,,,,"13'. sza _lugal_ {kur}me-luh-ha e-mu-qi2 la ni-bi ik-te-ru-nim-ma il-li-ku re-s,u-su-un"
P467164,RINAP 3/2 Sennacherib 149 composite,Neo-Assyrian (ca. 911-612 BC),Nineveh (mod. Kuyunjik),Sennacherib.00.00.00,Royal/Monumental,ROYAL,,royal inscription,,,,,,19. x x {kur}eme-luh-ha
P467180,RINAP 3/2 Sennacherib 165 composite,Neo-Assyrian (ca. 911-612 BC),Assur (mod. Qalat Sherqat),Sennacherib.00.00.00,Royal/Monumental,ROYAL,,royal inscription,,,,,,147'. sza _lugal_ {kur}me-luh-ha e-mu-qi2 la ni-bi ik-te-ru-nim-ma
P467759,"CUSAS 26, 259",Old Akkadian (ca. 2340-2200 BC) ?,Ur (mod. Tell Muqayyar),,Administrative,PERSON-PATRONYM,lu2-mar-za,dumu me-luh-ha,,?,2 1/2,?,"Ur, OAkk; Lu-marza is a common Sumerian name (12 CDLI)",3'. dumu# me-luh-ha
P469514,CDLI Literary 000332 (Enki and Ninhursaga) composite,Old Babylonian (ca. 1900-1600 BC),,,Literary,LITERARY,,,,,,,,49c. kur me-luh-ha{ki} {na4}gug nig2 al di kal-la
P469516,CDLI Literary 000334 (Enki and World Order) composite,Old Babylonian (ca. 1900-1600 BC),Nippur (mod. Nuffar),,Literary,LITERARY,,,,,,,,124. kur me-luh-ha{ki} ma2-gan{ki} dilmun{ki}-bi
P469679,CDLI Literary 000375 (Curse of Agade) composite,Old Babylonian (ca. 1900-1600 BC),,00.00.00.00,Literary,LITERARY,,,,,,,,48. me-luh-ha{ki} lu2 kur ge6-ga-ke4
P492732,AO 07935,Ur III (ca. 2100-2000 BC),Girsu (mod. Tello),Amar-Suen.03.11.00,Administrative,VILLAGE,,"i3-dub / e2-duru5 me-luh-ha (granary / village of Meluhha, Girsu)",,barley,,gur,Girsu granary account,3. 3(u) 1(barig) gur me-luh-ta
P500263,"CTPSM 1, 073",Ur III (ca. 2100-2000 BC),Girsu (mod. Tello),Šū-Suen.09.00.00,Administrative,VILLAGE,,"i3-dub / e2-duru5 me-luh-ha (granary / village of Meluhha, Girsu)",,barley,,gur,Girsu granary account,5. 1(asz) me-luh-ha-ta
P511999,MA. Thesis 02,Old Akkadian (ca. 2340-2200 BC),,,,UNCLEAR,,me-luh-ha [x?],,oxen,?,,OAkk,7. me-luh-ha# [x?]
P512784,"ZA 107, 179 no. 21",Ur III (ca. 2100-2000 BC),Puzriš-Dagan (mod. Drehem),--.--.--.--,Administrative,TRAVEL,tu-ra-am-i3-li2? / nin9-kal-la,[me]-luh-ha-ta (from Meluhha?),,aromatics,5,gin2,Drehem; reading uncertain,7. [me?]-luh-ha-ta
P514529,"RINAP 5/1 Ashurbanipal 009, ex. 208",Neo-Assyrian (ca. 911-612 BC),Assur (mod. Qalat Sherqat),Assurbanipal.00.00.00,Royal/Monumental,ROYAL,,royal inscription,,,,,,2'. a#-na {kur}ma2-kan u {kur}me-luh-ha usz-te-esz-sze#-ra#
P514712,RINAP 5/1 Ashurbanipal 003 composite,Neo-Assyrian (ca. 911-612 BC),Nineveh (mod. Kuyunjik),Assurbanipal.00.00.00,Royal/Monumental,ROYAL,,royal inscription,,,,,,49. a-na {kur}ma2-kan u {kur}me-luh-ha lu-u al-lik
P514713,RINAP 5/1 Ashurbanipal 004 composite,Neo-Assyrian (ca. 911-612 BC),Nineveh (mod. Kuyunjik),Assurbanipal.00.00.00,Royal/Monumental,ROYAL,,royal inscription,,,,,,38. i-na mah-re-e ger-ri-ia a-na {kur}ma2-kan u3 {kur}me-luh-ha
P514715,RINAP 5/1 Ashurbanipal 006 composite,Neo-Assyrian (ca. 911-612 BC),Nineveh (mod. Kuyunjik),Assurbanipal.00.00.00,Royal/Monumental,ROYAL,,royal inscription,,,,,,112'. a-na {kur}ma2-kan u {kur}me-luh-ha lu-u al-lik
P514718,RINAP 5/1 Ashurbanipal 009 composite,Neo-Assyrian (ca. 911-612 BC),Nineveh (mod. Kuyunjik),Assurbanipal.00.00.00,Royal/Monumental,ROYAL,,royal inscription,,,,,,35. a-na {kur}ma2-kan-na u {kur}me-luh-ha usz-te-esz-sze-ra har-ra-nu
P514720,RINAP 5/1 Ashurbanipal 011 composite,Neo-Assyrian (ca. 911-612 BC),Nineveh (mod. Kuyunjik),Assurbanipal.00.00.00,Royal/Monumental,ROYAL,,royal inscription,,,,,,52. ina mah-re-e ger-ri-ia a-na {kur}ma2-kan u {kur}me-luh-ha lu al-lik
