sign,current grade,claim,statistic (obs seq_all; seq_raw; seq_strong),Markov-1 null (med [band]),Markov-2 null,held-out (sites; IM77-only),proposed grade,reason,kind,MD+H verdict,M1E,S366 gen,outside fact,S-rows
"W1-W5,W16-W18 numerals 1-8",A,short numeral followed by a counted item (next in COUNTED),0.394; 0.395; 0.394,0.372 [0.322-0.421],0.350 [0.311-0.388],obs 0.310 vs M1 0.281 [0.212-0.359] (raw:inside/all:inside) | IM77 obs 0.266 vs M1 0.297 [0.213-0.421] (inside),B,"beats both chains at MD+H but not replicated out of sample (power or absent): two numeral tokens in one text, non-adjacent (numerals mutually exclusive: low)",adjacency,adjacency (chain by construction),in,in,,"S23,S70"
"W1-W5,W16-W18 numerals 1-8",A,distinct numerals before the tree (counted = many),11; 11; 11,9 [8-11],11 [8-12],obs 8 vs M1 7 [5-8] (raw:inside/all:inside) | IM77 obs 6 vs M1 5 [3-6] (inside),B,"beats both chains at MD+H but not replicated out of sample (power or absent): two numeral tokens in one text, non-adjacent (numerals mutually exclusive: low)",adjacency,adjacency (chain by construction),in,in,,"S70,S199"
"W1-W5,W16-W18 numerals 1-8",A,"two numeral tokens in one text, non-adjacent (numerals mutually exclusive: low)",0.064; 0.064; 0.064,0.083 [0.074-0.093],0.080 [0.072-0.089],obs 0.076 vs M1 0.097 [0.082-0.117] (raw:inside/all:inside) | IM77 obs 0.088 vs M1 0.069 [0.050-0.097] (inside),B,"beats both chains at MD+H but not replicated out of sample (power or absent): two numeral tokens in one text, non-adjacent (numerals mutually exclusive: low)",distance,beyond chains (below),below,below,,"S-DARK-26,S366"
W31-W34 tall strokes,A,tall numeral followed by W700 (voucher count),0.060; 0.060; 0.060,0.070 [0.048-0.096],0.061 [0.044-0.080],obs 0.014 vs M1 0.007 [0.000-0.028] (raw:inside/all:inside) | IM77 obs 0.037 vs M1 0.103 [0.038-0.186] (inside),B,sequence claims chain-explained; kept at B on the outside fact: Harappa tablets only (S218): site/object fact,adjacency,adjacency (chain by construction),in,below,Harappa tablets only (S218): site/object fact,S197-S217
W31-W34 tall strokes,A,W700 preceded by a tall numeral,0.391; 0.391; 0.391,0.400 [0.290-0.495],0.325 [0.247-0.414],obs 0.118 vs M1 0.067 [0.000-0.222] (raw:inside/all:inside) | IM77 obs 0.154 vs M1 0.312 [0.111-0.667] (inside),B,sequence claims chain-explained; kept at B on the outside fact: Harappa tablets only (S218): site/object fact,adjacency,adjacency (chain by construction),in,below,Harappa tablets only (S218),S197-S217
W55 twelve,A number / B fixed term,"W55 followed by the jar or by 255 (title slot), not by a counted good",0.441; 0.441; 0.441,0.444 [0.235-0.621],0.409 [0.231-0.591],obs 0.333 vs M1 0.250 [0.000-0.500] (raw:inside/all:inside) | IM77 obs 0.167 vs M1 0.167 [0.000-1.000] (inside),B,"sequence claims chain-explained; kept at B on the outside fact: enriched abroad (S273, S284): Gulf fact; 50x frequency = unigram, untestable",adjacency,adjacency (chain by construction),in,above,"enriched abroad (S273, S284): Gulf fact; 50x frequency = unigram, untestable",S273
W55 twelve,A number / B fixed term,W55 followed by a counted good (should be low),0.000; 0.000; 0.000,0.000 [0.000-0.023],0.000 [0.000-0.053],obs 0.167 vs M1 0.200 [0.077-0.400] (raw:inside/all:inside) | IM77 obs 0.000 vs M1 0.000 [0.000-0.000] (inside),B,"sequence claims chain-explained; kept at B on the outside fact: enriched abroad (S273, S284): Gulf fact; 50x frequency = unigram, untestable",adjacency,adjacency (chain by construction),in,in,,S273
W56 twenty-four,B,W56 followed by W2 (the Kalibangan 91-56-2 formula),0.000; 0.000; 0.000,0.000 [0.000-0.000],0.000 [0.000-0.000],obs 0.500 vs M1 0.500 [0.000-1.000] (raw:inside/all:inside) | IM77 obs nan vs M1 nan [nan-nan] (untestable/no tokens),B-,sequence claims chain-explained; outside fact only: Kalibangan moulded tablets K-69-75 (S149): object/site fact; 8 copies of one text,adjacency,adjacency (chain by construction),in,in,Kalibangan moulded tablets K-69-75 (S149): object/site fact; 8 copies of one text,S149
W2 connective,A connective,W2 in second position,0.604; 0.605; 0.604,0.538 [0.502-0.575],0.549 [0.516-0.584],obs 0.536 vs M1 0.506 [0.442-0.576] (raw:inside/all:inside) | IM77 obs 0.476 vs M1 0.482 [0.357-0.635] (inside),A,beats both chains at all levels and replicates: W2 twice in one text per 1000 texts with W2 (once rule: low),position,beyond chains (above),above,in,,GRAMMAR
W2 connective,A connective,W2 preceded by an opener,0.545; 0.546; 0.545,0.507 [0.469-0.552],0.489 [0.450-0.525],obs 0.459 vs M1 0.432 [0.368-0.494] (raw:inside/all:inside) | IM77 obs 0.492 vs M1 0.468 [0.322-0.614] (inside),A,beats both chains at all levels and replicates: W2 twice in one text per 1000 texts with W2 (once rule: low),adjacency,adjacency (chain by construction),in,in,,GRAMMAR
W2 connective,A connective,W2 initial (never: low),0.070; 0.070; 0.070,0.068 [0.052-0.088],0.069 [0.053-0.087],obs 0.151 vs M1 0.126 [0.083-0.173] (raw:inside/all:inside) | IM77 obs 0.079 vs M1 0.073 [0.016-0.148] (inside),A,beats both chains at all levels and replicates: W2 twice in one text per 1000 texts with W2 (once rule: low),position,chain-explained,in,in,,GRAMMAR
W2 connective,A connective,W2 twice in one text per 1000 texts with W2 (once rule: low),3.472; 3.466; 3.472,46.763 [31.599-65.858],27.972 [17.241-43.088],obs 5.556 vs M1 36.585 [16.575-67.485] (raw:beyond/all:beyond) | IM77 obs 50.000 vs M1 43.478 [0.000-96.774] (inside),A,beats both chains at all levels and replicates: W2 twice in one text per 1000 texts with W2 (once rule: low),distance,beyond chains (below),below,below,,S-DARK-15
W2 connective,A connective,W2 text also carries marked jar 741/742 at any distance (exclusion: low),0.014; 0.014; 0.014,0.034 [0.020-0.048],0.026 [0.014-0.042],obs 0.011 vs M1 0.025 [0.006-0.053] (raw:inside/all:inside) | IM77 obs 0.017 vs M1 0.043 [0.000-0.103] (inside),A,beats both chains at all levels and replicates: W2 twice in one text per 1000 texts with W2 (once rule: low),distance,beyond chains only at seq_raw/seq_all (merge-dependent),below,below,,"S-DARK-15,S333"
W60 connective,A,W60 in second position,0.854; 0.854; 0.854,0.621 [0.549-0.700],0.729 [0.673-0.794],obs 0.689 vs M1 0.588 [0.459-0.725] (raw:inside/all:inside) | IM77 obs 0.846 vs M1 0.714 [0.444-0.938] (inside),B,beats both chains at MD+H but not replicated out of sample (power or absent): W60 in second position,position,beyond chains (above),above,above,,"S139,S331"
W60 connective,A,W60 preceded by an opener (817/861/820/920/692),0.646; 0.646; 0.646,0.639 [0.570-0.708],0.573 [0.512-0.638],obs 0.489 vs M1 0.455 [0.324-0.583] (raw:inside/all:inside) | IM77 obs 0.615 vs M1 0.625 [0.300-0.900] (inside),B,beats both chains at MD+H but not replicated out of sample (power or absent): W60 in second position,adjacency,adjacency (chain by construction),in,in,,S331
W60 connective,A,W60 twice per 1000 texts with W60 (low),12.346; 12.346; 12.346,11.429 [0.000-31.056],10.582 [0.000-27.322],obs 0.000 vs M1 0.000 [0.000-44.444] (raw:inside/all:inside) | IM77 obs 0.000 vs M1 0.000 [0.000-76.923] (inside),B,beats both chains at MD+H but not replicated out of sample (power or absent): W60 in second position,distance,chain-explained,in,in,,S-DARK-15
W60 connective,A,W60 initial (low),0.030; 0.030; 0.030,0.027 [0.006-0.056],0.024 [0.005-0.049],obs 0.022 vs M1 0.019 [0.000-0.073] (raw:inside/all:inside) | IM77 obs 0.000 vs M1 0.000 [0.000-0.000] (inside),B,beats both chains at MD+H but not replicated out of sample (power or absent): W60 in second position,position,chain-explained,in,in,,GRAMMAR
W817/W861 opener,A function,W817/861 initial,0.782; 0.783; 0.782,0.749 [0.707-0.791],0.670 [0.625-0.728],obs 0.805 vs M1 0.726 [0.627-0.807] (raw:inside/all:inside) | IM77 obs 0.677 vs M1 0.667 [0.500-0.839] (inside),A,beats both chains at all levels and replicates: opener text also carries a closer (jar etc.) at distance >= 2 [end-state fact: an order-1 chain with END reproduces it],position,chain-explained,in,in,owned seals; on sealings at half the seal rate (S318): object fact,"S29,S66"
W817/W861 opener,A function,W817/861 followed by W2,0.795; 0.795; 0.795,0.802 [0.754-0.845],0.724 [0.659-0.767],obs 0.741 vs M1 0.750 [0.649-0.835] (raw:inside/all:inside) | IM77 obs 0.750 vs M1 0.720 [0.562-0.909] (inside),A,beats both chains at all levels and replicates: opener text also carries a closer (jar etc.) at distance >= 2 [end-state fact: an order-1 chain with END reproduces it],adjacency,adjacency (chain by construction),in,in,,GRAMMAR
W817/W861 opener,A function,opener text also carries suffix W400 at any distance (exclusion: low),0.025; 0.025; 0.025,0.053 [0.033-0.073],0.050 [0.034-0.068],obs 0.007 vs M1 0.015 [0.000-0.038] (raw:inside/all:inside) | IM77 obs 0.038 vs M1 0.055 [0.000-0.128] (inside),A,beats both chains at all levels and replicates: opener text also carries a closer (jar etc.) at distance >= 2 [end-state fact: an order-1 chain with END reproduces it],distance,beyond chains (below),below,below,"seal vs tablet sub-systems (S29, S66)","S29,S50"
W817/W861 opener,A function,opener text also carries a closer (jar etc.) at distance >= 2,0.564; 0.555; 0.564,0.287 [0.253-0.332],0.297 [0.261-0.334],obs 0.365 vs M1 0.231 [0.160-0.291] (raw:beyond/all:beyond) | IM77 obs 0.623 vs M1 0.304 [0.184-0.444] (beyond),A,beats both chains at all levels and replicates: opener text also carries a closer (jar etc.) at distance >= 2 [end-state fact: an order-1 chain with END reproduces it],distance,beyond chains (above),in,in,,GRAMMAR
W817/W861 opener,A function,opener twice per 1000 texts with it (low),20.576; 20.492; 20.576,20.202 [8.130-35.270],31.835 [17.176-45.956],obs 43.796 vs M1 32.051 [7.246-60.000] (raw:inside/all:inside) | IM77 obs 75.472 vs M1 58.824 [0.000-145] (inside),A,beats both chains at all levels and replicates: opener text also carries a closer (jar etc.) at distance >= 2 [end-state fact: an order-1 chain with END reproduces it],distance,chain-explained,in,below,,S88
W820 wheel opener,A function,W820 initial,0.744; 0.744; 0.744,0.719 [0.656-0.796],0.657 [0.586-0.733],obs 0.761 vs M1 0.714 [0.571-0.826] (raw:inside/all:inside) | IM77 obs 0.577 vs M1 0.586 [0.421-0.783] (inside),C,every sequence claim is chain-explained; no outside fact,position,chain-explained,in,in,,S331
W820 wheel opener,A function,W820 final (suffix stripped; S286 opener-as-closer),0.110; 0.110; 0.110,0.099 [0.057-0.145],0.120 [0.076-0.171],obs 0.065 vs M1 0.109 [0.045-0.194] (raw:inside/all:inside) | IM77 obs 0.115 vs M1 0.167 [0.045-0.333] (inside),C,every sequence claim is chain-explained; no outside fact,position,chain-explained,above,in,,S286
W820 wheel opener,A function,W820 followed by W2 or W60,0.636; 0.636; 0.636,0.636 [0.560-0.712],0.575 [0.506-0.664],obs 0.558 vs M1 0.553 [0.407-0.680] (raw:inside/all:inside) | IM77 obs 0.417 vs M1 0.412 [0.211-0.625] (inside),C,every sequence claim is chain-explained; no outside fact,adjacency,adjacency (chain by construction),in,in,,S331
W740 jar closer,A function / C word,W740 final (suffix stripped),0.865; 0.865; 0.865,0.473 [0.446-0.499],0.433 [0.409-0.466],obs 0.819 vs M1 0.519 [0.463-0.584] (raw:beyond/all:beyond) | IM77 obs 0.804 vs M1 0.556 [0.448-0.663] (beyond),A,beats both chains at all levels and replicates: jar text also carries another closer at any distance (mutual exclusion: low),position,beyond chains (above),in,in,also counted T2+jar x46: bigram,S289
W740 jar closer,A function / C word,jar text also carries another closer at any distance (mutual exclusion: low),0.042; 0.041; 0.041,0.164 [0.143-0.187],0.147 [0.125-0.169],obs 0.040 vs M1 0.138 [0.096-0.187] (raw:beyond/all:beyond) | IM77 obs 0.073 vs M1 0.202 [0.125-0.294] (beyond),A,beats both chains at all levels and replicates: jar text also carries another closer at any distance (mutual exclusion: low),distance,beyond chains (below),below,in,,"S289,S291"
W740 jar closer,A function / C word,W740 twice per 1000 jar texts (low),13.289; 13.223; 13.278,126 [103-148],99.422 [78.431-119],obs 19.841 vs M1 74.866 [42.453-110] (raw:beyond/all:beyond) | IM77 obs 18.182 vs M1 48.193 [10.309-98.901] (inside),A,beats both chains at all levels and replicates: jar text also carries another closer at any distance (mutual exclusion: low),distance,beyond chains (below),below,below,,S88
W740 jar closer,A function / C word,S289 closer-paradigm count (signs >=40% final with jar O/E <= 0.5),10; 10; 9,1 [0-4],2 [0-5],obs 1 vs M1 1 [0-2] (raw:inside/all:inside) | IM77 obs 4 vs M1 0 [0-2] (beyond),A,beats both chains at all levels and replicates: jar text also carries another closer at any distance (mutual exclusion: low),corpus,beyond chains (above),in,in,IM77 prior prediction S291 (transcription-robust),S289
W400 suffix,A function,W400 raw-final,0.883; 0.884; 0.883,0.421 [0.372-0.464],0.423 [0.370-0.480],obs 0.760 vs M1 0.500 [0.367-0.677] (raw:beyond/all:beyond) | IM77 obs 0.857 vs M1 0.433 [0.333-0.566] (beyond),A,beats both chains at all levels and replicates: W400 raw-final [end-state fact: an order-1 chain with END reproduces it],position,beyond chains (above),in,in,tablets/rods 21-25% vs sealings 1% (S318): object fact,S29
W400 suffix,A function,W400 preceded by a closer,0.573; 0.578; 0.573,0.609 [0.562-0.652],0.502 [0.450-0.563],obs 0.520 vs M1 0.622 [0.483-0.788] (raw:inside/all:inside) | IM77 obs 0.643 vs M1 0.418 [0.282-0.595] (inside),A,beats both chains at all levels and replicates: W400 raw-final [end-state fact: an order-1 chain with END reproduces it],adjacency,adjacency (chain by construction),in,in,,"S24,S29"
W400 suffix,A function,W400 text also carries an opener (exclusion: low),0.044; 0.043; 0.044,0.073 [0.048-0.098],0.097 [0.065-0.130],obs 0.040 vs M1 0.083 [0.000-0.172] (raw:inside/all:inside) | IM77 obs 0.080 vs M1 0.094 [0.000-0.200] (inside),A,beats both chains at all levels and replicates: W400 raw-final [end-state fact: an order-1 chain with END reproduces it],distance,beyond chains (below),below,below,seal vs tablet (S29),"S29,S50"
W90 man suffix,B,W90 raw-final,0.646; 0.664; 0.664,0.333 [0.275-0.402],0.338 [0.260-0.433],obs 0.526 vs M1 0.321 [0.194-0.449] (raw:beyond/all:beyond) | IM77 obs 0.471 vs M1 0.316 [0.160-0.500] (inside),B,beats both chains and replicates: W90 raw-final [end-state fact: an order-1 chain with END reproduces it],position,beyond chains (above),in,in,"person first on Gulf seals (S47, S74): Gulf fact",S24
W90 man suffix,B,W90 preceded by a closer,0.664; 0.672; 0.672,0.818 [0.775-0.862],0.634 [0.558-0.714],obs 0.436 vs M1 0.582 [0.451-0.708] (raw:inside/all:beyond) | IM77 obs 0.353 vs M1 0.318 [0.150-0.615] (inside),B,beats both chains and replicates: W90 raw-final [end-state fact: an order-1 chain with END reproduces it],adjacency,adjacency (chain by construction),in,in,,S24
W90 man suffix,B,W90 preceded by a numeral (plain person never counted: low),0.031; 0.024; 0.024,0.013 [0.000-0.028],0.038 [0.013-0.073],obs 0.104 vs M1 0.075 [0.037-0.134] (raw:inside/all:inside) | IM77 obs 0.000 vs M1 0.000 [0.000-0.000] (inside),B,beats both chains and replicates: W90 raw-final [end-state fact: an order-1 chain with END reproduces it],adjacency,adjacency (chain by construction),in,in,,S98
W91 twins,B,W91 adjacent to a numeral,0.300; 0.300; 0.300,0.364 [0.100-0.714],0.455 [0.167-0.750],obs 0.556 vs M1 0.571 [0.333-0.750] (raw:inside/all:inside) | IM77 obs nan vs M1 nan [nan-nan] (untestable/no tokens),B-,sequence claims chain-explained; outside fact only: 28% of texts abroad (S274); trade objects (S316): Gulf/object facts,adjacency,adjacency (chain by construction),in,in,28% of texts abroad (S274); trade objects (S316): Gulf/object facts,S293
W595 pre-closer,A function,W595 text also carries the jar at any distance (avoidance: low),0.116; 0.116; 0.116,0.152 [0.061-0.262],0.184 [0.059-0.314],obs 0.000 vs M1 0.000 [0.000-0.400] (raw:inside/all:inside) | IM77 obs 0.000 vs M1 0.167 [0.000-0.500] (inside),C,every sequence claim is chain-explained; no outside fact,distance,chain-explained,in,below,,S288
W595 pre-closer,A function,W595 followed by W820,0.138; 0.138; 0.138,0.114 [0.000-0.276],0.053 [0.000-0.182],obs 0.000 vs M1 0.000 [0.000-0.000] (raw:inside/all:inside) | IM77 obs 0.111 vs M1 0.100 [0.000-0.400] (inside),C,every sequence claim is chain-explained; no outside fact,adjacency,adjacency (chain by construction),in,in,,S288
W595 pre-closer,A function,W595 adjacent to W820 in either order: share with 595 first,0.500; 0.500; 0.500,0.500 [0.125-1.000],0.429 [0.000-1.000],obs 0.000 vs M1 0.000 [0.000-1.000] (raw:inside/all:inside) | IM77 obs 0.500 vs M1 0.333 [0.000-1.000] (inside),C,every sequence claim is chain-explained; no outside fact,adjacency,adjacency (chain by construction),in,in,,S288
W595 pre-closer,A function,W595 final (suffix stripped),0.333; 0.333; 0.333,0.286 [0.150-0.462],0.286 [0.138-0.433],obs 0.250 vs M1 0.200 [0.000-0.667] (raw:inside/all:inside) | IM77 obs 0.400 vs M1 0.333 [0.083-0.636] (inside),C,every sequence claim is chain-explained; no outside fact,position,chain-explained,in,in,,S288
W520 arrow closer,C,W520 final (suffix stripped),0.846; 0.846; 0.846,0.449 [0.383-0.526],0.377 [0.310-0.450],obs 0.936 vs M1 0.462 [0.351-0.595] (raw:beyond/all:beyond) | IM77 obs 0.818 vs M1 0.364 [0.143-0.600] (beyond),C,beyond chains and replicated: W520 text also carries the jar at any distance (low),position,beyond chains (above),in,in,,S289
W520 arrow closer,C,W520 text also carries the jar at any distance (low),0.051; 0.051; 0.051,0.325 [0.263-0.383],0.213 [0.141-0.277],obs 0.000 vs M1 0.152 [0.056-0.265] (raw:beyond/all:beyond) | IM77 obs 0.000 vs M1 0.143 [0.000-0.429] (inside),C,beyond chains and replicated: W520 text also carries the jar at any distance (low),distance,beyond chains (below),below,in,,S289
W520 arrow closer,C,W520 preceded by tall 3 or a fish,0.668; 0.668; 0.668,0.487 [0.416-0.557],0.514 [0.439-0.596],obs 0.490 vs M1 0.417 [0.283-0.585] (raw:inside/all:inside) | IM77 obs 0.545 vs M1 0.562 [0.273-0.818] (inside),C,beyond chains and replicated: W520 text also carries the jar at any distance (low),adjacency,adjacency (chain by construction),in,in,,S303
W151 carrier closer,C-,W151 final (suffix stripped),0.951; 0.951; 0.951,0.359 [0.235-0.482],0.333 [0.230-0.446],obs 0.850 vs M1 0.333 [0.176-0.542] (raw:beyond/all:beyond) | IM77 obs 0.909 vs M1 0.357 [0.000-0.750] (beyond),C-,beyond chains and replicated: W151 final (suffix stripped) [end-state fact: an order-1 chain with END reproduces it],position,beyond chains (above),in,in,,S289
W151 carrier closer,C-,W151 text also carries the jar at any distance (low),0.092; 0.092; 0.092,0.380 [0.243-0.493],0.339 [0.240-0.458],obs 0.182 vs M1 0.440 [0.250-0.667] (raw:beyond/all:beyond) | IM77 obs 0.182 vs M1 0.333 [0.000-0.667] (inside),C-,beyond chains and replicated: W151 final (suffix stripped) [end-state fact: an order-1 chain with END reproduces it],distance,beyond chains (below),in,in,,S289
W156 jar-carrier closer,C,W156 final (suffix stripped),0.900; 0.900; 0.900,0.349 [0.240-0.457],0.286 [0.182-0.429],obs 1.000 vs M1 0.333 [0.000-0.750] (raw:beyond/all:beyond) | IM77 obs 0.933 vs M1 0.348 [0.143-0.600] (beyond),C,beyond chains and replicated: W156 final (suffix stripped) [end-state fact: an order-1 chain with END reproduces it],position,beyond chains (above),in,in,,S289
W156 jar-carrier closer,C,W156 text also carries the jar at any distance (low),0.053; 0.053; 0.053,0.296 [0.173-0.441],0.220 [0.123-0.333],obs 0.000 vs M1 0.167 [0.000-0.500] (raw:inside/all:inside) | IM77 obs 0.000 vs M1 0.077 [0.000-0.267] (inside),C,beyond chains and replicated: W156 final (suffix stripped) [end-state fact: an order-1 chain with END reproduces it],distance,beyond chains (below),in,in,,S289
W156 jar-carrier closer,C,W156 preceded by short 3,0.228; 0.228; 0.228,0.224 [0.103-0.344],0.200 [0.118-0.321],obs 0.111 vs M1 0.111 [0.000-0.500] (raw:inside/all:inside) | IM77 obs 0.000 vs M1 0.000 [0.000-0.000] (inside),C,beyond chains and replicated: W156 final (suffix stripped) [end-state fact: an order-1 chain with END reproduces it],adjacency,adjacency (chain by construction),in,in,,S303
W527 hatched box closer,C,W527 final (suffix stripped),0.912; 0.902; 0.912,0.364 [0.250-0.500],0.351 [0.211-0.517],obs 0.786 vs M1 0.286 [0.062-0.562] (raw:beyond/all:beyond) | IM77 obs 0.857 vs M1 0.500 [0.200-0.800] (beyond),C,beyond chains and replicated: W527 final (suffix stripped) [end-state fact: an order-1 chain with END reproduces it],position,beyond chains (above),in,in,,S289
W527 hatched box closer,C,W527 text also carries the jar at any distance (low),0.088; 0.098; 0.088,0.333 [0.179-0.485],0.255 [0.143-0.396],obs 0.143 vs M1 0.211 [0.000-0.462] (raw:inside/all:inside) | IM77 obs 0.286 vs M1 0.556 [0.200-0.889] (inside),C,beyond chains and replicated: W527 final (suffix stripped) [end-state fact: an order-1 chain with END reproduces it],distance,beyond chains (below),in,in,,S289
W527 hatched box closer,C,W527 preceded by pincer 550/555,0.737; 0.725; 0.737,0.709 [0.574-0.833],0.545 [0.395-0.706],obs 0.500 vs M1 0.533 [0.308-0.750] (raw:inside/all:inside) | IM77 obs 0.286 vs M1 0.143 [0.000-0.500] (inside),C,beyond chains and replicated: W527 final (suffix stripped) [end-state fact: an order-1 chain with END reproduces it],adjacency,adjacency (chain by construction),in,in,,S303
W226 fish-4 closer,C,W226 final (suffix stripped),0.800; 0.800; 0.800,0.250 [0.087-0.471],0.296 [0.143-0.520],obs 0.545 vs M1 0.385 [0.167-0.769] (raw:inside/all:inside) | IM77 obs 0.750 vs M1 0.286 [0.000-0.750] (inside),C,beyond chains: W226 final (suffix stripped) [end-state fact: an order-1 chain with END reproduces it],position,beyond chains (above),in,in,,S289
W226 fish-4 closer,C,W226 text also carries the jar at any distance (low),0.071; 0.071; 0.071,0.286 [0.107-0.471],0.235 [0.087-0.414],obs 0.000 vs M1 0.111 [0.000-0.389] (raw:inside/all:inside) | IM77 obs 0.250 vs M1 0.200 [0.000-1.000] (inside),C,beyond chains: W226 final (suffix stripped) [end-state fact: an order-1 chain with END reproduces it],distance,beyond chains (below),in,in,,S289
W226 fish-4 closer,C,W226 preceded by tall 2,0.393; 0.393; 0.393,0.350 [0.150-0.579],0.286 [0.111-0.500],obs 0.250 vs M1 0.200 [0.000-0.500] (raw:inside/all:inside) | IM77 obs 0.500 vs M1 0.429 [0.000-1.000] (inside),C,beyond chains: W226 final (suffix stripped) [end-state fact: an order-1 chain with END reproduces it],adjacency,adjacency (chain by construction),in,in,,S303
W617 closer,C,W617 final (suffix stripped),0.638; 0.638; 0.638,0.250 [0.148-0.394],0.267 [0.150-0.390],obs 0.429 vs M1 0.400 [0.167-0.750] (raw:inside/all:inside) | IM77 obs 0.364 vs M1 0.305 [0.225-0.403] (inside),C,beyond chains: W617 final (suffix stripped) [end-state fact: an order-1 chain with END reproduces it],position,beyond chains (above),in,in,W617/W700 transcription-fragile (S-DARK-24.3); W700 Harappa tablets only,S289
W617 closer,C,W617 text also carries the jar at any distance (low),0.169; 0.169; 0.169,0.283 [0.167-0.410],0.314 [0.208-0.450],obs 0.143 vs M1 0.250 [0.000-0.625] (raw:inside/all:inside) | IM77 obs 0.108 vs M1 0.182 [0.071-0.312] (inside),C,beyond chains: W617 final (suffix stripped) [end-state fact: an order-1 chain with END reproduces it],distance,beyond chains only at seq_raw (merge-dependent),in,in,,S289
W617 closer,C,W617 preceded by W142,0.373; 0.373; 0.373,0.308 [0.189-0.463],0.232 [0.137-0.356],obs 0.143 vs M1 0.091 [0.000-0.400] (raw:inside/all:inside) | IM77 obs 0.182 vs M1 0.156 [0.086-0.262] (inside),C,beyond chains: W617 final (suffix stripped) [end-state fact: an order-1 chain with END reproduces it],adjacency,adjacency (chain by construction),in,in,,S303
W154/158 closer,C,W154/158 final (suffix stripped),0.950; 0.951; 0.950,0.529 [0.380-0.667],0.483 [0.358-0.627],obs 0.857 vs M1 0.300 [0.000-0.800] (raw:beyond/all:beyond) | IM77 obs 0.933 vs M1 0.348 [0.143-0.600] (beyond),C,beyond chains and replicated: W154/158 final (suffix stripped) [end-state fact: an order-1 chain with END reproduces it],position,beyond chains (above),in,in,,S289
W154/158 closer,C,W154/158 text also carries the jar at any distance (low),0.098; 0.097; 0.098,0.244 [0.122-0.385],0.217 [0.125-0.356],obs 0.000 vs M1 0.125 [0.000-0.500] (raw:inside/all:inside) | IM77 obs 0.000 vs M1 0.077 [0.000-0.267] (inside),C,beyond chains and replicated: W154/158 final (suffix stripped) [end-state fact: an order-1 chain with END reproduces it],distance,beyond chains (below),in,in,,S289
W154/158 closer,C,W154/158 preceded by leaf-tree 803/806,0.459; 0.435; 0.443,0.425 [0.286-0.578],0.327 [0.200-0.446],obs 0.143 vs M1 0.143 [0.000-0.500] (raw:inside/all:inside) | IM77 obs 0.133 vs M1 0.071 [0.000-0.250] (inside),C,beyond chains and replicated: W154/158 final (suffix stripped) [end-state fact: an order-1 chain with END reproduces it],adjacency,adjacency (chain by construction),in,in,,S303
W700 tablet unit,B,W700 final (suffix stripped),0.565; 0.565; 0.565,0.343 [0.247-0.441],0.337 [0.244-0.442],obs 0.385 vs M1 0.250 [0.083-0.467] (raw:inside/all:inside) | IM77 obs 0.154 vs M1 0.278 [0.083-0.500] (inside),B,beats both chains (MD+H only): W700 final (suffix stripped) [end-state fact: an order-1 chain with END reproduces it],position,beyond chains (above),in,below,W617/W700 transcription-fragile (S-DARK-24.3); W700 Harappa tablets only,S289
W700 tablet unit,B,W700 text also carries the jar at any distance (low),0.066; 0.066; 0.066,0.163 [0.093-0.240],0.211 [0.127-0.292],obs 0.176 vs M1 0.222 [0.050-0.400] (raw:inside/all:inside) | IM77 obs 0.000 vs M1 0.050 [0.000-0.250] (inside),B,beats both chains (MD+H only): W700 final (suffix stripped) [end-state fact: an order-1 chain with END reproduces it],distance,beyond chains (below),in,in,,S289
W176 seated man,C,W176 followed by the jar or W100,0.734; 0.734; 0.734,0.742 [0.639-0.824],0.658 [0.547-0.764],obs 0.800 vs M1 0.818 [0.556-0.929] (raw:inside/all:inside) | IM77 obs 0.579 vs M1 0.571 [0.286-0.778] (inside),C,beyond chains at some merge levels only: run 176-100-740 per 1000 texts [end-state fact: an order-1 chain with END reproduces it],adjacency,adjacency (chain by construction),in,in,38 copies of 176-740-400 (whole-text copies),S301
W176 seated man,C,W176 before W100 at any distance (order; 13:0),1.000; 1.000; 1.000,1.000 [0.875-1.000],1.000 [0.812-1.000],obs 1.000 vs M1 1.000 [0.000-1.000] (raw:inside/all:inside) | IM77 obs nan vs M1 nan [nan-nan] (untestable/no tokens),C,beyond chains at some merge levels only: run 176-100-740 per 1000 texts [end-state fact: an order-1 chain with END reproduces it],distance,chain-explained,in,in,,"S298,S302"
W176 seated man,C,"texts with 100-jar also carry 176 earlier, at distance >= 2 from 100",0.019; 0.019; 0.019,0.013 [0.000-0.052],0.023 [0.000-0.068],obs 0.000 vs M1 0.000 [0.000-0.100] (raw:inside/all:inside) | IM77 obs 0.000 vs M1 0.091 [0.000-0.333] (inside),C,beyond chains at some merge levels only: run 176-100-740 per 1000 texts [end-state fact: an order-1 chain with END reproduces it],distance,chain-explained,in,in,,S302
W176 seated man,C,run 176-100-740 per 1000 texts,3.875; 3.856; 3.873,1.614 [0.323-3.552],1.937 [0.646-3.875],obs 1.124 vs M1 0.000 [0.000-2.247] (raw:inside/all:inside) | IM77 obs 0.000 vs M1 0.000 [0.000-0.000] (inside),C,beyond chains at some merge levels only: run 176-100-740 per 1000 texts [end-state fact: an order-1 chain with END reproduces it],trigram,beyond chains only at seq_strong (merge-dependent),in,in,,S302
W100 three-headed man,C,W100 preceded by another person sign (176/140),0.190; 0.190; 0.190,0.183 [0.112-0.278],0.158 [0.093-0.240],obs 0.125 vs M1 0.111 [0.000-0.316] (raw:inside/all:inside) | IM77 obs 0.077 vs M1 0.050 [0.000-0.250] (inside),C,chain-explained,adjacency,adjacency (chain by construction),in,in,,S298
"W760, W923, W690, W482, W752, W48 pre-jar titles",B function,followed by the jar,0.852; 0.850; 0.852,0.825 [0.757-0.883],0.655 [0.591-0.735],obs 0.939 vs M1 0.905 [0.783-1.000] (raw:inside/all:inside) | IM77 obs 0.944 vs M1 0.875 [0.615-1.000] (inside),C,every sequence claim is chain-explained; no outside fact,adjacency,adjacency (chain by construction),in,in,,"S229,S341"
W923 title,C,W923 preceded by tall 3 (33-923 fixed),0.121; 0.147; 0.121,0.100 [0.000-0.233],0.061 [0.000-0.179],obs 0.000 vs M1 0.000 [0.000-0.000] (raw:inside/all:inside) | IM77 obs 0.000 vs M1 0.000 [0.000-0.000] (inside),C,chain-explained,adjacency,adjacency (chain by construction),in,in,,S197
W390/W405 tree,B counted / C word,tree preceded by a numeral,0.326; 0.327; 0.326,0.285 [0.235-0.346],0.274 [0.226-0.323],obs 0.290 vs M1 0.238 [0.157-0.318] (raw:inside/all:inside) | IM77 obs 0.292 vs M1 0.290 [0.161-0.469] (inside),B,"beats both chains and replicates: numeral-tree pair preceded by W2 (opener-of-N-tree seal type), i.e. run 2-NUM-tree per 1000",adjacency,adjacency (chain by construction),in,in,Umma bulla (S345) outside find,S70
W390/W405 tree,B counted / C word,distinct numerals before the tree,11; 11; 11,9 [8-11],11 [8-12],obs 8 vs M1 7 [5-8] (raw:inside/all:inside) | IM77 obs 6 vs M1 5 [3-6] (inside),B,"beats both chains and replicates: numeral-tree pair preceded by W2 (opener-of-N-tree seal type), i.e. run 2-NUM-tree per 1000",adjacency,adjacency (chain by construction),in,in,,S70
W390/W405 tree,B counted / C word,tree final (suffix stripped; self-closing),0.536; 0.536; 0.536,0.302 [0.257-0.352],0.308 [0.258-0.370],obs 0.495 vs M1 0.342 [0.269-0.426] (raw:beyond/all:beyond) | IM77 obs 0.542 vs M1 0.326 [0.208-0.467] (beyond),B,"beats both chains and replicates: numeral-tree pair preceded by W2 (opener-of-N-tree seal type), i.e. run 2-NUM-tree per 1000",position,beyond chains (above),in,in,,S350
W390/W405 tree,B counted / C word,"numeral-tree pair preceded by W2 (opener-of-N-tree seal type), i.e. run 2-NUM-tree per 1000",11.301; 11.568; 11.298,4.843 [2.906-7.427],6.781 [3.552-9.364],obs 10.112 vs M1 5.618 [2.247-10.112] (raw:inside/all:inside) | IM77 obs 6.173 vs M1 3.086 [0.000-12.346] (inside),B,"beats both chains and replicates: numeral-tree pair preceded by W2 (opener-of-N-tree seal type), i.e. run 2-NUM-tree per 1000",trigram,beyond chains (above),above,above,"31 texts, 8 sites (S336)",S336
W220 plain fish,C,W220 preceded by a numeral,0.369; 0.369; 0.369,0.329 [0.263-0.379],0.296 [0.243-0.358],obs 0.318 vs M1 0.305 [0.215-0.400] (raw:inside/all:inside) | IM77 obs 0.256 vs M1 0.244 [0.139-0.417] (inside),C,chain-explained (outside fact: on seals 85% vs 70% (S292): object fact),adjacency,adjacency (chain by construction),in,in,on seals 85% vs 70% (S292): object fact,S292
W900 bracket,C,W900 preceded by a numeral,0.444; 0.444; 0.444,0.342 [0.267-0.433],0.351 [0.255-0.483],obs 0.125 vs M1 0.095 [0.000-0.250] (raw:inside/all:inside) | IM77 obs 0.222 vs M1 0.167 [0.000-0.462] (inside),C,chain-explained,adjacency,adjacency (chain by construction),in,in,,S341
W900 bracket,C,W900 followed by the jar,0.433; 0.433; 0.433,0.431 [0.306-0.574],0.321 [0.208-0.459],obs 0.125 vs M1 0.133 [0.062-0.250] (raw:inside/all:inside) | IM77 obs 0.000 vs M1 0.000 [0.000-0.000] (inside),C,chain-explained,adjacency,adjacency (chain by construction),in,in,,S341
W575 seven-X,B fixed / C meaning,modal numeral share before W575 (always 7),0.929; 0.929; 0.929,0.909 [0.600-1.000],0.833 [0.500-1.000],obs 0.667 vs M1 0.800 [0.500-1.000] (raw:inside/all:inside) | IM77 obs 1.000 vs M1 1.000 [1.000-1.000] (inside),C,every sequence claim is chain-explained; no outside fact,adjacency,adjacency (chain by construction),in,in,,S197
W585 seven-X,B,modal numeral share before W585,0.850; 0.850; 0.850,0.846 [0.588-1.000],0.833 [0.583-1.000],obs 1.000 vs M1 1.000 [0.800-1.000] (raw:inside/all:inside) | IM77 obs 1.000 vs M1 1.000 [1.000-1.000] (inside),C,every sequence claim is chain-explained; no outside fact,adjacency,adjacency (chain by construction),in,in,,S197
W632 two-X,B,modal numeral share before W632,nan; 1.000; nan,nan [nan-nan],nan [nan-nan],obs nan vs M1 nan [nan-nan] (raw:inside/all:untestable) | IM77 obs nan vs M1 nan [nan-nan] (untestable/no tokens),C,every sequence claim is chain-explained; no outside fact,adjacency,adjacency (chain by construction),-,,,S197
W632 two-X,B,W632 preceded by a numeral at all,nan; 0.208; nan,nan [nan-nan],nan [nan-nan],obs nan vs M1 nan [nan-nan] (raw:inside/all:untestable) | IM77 obs 0.000 vs M1 0.000 [0.000-0.000] (inside),C,every sequence claim is chain-explained; no outside fact,adjacency,adjacency (chain by construction),-,,,S197
fish family W220/240/235/233/231,B,two modified fish adjacent: predicted order share (hat>whiskers>bar>stroke),0.866; 0.866; 0.866,0.881 [0.758-0.957],0.838 [0.729-0.944],obs 1.000 vs M1 1.000 [0.667-1.000] (raw:inside/all:inside) | IM77 obs 0.667 vs M1 0.750 [0.000-1.000] (inside),B-,beyond chains only at some merge levels: share of texts with two or more distinct fish signs (stacking) [end-state fact: an order-1 chain with END reproduces it],adjacency,adjacency (chain by construction),in,in,,S296-S297
fish family W220/240/235/233/231,B,two modified fish NON-adjacent (distance >= 2): predicted order share 235 first,1.000; 1.000; 1.000,0.714 [0.375-1.000],0.692 [0.250-1.000],obs nan vs M1 nan [nan-nan] (raw:untestable/all:untestable) | IM77 obs nan vs M1 nan [nan-nan] (untestable/no tokens),B-,beyond chains only at some merge levels: share of texts with two or more distinct fish signs (stacking) [end-state fact: an order-1 chain with END reproduces it],distance,chain-explained,above,above,,S297
fish family W220/240/235/233/231,B,240 before 233/231 at distance >= 2,nan; nan; nan,nan [nan-nan],nan [nan-nan],obs 1.000 vs M1 1.000 [0.000-1.000] (raw:inside/all:inside) | IM77 obs nan vs M1 nan [nan-nan] (untestable/no tokens),B-,beyond chains only at some merge levels: share of texts with two or more distinct fish signs (stacking) [end-state fact: an order-1 chain with END reproduces it],distance,untestable,-,,,S297
fish family W220/240/235/233/231,B,share of texts with two or more distinct fish signs (stacking),0.056; 0.056; 0.056,0.046 [0.038-0.054],0.048 [0.042-0.056],obs 0.036 vs M1 0.033 [0.022-0.048] (raw:inside/all:inside) | IM77 obs 0.034 vs M1 0.028 [0.013-0.047] (inside),B-,beyond chains only at some merge levels: share of texts with two or more distinct fish signs (stacking) [end-state fact: an order-1 chain with END reproduces it],distance,beyond chains only at seq_all (merge-dependent),in,in,,S296
fish family W220/240/235/233/231,B,modified fish stacked adjacently: run 235-240,0.208; 0.206; 0.206,0.208 [0.130-0.271],0.177 [0.114-0.236],obs 0.111 vs M1 0.111 [0.000-0.227] (raw:inside/all:inside) | IM77 obs 0.000 vs M1 0.000 [0.000-0.000] (inside),B-,beyond chains only at some merge levels: share of texts with two or more distinct fish signs (stacking) [end-state fact: an order-1 chain with END reproduces it],adjacency,adjacency (chain by construction),in,in,,S296
arrow phrase fish (+705-33) + W520,B,W520 preceded by a fish word,0.447; 0.447; 0.447,0.327 [0.257-0.396],0.383 [0.317-0.462],obs 0.306 vs M1 0.262 [0.154-0.405] (raw:inside/all:inside) | IM77 obs 0.364 vs M1 0.400 [0.143-0.667] (inside),B,beats both chains (MD+H only): run 705/706-33-520 per 1000,adjacency,adjacency (chain by construction),in,in,,S299
arrow phrase fish (+705-33) + W520,B,W520 with a fish exactly two before and a non-fish between (fish + 1 sign + arrow),0.025; 0.025; 0.025,0.010 [0.000-0.030],0.026 [0.000-0.051],obs 0.000 vs M1 0.000 [0.000-0.042] (raw:inside/all:inside) | IM77 obs 0.136 vs M1 0.083 [0.000-0.273] (inside),B,beats both chains (MD+H only): run 705/706-33-520 per 1000,distance,chain-explained,in,in,,S299
arrow phrase fish (+705-33) + W520,B,run 705/706-33-520 per 1000,13.884; 13.817; 13.880,5.489 [3.229-8.072],5.812 [3.229-9.041],obs 6.742 vs M1 2.247 [0.000-5.618] (raw:inside/all:inside) | IM77 obs 12.346 vs M1 3.086 [0.000-12.346] (inside),B,beats both chains (MD+H only): run 705/706-33-520 per 1000,trigram,beyond chains (above),above,in,,S300
arrow phrase fish (+705-33) + W520,B,W705/706 preceded by a fish word,0.304; 0.301; 0.304,0.245 [0.190-0.307],0.204 [0.150-0.257],obs 0.244 vs M1 0.216 [0.100-0.343] (raw:inside/all:inside) | IM77 obs 0.235 vs M1 0.182 [0.000-0.400] (inside),B,beats both chains (MD+H only): run 705/706-33-520 per 1000,adjacency,adjacency (chain by construction),in,in,,S300
arrow phrase fish (+705-33) + W520,B,texts with 520 also carrying a fish at distance >= 2,0.338; 0.338; 0.338,0.199 [0.147-0.259],0.259 [0.196-0.329],obs 0.204 vs M1 0.132 [0.054-0.233] (raw:inside/all:inside) | IM77 obs 0.571 vs M1 0.250 [0.059-0.533] (inside),B,beats both chains (MD+H only): run 705/706-33-520 per 1000,distance,beyond chains only at seq_all (merge-dependent),above,in,,S299
W415+W803 Gulf formula,C,run 415-803-1 per 1000,0.000; 0.000; 0.000,0.000 [0.000-0.000],0.000 [0.000-0.000],obs 2.247 vs M1 2.247 [1.124-4.494] (raw:inside/all:inside) | IM77 obs 0.000 vs M1 0.000 [0.000-0.000] (inside),C,chain-explained (outside fact: Ur and Dilmun finds (S99-S104): Gulf fact),trigram,chain-explained,in,in,Ur and Dilmun finds (S99-S104): Gulf fact,S99
W140 woman,C,W140 initial,0.447; 0.447; 0.447,0.418 [0.319-0.526],0.398 [0.303-0.494],obs 0.400 vs M1 0.364 [0.111-0.632] (raw:inside/all:inside) | IM77 obs 0.231 vs M1 0.231 [0.000-0.500] (inside),C,chain-explained (outside fact: round seals at home (S106): object fact),position,chain-explained,in,in,round seals at home (S106): object fact,S106
name-initial elements W692/575/125/416/413/920/495,B,share of tokens standing first in the middle (after opener+marker),0.208; 0.208; 0.208,0.197 [0.160-0.242],0.182 [0.142-0.225],obs 0.284 vs M1 0.270 [0.189-0.355] (raw:inside/all:inside) | IM77 obs 0.333 vs M1 0.290 [0.160-0.444] (inside),B-,sequence claims chain-explained; outside fact only: held-out sites P = 0.0005 (S313),position,chain-explained,in,in,held-out sites P = 0.0005 (S313),S311
name-initial elements W692/575/125/416/413/920/495,B,share of tokens text-initial,0.554; 0.554; 0.554,0.507 [0.467-0.562],0.476 [0.421-0.526],obs 0.543 vs M1 0.524 [0.427-0.634] (raw:inside/all:inside) | IM77 obs 0.500 vs M1 0.477 [0.310-0.636] (inside),B-,sequence claims chain-explained; outside fact only: held-out sites P = 0.0005 (S313),position,chain-explained,in,in,,S311
name-final elements W840/460/435/440/717/70/35/690,B,share of tokens standing last before the closer,0.364; 0.372; 0.364,0.347 [0.304-0.404],0.326 [0.278-0.376],obs 0.383 vs M1 0.306 [0.194-0.429] (raw:inside/all:inside) | IM77 obs 0.525 vs M1 0.449 [0.295-0.581] (inside),B-,sequence claims chain-explained; outside fact only: held-out sites (S313),position,chain-explained,in,in,held-out sites (S313),S311
name-final elements W840/460/435/440/717/70/35/690,B,followed by a closer,0.361; 0.372; 0.361,0.352 [0.296-0.407],0.275 [0.221-0.327],obs 0.355 vs M1 0.326 [0.194-0.452] (raw:inside/all:inside) | IM77 obs 0.382 vs M1 0.303 [0.148-0.462] (inside),B-,sequence claims chain-explained; outside fact only: held-out sites (S313),adjacency,adjacency (chain by construction),in,in,,S311
W255-W435(-W690) unit,B function,255 followed by 435,0.519; 0.519; 0.519,0.549 [0.419-0.651],0.479 [0.373-0.610],obs 0.231 vs M1 0.176 [0.000-0.400] (raw:inside/all:inside) | IM77 obs 0.500 vs M1 0.500 [0.000-0.857] (inside),B-,beyond chains only at some merge levels: run 255-435-690 per 1000 texts [end-state fact: an order-1 chain with END reproduces it],adjacency,adjacency (chain by construction),in,in,,"S224,S341"
W255-W435(-W690) unit,B function,run 255-435-690 per 1000 texts,8.718; 8.676; 8.715,6.135 [3.552-8.395],5.812 [3.229-8.072],obs 2.247 vs M1 1.124 [0.000-4.494] (raw:inside/all:inside) | IM77 obs 3.086 vs M1 3.086 [0.000-9.259] (inside),B-,beyond chains only at some merge levels: run 255-435-690 per 1000 texts [end-state fact: an order-1 chain with END reproduces it],trigram,beyond chains only at seq_all (merge-dependent),in,above,,S224
W255-W435(-W690) unit,B function,255 before 690 at distance >= 2 (share 255 first),1.000; 1.000; 1.000,1.000 [0.905-1.000],1.000 [0.875-1.000],obs 1.000 vs M1 1.000 [1.000-1.000] (raw:inside/all:inside) | IM77 obs 1.000 vs M1 1.000 [1.000-1.000] (inside),B-,beyond chains only at some merge levels: run 255-435-690 per 1000 texts [end-state fact: an order-1 chain with END reproduces it],distance,chain-explained,in,in,,S224
W705/706-W33 unit,B function,705/706 followed by tall 3,0.551; 0.553; 0.551,0.541 [0.463-0.622],0.404 [0.327-0.479],obs 0.333 vs M1 0.316 [0.154-0.472] (raw:inside/all:inside) | IM77 obs 0.235 vs M1 0.231 [0.000-0.500] (inside),C,every sequence claim is chain-explained; no outside fact,adjacency,adjacency (chain by construction),in,in,,S341
W590-W390/405 unit,B function,590 followed by the tree,0.624; 0.617; 0.624,0.609 [0.513-0.714],0.494 [0.379-0.602],obs 0.621 vs M1 0.571 [0.370-0.762] (raw:inside/all:inside) | IM77 obs 0.800 vs M1 0.750 [0.000-1.000] (inside),B,beats both chains and replicates: run 590-tree-740 per 1000,adjacency,adjacency (chain by construction),in,above,,"S229,S341"
W590-W390/405 unit,B function,run 590-tree-740 per 1000,18.405; 18.638; 18.399,6.135 [3.552-9.041],8.072 [5.166-11.624],obs 13.483 vs M1 6.742 [3.371-11.236] (raw:beyond/all:beyond) | IM77 obs 6.173 vs M1 0.000 [0.000-6.173] (inside),B,beats both chains and replicates: run 590-tree-740 per 1000,trigram,beyond chains (above),above,above,Kish and Gonur finds (S326): outside,S326
W845-W407 copper-tablet caption,B function,845 followed by 407,0.526; 0.526; 0.526,0.529 [0.286-0.769],0.400 [0.111-0.727],obs nan vs M1 nan [nan-nan] (raw:untestable/all:untestable) | IM77 obs nan vs M1 nan [nan-nan] (untestable/no tokens),B-,sequence claims chain-explained; outside fact only: copper tablets (S306); IM77 blind M169 final (S307),adjacency,adjacency (chain by construction),in,in,copper tablets (S306); IM77 blind M169 final (S307),S306
"W368, W892 name endings",B function,final (suffix stripped),0.393; 0.385; 0.385,0.261 [0.194-0.357],0.266 [0.194-0.355],obs 0.219 vs M1 0.257 [0.129-0.400] (raw:inside/all:inside) | IM77 obs 0.161 vs M1 0.179 [0.062-0.303] (inside),B,beats both chains (MD+H only): final (suffix stripped) [end-state fact: an order-1 chain with END reproduces it],position,beyond chains (above),in,in,,S341
"W503, W413, W824, W255, W550 opening elements",B function,text-initial share,0.429; 0.426; 0.427,0.405 [0.344-0.456],0.390 [0.338-0.443],obs 0.511 vs M1 0.471 [0.341-0.585] (raw:inside/all:inside) | IM77 obs 0.611 vs M1 0.606 [0.455-0.800] (inside),C,every sequence claim is chain-explained; no outside fact,position,chain-explained,in,in,,S341
W61 medial word,B function,61 followed by the jar or W142,0.492; 0.492; 0.492,0.481 [0.364-0.638],0.426 [0.283-0.564],obs 0.333 vs M1 0.333 [0.000-0.800] (raw:inside/all:inside) | IM77 obs 0.286 vs M1 0.200 [0.000-1.000] (inside),C,every sequence claim is chain-explained; no outside fact,adjacency,adjacency (chain by construction),in,above,,S341
W798 pincer,B function,798 followed by the jar or W415,0.528; 0.528; 0.528,0.524 [0.421-0.649],0.432 [0.329-0.543],obs 0.688 vs M1 0.722 [0.500-0.900] (raw:inside/all:inside) | IM77 obs 0.636 vs M1 0.600 [0.250-1.000] (inside),C,every sequence claim is chain-explained; no outside fact,adjacency,adjacency (chain by construction),in,in,,S341
W550 pincer variant,B function,550 followed by 527 or 60,0.592; 0.558; 0.592,0.590 [0.464-0.688],0.508 [0.379-0.615],obs 0.400 vs M1 0.412 [0.176-0.643] (raw:inside/all:inside) | IM77 obs 0.222 vs M1 0.222 [0.000-0.600] (inside),C,every sequence claim is chain-explained; no outside fact,adjacency,adjacency (chain by construction),in,in,,S341
W920+W60(+741) opener unit,A function (S331),W920 initial,0.598; 0.598; 0.598,0.602 [0.518-0.695],0.550 [0.457-0.635],obs 0.750 vs M1 0.720 [0.500-0.882] (raw:inside/all:inside) | IM77 obs 0.250 vs M1 0.182 [0.000-0.500] (inside),C,every sequence claim is chain-explained; no outside fact,position,chain-explained,in,in,,S331
W920+W60(+741) opener unit,A function (S331),run 920-60-741 per 1000,12.916; 12.853; 12.912,2.906 [0.969-5.489],9.687 [6.781-13.239],obs 10.112 vs M1 4.494 [1.124-7.865] (raw:inside/all:inside) | IM77 obs 6.173 vs M1 3.086 [0.000-9.259] (inside),C,every sequence claim is chain-explained; no outside fact,trigram,chain-explained,above,above,,S334
W692+W60 opener unit,A function (S331),W692 initial,0.738; 0.738; 0.738,0.587 [0.467-0.680],0.568 [0.443-0.678],obs 0.833 vs M1 0.714 [0.167-1.000] (raw:inside/all:inside) | IM77 obs 1.000 vs M1 1.000 [0.667-1.000] (inside),B,beats both chains at MD+H but not replicated out of sample (power or absent): W692 initial [end-state fact: an order-1 chain with END reproduces it],position,beyond chains (above),in,in,,S331
W34 tall 4 alone on pots,C,W34 as a one-sign text per 1000 W34 texts,303; 303; 303,143 [55.556-269],179 [66.667-303],obs 375 vs M1 333 [0.000-667] (raw:inside/all:inside) | IM77 obs 0.000 vs M1 0.000 [0.000-0.000] (inside),C,chain-explained (outside fact: pot-enriched p = 1e-8: object fact),corpus,chain-explained,in,above,pot-enriched p = 1e-8: object fact,S294
credential model (sec. 11),B-,nesting: share of distinct 3-5-sign texts found whole inside a longer text,0.163; 0.151; 0.161,0.156 [0.141-0.171],0.257 [0.240-0.275],obs 0.079 vs M1 0.118 [0.085-0.145] (raw:beyond/all:beyond) | IM77 obs 0.058 vs M1 0.194 [0.150-0.238] (beyond),B-,sequence claims chain-explained; outside fact only: killed vs Markov-1 in S-DARK-41.3,corpus,chain-explained,below,above,killed vs Markov-1 in S-DARK-41.3,S347
GRAMMAR frame: opener first,grammar,share of texts (>=2) beginning with 817/861/820,0.140; 0.139; 0.139,0.131 [0.119-0.146],0.131 [0.118-0.146],obs 0.157 vs M1 0.135 [0.114-0.160] (raw:inside/all:inside) | IM77 obs 0.113 vs M1 0.113 [0.078-0.144] (inside),grammar,chain-explained,position,chain-explained,in,in,,GRAMMAR
GRAMMAR frame: connective never initial,grammar,share of connective tokens that are text-initial,0.061; 0.061; 0.061,0.061 [0.047-0.076],0.058 [0.044-0.073],obs 0.125 vs M1 0.102 [0.070-0.144] (raw:inside/all:inside) | IM77 obs 0.066 vs M1 0.059 [0.014-0.123] (inside),grammar,chain-explained,position,chain-explained,in,in,,GRAMMAR
GRAMMAR frame: closer last,grammar,share of texts (>=2) ending (suffix stripped) in a closer,0.566; 0.563; 0.567,0.277 [0.262-0.293],0.225 [0.212-0.241],obs 0.442 vs M1 0.240 [0.214-0.271] (raw:beyond/all:beyond) | IM77 obs 0.524 vs M1 0.304 [0.254-0.354] (beyond),grammar,beyond chains and replicated: share of texts (>=2) ending (suffix stripped) in a closer [end-state fact: an order-1 chain with END reproduces it],position,beyond chains (above),in,below,,"GRAMMAR,S289"
GRAMMAR frame: suffix after closer,grammar,share of non-initial suffix tokens preceded by a closer or suffix,0.678; 0.680; 0.678,0.804 [0.769-0.834],0.667 [0.627-0.720],obs 0.544 vs M1 0.671 [0.582-0.760] (raw:inside/all:inside) | IM77 obs 0.780 vs M1 0.877 [0.796-0.945] (inside),grammar,chain-explained,adjacency,adjacency (chain by construction),in,in,,S24
GRAMMAR frame: slot order opener < closer,grammar,opener before closer at distance >= 2 (share),0.985; 0.985; 0.985,0.866 [0.811-0.923],0.770 [0.707-0.845],obs 0.960 vs M1 0.868 [0.750-0.971] (raw:inside/all:inside) | IM77 obs 0.938 vs M1 0.846 [0.647-1.000] (inside),grammar,beyond chains: opener before closer at distance >= 2 (share) [end-state fact: an order-1 chain with END reproduces it],distance,beyond chains (above),in,in,,S36-S38
GRAMMAR marker rules,grammar,W2/W60 twice per 1000 texts with a marker (low),9.524; 9.511; 9.524,57.143 [43.597-75.984],39.113 [27.027-54.720],obs 13.453 vs M1 46.512 [22.727-74.627] (raw:beyond/all:beyond) | IM77 obs 55.556 vs M1 51.948 [14.286-111] (inside),grammar,beyond chains and replicated: W2/W60 twice per 1000 texts with a marker (low),distance,beyond chains (below),below,below,,S-DARK-15
GRAMMAR marker rules,grammar,marker in second position,0.660; 0.660; 0.660,0.555 [0.524-0.592],0.592 [0.561-0.624],obs 0.567 vs M1 0.524 [0.473-0.585] (raw:inside/all:inside) | IM77 obs 0.539 vs M1 0.524 [0.402-0.648] (inside),grammar,beyond chains and replicated: W2/W60 twice per 1000 texts with a marker (low),position,beyond chains (above),above,in,,GRAMMAR
GRAMMAR numeral series: tall before 520/700/590/226/632,grammar,share tall among numerals before 520/700/590/226/632,0.248; 0.245; 0.248,0.212 [0.171-0.253],0.185 [0.147-0.222],obs 0.190 vs M1 0.170 [0.109-0.241] (raw:inside/all:inside) | IM77 obs 0.170 vs M1 0.205 [0.109-0.339] (inside),grammar,chain-explained,adjacency,adjacency (chain by construction),in,below,,S204
GRAMMAR numeral series: short before tree/900/585/575,grammar,share short among numeral-preceded tree/900/585/575 tokens,0.319; 0.320; 0.319,0.267 [0.230-0.307],0.239 [0.203-0.283],obs 0.213 vs M1 0.174 [0.120-0.239] (raw:inside/all:inside) | IM77 obs 0.212 vs M1 0.200 [0.118-0.327] (inside),grammar,chain-explained,adjacency,adjacency (chain by construction),in,in,,S204
GRAMMAR minimum lot (counts before goods >= 3),C (demoted),share of goods (tree/520/900) preceded by short 1 or 2 or tall 1 (low),0.017; 0.016; 0.017,0.013 [0.005-0.022],0.020 [0.010-0.034],obs 0.055 vs M1 0.042 [0.019-0.074] (raw:inside/all:inside) | IM77 obs 0.063 vs M1 0.060 [0.014-0.129] (inside),C,chain-explained (outside fact: IM77-only 3/19 (S-DARK-21.1)),adjacency,adjacency (chain by construction),in,below,IM77-only 3/19 (S-DARK-21.1),S-DARK-15.3
GRAMMAR partial order (S-DARK-19),grammar,"fixed-pair share (BH, any distance)",0.501; 0.497; 0.501,0.258 [0.233-0.333],0.225 [0.186-0.251],obs 0.426 vs M1 0.157 [0.070-0.233] (raw:beyond/all:beyond) | IM77 obs 0.774 vs M1 0.368 [0.102-0.719] (beyond),grammar,"beyond chains and replicated: fixed-pair share (BH, any distance)",corpus,beyond chains (above),above,above,,S-DARK-19.2
GRAMMAR partial order (S-DARK-19),grammar,fixed-pair share among pairs at distance >= 2 only,0.484; 0.487; 0.491,0.157 [0.098-0.187],0.161 [0.099-0.193],obs 0.646 vs M1 0.034 [0.000-0.158] (raw:beyond/all:beyond) | IM77 obs 0.704 vs M1 0.100 [0.000-0.750] (inside),grammar,"beyond chains and replicated: fixed-pair share (BH, any distance)",corpus,beyond chains (above),above,above,,S-DARK-19.2
GRAMMAR sequence rigidity (S-DARK-19.1),grammar,anagram share among copy pairs of the same multiset,0.052; 0.058; 0.052,0.073 [0.021-0.181],0.029 [0.000-0.094],obs 0.111 vs M1 0.000 [0.000-0.286] (raw:inside/all:inside) | IM77 obs 0.000 vs M1 0.000 [0.000-0.080] (inside),grammar,chain-explained,corpus,chain-explained,above,above,,S-DARK-19.1
GRAMMAR no-repeat rule (S88),grammar,share of texts (>=3) repeating a sign non-adjacently (low),0.038; 0.037; 0.038,0.122 [0.110-0.137],0.081 [0.071-0.093],obs 0.061 vs M1 0.108 [0.088-0.133] (raw:beyond/all:beyond) | IM77 obs 0.085 vs M1 0.151 [0.114-0.184] (inside),grammar,beyond chains and replicated: share of texts (>=3) repeating a sign non-adjacently (low),distance,beyond chains (below),below,below,,"S88,S366"
GRAMMAR two-closer exclusion,grammar,share of texts with two distinct closers,0.023; 0.023; 0.023,0.069 [0.060-0.078],0.056 [0.046-0.065],obs 0.018 vs M1 0.051 [0.036-0.066] (raw:beyond/all:beyond) | IM77 obs 0.041 vs M1 0.069 [0.047-0.100] (beyond),grammar,beyond chains and replicated: share of texts with two distinct closers,distance,beyond chains (below),below,below,,S289
GRAMMAR two numerals (S366),grammar,share of texts with two non-adjacent numeral tokens,0.064; 0.064; 0.064,0.083 [0.074-0.093],0.080 [0.072-0.089],obs 0.076 vs M1 0.097 [0.082-0.117] (raw:inside/all:inside) | IM77 obs 0.088 vs M1 0.069 [0.050-0.097] (inside),grammar,beyond chains: share of texts with two non-adjacent numeral tokens,distance,beyond chains (below),below,below,,S366
"GRAMMAR long-range attraction (S51, S67, S366)",grammar,"count of sign pairs attracting at distance >= 2 (z >= 3, E >= 3)",52; 53; 52,11 [6-17],21 [13-31],obs 3 vs M1 0 [0-2] (raw:inside/all:inside) | IM77 obs 0 vs M1 0 [0-1] (inside),grammar,"beyond chains: count of sign pairs attracting at distance >= 2 (z >= 3, E >= 3)",corpus,beyond chains (above),above,above,,S366
GRAMMAR length distribution (S366),grammar,sd of text length,2.092; 2.088; 2.091,2.092 [2.092-2.092],2.092 [2.092-2.092],obs 2.005 vs M1 2.005 [2.005-2.005] (raw:inside/all:inside) | IM77 obs 1.791 vs M1 1.791 [1.791-1.791] (inside),grammar,chain-explained,corpus,chain-explained,below,below,,S366
