level,profile,head_a,head_b,n_a,n_b,chi,chi_null,p,ba,ba_null,ba_norm_excess,verdict,drivers
seq_raw,full,W154,W158,36,29,67,30,0.0010,0.73,0.59,0.36,allograph_control,"type 23, midlen 15, suffix 7"
seq_raw,full,W526,W527,13,43,49,31,0.0188,0.75,0.61,0.37,allograph_control,"type 20, site 15, midlen 8"
seq_raw,full,jar,W400,1182,83,150,119,0.0502,0.66,0.66,-0.02,INDISTINCT,"type 38, midlen 26, conn 25"
seq_raw,full,W156,W154/158,83,65,149,87,0.0002,0.73,0.68,+0.15,stat-only,"type 72, midlen 28, epithet 21"
seq_raw,full,jar,none,1182,1061,683,230,0.0002,0.66,0.60,+0.15,stat-only,"midlen 174, numeral 131, type 122"
seq_raw,full,W156,W226,83,20,137,86,0.0026,0.75,0.70,+0.16,INDISTINCT,"midlen 39, epithet 36, site 21"
seq_raw,full,W154/158,W400,65,83,42,31,0.0570,0.67,0.58,+0.22,INDISTINCT,"type 23, site 9, midlen 5"
seq_raw,full,jar,W151,1182,63,110,78,0.0498,0.69,0.60,+0.23,INDISTINCT,"type 30, site 21, midlen 18"
seq_raw,full,jar,box527,1182,56,82,41,0.0140,0.64,0.52,+0.25,INDISTINCT,"type 19, site 15, suffix 11"
seq_raw,full,W154/158,W615/617,65,43,104,44,0.0002,0.70,0.59,+0.26,stat-only,"site 30, type 29, suffix 15"
seq_raw,full,W156,W615/617,83,43,174,83,0.0002,0.76,0.66,+0.30,stat-only,"type 66, midlen 36, epithet 33"
seq_raw,full,arrow,W400,223,83,208,75,0.0002,0.75,0.65,+0.30,stat-only,"fish 83, conn 40, type 29"
seq_raw,full,W615/617,W400,43,83,91,28,0.0002,0.69,0.56,+0.30,stat-only,"type 43, site 22, numeral 14"
seq_raw,full,W615/617,W595,43,10,27,20,0.0916,0.66,0.51,+0.30,INDISTINCT,"midlen 6, type 6, numeral 5"
seq_raw,full,W154/158,W595,65,10,39,19,0.0092,0.62,0.45,+0.31,INDISTINCT,"type 18, midlen 6, second 5"
seq_raw,full,W400,none,83,1061,423,40,0.0002,0.70,0.54,+0.33,DISTINCT,"midlen 256, type 59, numeral 33"
seq_raw,full,W151,box527,63,56,62,29,0.0002,0.70,0.53,+0.35,DISTINCT,"fish 15, site 12, type 11"
seq_raw,full,arrow,box527,223,56,83,27,0.0002,0.68,0.49,+0.36,DISTINCT,"type 23, site 18, epithet 14"
seq_raw,full,jar,W156,1182,83,919,295,0.0002,0.84,0.74,+0.37,DISTINCT,"epithet 579, midlen 131, type 90"
seq_raw,full,W595,none,10,1061,41,29,0.1564,0.67,0.49,+0.37,size-only,"type 15, midlen 8, numeral 6"
seq_raw,full,box527,W400,56,83,136,41,0.0002,0.75,0.61,+0.38,DISTINCT,"conn 41, type 30, fish 24"
seq_raw,full,W156,W400,83,83,109,48,0.0002,0.77,0.62,+0.38,DISTINCT,"type 41, midlen 23, numeral 22"
seq_raw,full,jar,W595,1182,10,41,37,0.2883,0.70,0.51,+0.39,size-only,"type 17, fish 6, second 4"
seq_raw,full,W151,W595,63,10,53,24,0.0014,0.69,0.49,+0.40,size-only,"type 35, midlen 5, site 4"
seq_raw,full,W595,W400,10,83,42,30,0.1256,0.77,0.61,+0.40,size-only,"type 29, midlen 6, second 4"
seq_raw,full,W156,box527,83,56,239,121,0.0002,0.83,0.71,+0.42,DISTINCT,"fish 46, epithet 38, midlen 36"
seq_raw,full,arrow,W151,223,63,144,46,0.0002,0.76,0.58,+0.44,DISTINCT,"fish 59, type 18, epithet 17"
seq_raw,full,W151,W156,63,83,169,66,0.0002,0.79,0.62,+0.44,DISTINCT,"epithet 45, type 31, midlen 26"
seq_raw,full,jar,W615/617,1182,43,138,52,0.0010,0.75,0.55,+0.44,size-only,"type 41, fish 18, epithet 18"
seq_raw,full,jar,W154/158,1182,65,356,75,0.0002,0.78,0.61,+0.45,DISTINCT,"epithet 156, type 73, midlen 25"
seq_raw,full,jar,W236,1182,14,317,50,0.0002,0.77,0.59,+0.45,DISTINCT,"midlen 266, site 20, suffix 10"
seq_raw,full,W226,W236,20,14,47,25,0.0088,0.74,0.53,+0.45,size-only,"site 10, epithet 10, type 8"
seq_raw,full,W154/158,none,65,1061,291,37,0.0002,0.75,0.54,+0.46,DISTINCT,"midlen 142, type 67, site 25"
seq_raw,full,W151,W400,63,83,95,25,0.0002,0.73,0.51,+0.46,DISTINCT,"type 40, site 31, conn 16"
seq_raw,full,W151,none,63,1061,331,29,0.0002,0.73,0.50,+0.46,DISTINCT,"midlen 247, type 44, numeral 18"
seq_raw,full,jar,arrow,1182,223,462,43,0.0002,0.75,0.51,+0.48,DISTINCT,"epithet 240, fish 102, type 43"
seq_raw,full,W226,W400,20,83,108,27,0.0002,0.77,0.55,+0.49,DISTINCT,"conn 35, site 24, midlen 16"
seq_raw,full,jar,W226,1182,20,349,47,0.0002,0.75,0.51,+0.49,DISTINCT,"epithet 222, midlen 88, site 13"
seq_raw,full,W226,none,20,1061,135,30,0.0002,0.75,0.51,+0.49,DISTINCT,"midlen 105, type 9, site 8"
seq_raw,full,W615/617,none,43,1061,232,29,0.0002,0.75,0.50,+0.51,DISTINCT,"midlen 146, type 43, site 19"
seq_raw,full,W151,W236,63,14,92,26,0.0002,0.77,0.52,+0.52,DISTINCT,"midlen 26, site 20, type 14"
seq_raw,full,arrow,W236,223,14,162,40,0.0002,0.81,0.61,+0.52,DISTINCT,"midlen 88, suffix 26, site 16"
seq_raw,full,box527,W236,56,14,72,28,0.0004,0.79,0.55,+0.52,DISTINCT,"midlen 25, suffix 17, type 14"
seq_raw,full,W151,W226,63,20,76,26,0.0002,0.76,0.49,+0.53,DISTINCT,"epithet 31, midlen 11, type 8"
seq_raw,full,W151,W615/617,63,43,87,27,0.0002,0.77,0.49,+0.55,DISTINCT,"type 45, site 11, numeral 8"
seq_raw,full,box527,W615/617,56,43,120,22,0.0002,0.78,0.49,+0.57,DISTINCT,"type 29, fish 27, conn 22"
seq_raw,full,arrow,W156,223,83,461,199,0.0002,0.88,0.73,+0.57,DISTINCT,"epithet 126, fish 116, midlen 80"
seq_raw,full,W151,W154/158,63,65,142,42,0.0002,0.82,0.58,+0.57,DISTINCT,"type 58, site 26, suffix 15"
seq_raw,full,box527,W226,56,20,88,24,0.0002,0.78,0.48,+0.58,DISTINCT,"epithet 32, numeral 18, midlen 10"
seq_raw,full,arrow,none,223,1061,630,81,0.0002,0.82,0.58,+0.58,DISTINCT,"fish 299, midlen 133, type 92"
seq_raw,full,arrow,W226,223,20,208,29,0.0002,0.79,0.50,+0.59,DISTINCT,"epithet 109, midlen 36, fish 28"
seq_raw,full,W154/158,W226,65,20,132,43,0.0002,0.83,0.59,+0.59,DISTINCT,"conn 28, site 26, type 25"
seq_raw,full,box527,none,56,1061,281,36,0.0002,0.81,0.53,+0.59,DISTINCT,"midlen 123, fish 48, numeral 36"
seq_raw,full,W236,W400,14,83,133,29,0.0002,0.83,0.56,+0.61,DISTINCT,"conn 38, midlen 34, site 26"
seq_raw,full,W236,none,14,1061,273,33,0.0002,0.83,0.55,+0.62,DISTINCT,"midlen 208, site 18, type 15"
seq_raw,full,W156,none,83,1061,732,76,0.0002,0.86,0.61,+0.63,DISTINCT,"midlen 582, type 66, second 25"
seq_raw,full,W156,W595,83,10,110,50,0.0002,0.88,0.67,+0.63,DISTINCT,"type 47, midlen 31, second 14"
seq_raw,full,W226,W700,20,358,1084,310,0.0002,0.93,0.79,+0.66,DISTINCT,"site 256, type 233, conn 132"
seq_raw,full,arrow,W154/158,223,65,310,63,0.0002,0.88,0.62,+0.67,DISTINCT,"fish 87, type 64, epithet 43"
seq_raw,full,W226,W595,20,10,46,23,0.0006,0.85,0.53,+0.68,DISTINCT,"type 10, epithet 8, conn 6"
seq_raw,full,W154/158,W700,65,358,1206,779,0.0002,0.96,0.86,+0.69,DISTINCT,"epithet 322, numeral 235, midlen 200"
seq_raw,full,W154/158,W236,65,14,125,23,0.0002,0.84,0.48,+0.69,DISTINCT,"conn 30, midlen 29, type 19"
seq_raw,full,W154/158,box527,65,56,173,40,0.0002,0.89,0.57,+0.75,DISTINCT,"type 33, conn 33, fish 31"
seq_raw,full,arrow,W615/617,223,43,228,31,0.0002,0.89,0.52,+0.77,DISTINCT,"type 84, fish 70, conn 21"
seq_raw,full,arrow,W700,223,358,2201,1225,0.0002,0.97,0.83,+0.79,DISTINCT,"epithet 385, fish 352, midlen 331"
seq_raw,full,W226,W615/617,20,43,98,24,0.0002,0.89,0.47,+0.80,DISTINCT,"epithet 26, type 22, conn 19"
seq_raw,full,W156,W236,83,14,144,46,0.0002,0.92,0.61,+0.80,DISTINCT,"midlen 44, conn 19, site 17"
seq_raw,full,W615/617,W236,43,14,125,34,0.0002,0.92,0.58,+0.80,DISTINCT,"site 26, midlen 20, conn 20"
seq_raw,full,jar,W700,1182,358,3951,2193,0.0002,0.97,0.85,+0.81,DISTINCT,"epithet 1271, midlen 690, numeral 586"
seq_raw,full,W700,none,358,1061,2787,701,0.0002,0.95,0.74,+0.82,DISTINCT,"midlen 1209, type 525, site 400"
seq_raw,full,W700,W400,358,83,792,385,0.0002,0.96,0.78,+0.84,DISTINCT,"numeral 302, midlen 156, site 135"
seq_raw,full,arrow,W595,223,10,99,30,0.0014,0.92,0.52,+0.84,size-only,"type 45, fish 24, second 8"
seq_raw,full,box527,W595,56,10,44,20,0.0032,0.92,0.48,+0.84,size-only,"type 12, fish 10, conn 7"
seq_raw,full,W700,W595,358,10,915,492,0.0002,0.98,0.87,+0.85,DISTINCT,"type 272, epithet 154, numeral 151"
seq_raw,full,W236,W595,14,10,53,17,0.0002,0.93,0.48,+0.86,DISTINCT,"type 13, midlen 8, conn 7"
seq_raw,full,W236,W700,14,358,1315,597,0.0002,0.98,0.86,+0.86,DISTINCT,"numeral 188, epithet 186, type 186"
seq_raw,full,W151,W700,63,358,1514,443,0.0002,0.97,0.76,+0.88,DISTINCT,"epithet 314, type 313, site 283"
seq_raw,full,box527,W700,56,358,1785,724,0.0002,0.98,0.81,+0.90,DISTINCT,"epithet 324, numeral 308, type 284"
seq_raw,full,W615/617,W700,43,358,1176,415,0.0002,0.98,0.80,+0.90,DISTINCT,"site 299, epithet 298, type 268"
seq_raw,full,W156,W700,83,358,1033,214,0.0002,0.98,0.63,+0.95,DISTINCT,"epithet 364, type 198, site 150"
seq_raw,grammar,W154,W158,36,29,38,22,0.0096,0.69,0.60,0.21,allograph_control,"midlen 15, suffix 7, numeral 4"
seq_raw,grammar,W526,W527,13,43,13,13,0.4205,0.61,0.58,0.05,allograph_control,"midlen 8, second 3, numeral 1"
seq_raw,grammar,W151,W400,63,83,24,11,0.0114,0.52,0.53,-0.01,INDISTINCT,"conn 16, opener 3, midlen 2"
seq_raw,grammar,jar,W400,1182,83,88,88,0.4885,0.68,0.67,+0.02,INDISTINCT,"midlen 26, conn 25, fish 16"
seq_raw,grammar,jar,W151,1182,63,59,52,0.2613,0.63,0.61,+0.06,INDISTINCT,"midlen 18, epithet 15, suffix 10"
seq_raw,grammar,W156,W400,83,83,61,29,0.0002,0.66,0.64,+0.07,stat-only,"midlen 23, numeral 22, fish 6"
seq_raw,grammar,W154/158,W400,65,83,9,17,0.9610,0.63,0.60,+0.08,INDISTINCT,"midlen 5, numeral 2, fish 2"
seq_raw,grammar,W595,W400,10,83,12,14,0.5651,0.67,0.64,+0.08,INDISTINCT,"midlen 6, second 4, fish 2"
seq_raw,grammar,jar,none,1182,1061,529,170,0.0002,0.65,0.61,+0.10,stat-only,"midlen 174, numeral 131, fish 109"
seq_raw,grammar,W156,W154/158,83,65,72,68,0.3283,0.74,0.70,+0.13,INDISTINCT,"midlen 28, epithet 21, numeral 8"
seq_raw,grammar,arrow,box527,223,56,41,11,0.0004,0.57,0.49,+0.15,stat-only,"epithet 14, numeral 12, fish 8"
seq_raw,grammar,W615/617,W400,43,83,26,15,0.0206,0.65,0.58,+0.17,INDISTINCT,"numeral 14, midlen 7, fish 3"
seq_raw,grammar,W151,none,63,1061,274,10,0.0002,0.59,0.50,+0.17,stat-only,"midlen 247, numeral 18, quantity 7"
seq_raw,grammar,W615/617,none,43,1061,170,10,0.0002,0.58,0.50,+0.17,stat-only,"midlen 146, conn 10, fish 4"
seq_raw,grammar,W156,W595,83,10,61,33,0.0020,0.76,0.71,+0.17,INDISTINCT,"midlen 31, second 14, epithet 8"
seq_raw,grammar,W151,W615/617,63,43,31,14,0.0030,0.59,0.49,+0.20,INDISTINCT,"numeral 8, conn 7, epithet 6"
seq_raw,grammar,W154/158,W226,65,20,81,29,0.0004,0.69,0.60,+0.21,stat-only,"conn 28, epithet 22, midlen 17"
seq_raw,grammar,jar,W236,1182,14,289,28,0.0002,0.72,0.63,+0.26,DISTINCT,"midlen 266, suffix 10, conn 4"
seq_raw,grammar,jar,W154/158,1182,65,258,51,0.0002,0.72,0.62,+0.26,DISTINCT,"epithet 156, midlen 25, fish 22"
seq_raw,grammar,W151,W595,63,10,14,11,0.3055,0.63,0.50,+0.26,size-only,"midlen 5, conn 3, fish 2"
seq_raw,grammar,jar,W156,1182,83,814,260,0.0002,0.81,0.74,+0.27,DISTINCT,"epithet 579, midlen 131, fish 37"
seq_raw,grammar,W154/158,W615/617,65,43,46,28,0.0112,0.71,0.60,+0.28,size-only,"suffix 15, midlen 13, epithet 10"
seq_raw,grammar,W151,W154/158,63,65,59,26,0.0006,0.71,0.59,+0.29,DISTINCT,"suffix 15, epithet 12, conn 12"
seq_raw,grammar,W151,W156,63,83,118,51,0.0002,0.75,0.63,+0.32,DISTINCT,"epithet 45, midlen 26, numeral 13"
seq_raw,grammar,W151,box527,63,56,39,17,0.0008,0.69,0.54,+0.33,size-only,"fish 15, conn 8, numeral 4"
seq_raw,grammar,jar,box527,1182,56,48,20,0.0142,0.69,0.52,+0.35,size-only,"suffix 11, conn 10, numeral 9"
seq_raw,grammar,W226,W400,20,83,71,17,0.0002,0.73,0.58,+0.36,DISTINCT,"conn 35, midlen 16, numeral 11"
seq_raw,grammar,W154/158,none,65,1061,198,18,0.0002,0.73,0.56,+0.38,DISTINCT,"midlen 142, conn 16, numeral 12"
seq_raw,grammar,W154/158,W595,65,10,18,10,0.0568,0.65,0.44,+0.38,size-only,"midlen 6, second 5, suffix 2"
seq_raw,grammar,W400,none,83,1061,338,20,0.0002,0.73,0.55,+0.39,DISTINCT,"midlen 256, numeral 33, conn 21"
seq_raw,grammar,W226,W700,20,358,595,216,0.0002,0.89,0.82,+0.40,DISTINCT,"conn 132, midlen 117, epithet 107"
seq_raw,grammar,jar,W615/617,1182,43,79,28,0.0020,0.73,0.56,+0.40,size-only,"fish 18, epithet 18, conn 12"
seq_raw,grammar,W156,W615/617,83,43,84,53,0.0006,0.79,0.66,+0.40,DISTINCT,"midlen 36, epithet 33, suffix 6"
seq_raw,grammar,W156,W226,83,20,106,63,0.0018,0.81,0.69,+0.41,size-only,"midlen 39, epithet 36, conn 18"
seq_raw,grammar,box527,W236,56,14,47,12,0.0002,0.73,0.54,+0.42,DISTINCT,"midlen 25, suffix 17, second 2"
seq_raw,grammar,jar,W595,1182,10,22,18,0.1854,0.70,0.48,+0.43,size-only,"fish 6, second 4, conn 3"
seq_raw,grammar,box527,W400,56,83,82,26,0.0002,0.78,0.61,+0.44,DISTINCT,"conn 41, fish 24, opener 11"
seq_raw,grammar,W151,W236,63,14,58,13,0.0002,0.73,0.51,+0.44,DISTINCT,"midlen 26, suffix 14, conn 5"
seq_raw,grammar,W226,W595,20,10,31,14,0.0010,0.75,0.55,+0.44,size-only,"epithet 8, conn 6, midlen 5"
seq_raw,grammar,arrow,W400,223,83,164,55,0.0002,0.81,0.65,+0.45,DISTINCT,"fish 83, conn 40, midlen 19"
seq_raw,grammar,W151,W226,63,20,60,16,0.0002,0.73,0.50,+0.46,DISTINCT,"epithet 31, midlen 11, numeral 7"
seq_raw,grammar,arrow,W151,223,63,110,30,0.0002,0.78,0.59,+0.46,DISTINCT,"fish 59, epithet 17, midlen 15"
seq_raw,grammar,W226,none,20,1061,118,11,0.0002,0.75,0.52,+0.47,DISTINCT,"midlen 105, conn 6, quantity 4"
seq_raw,grammar,W615/617,W595,43,10,17,13,0.1286,0.76,0.53,+0.49,size-only,"midlen 6, numeral 5, second 3"
seq_raw,grammar,W156,box527,83,56,192,100,0.0002,0.85,0.70,+0.49,DISTINCT,"fish 46, epithet 38, midlen 36"
seq_raw,grammar,W154/158,W700,65,358,923,665,0.0002,0.93,0.86,+0.50,DISTINCT,"epithet 322, numeral 235, midlen 200"
seq_raw,grammar,arrow,none,223,1061,531,52,0.0002,0.79,0.58,+0.50,DISTINCT,"fish 299, midlen 133, second 39"
seq_raw,grammar,jar,W226,1182,20,328,24,0.0002,0.77,0.53,+0.51,DISTINCT,"epithet 222, midlen 88, numeral 6"
seq_raw,grammar,W154/158,box527,65,56,114,24,0.0002,0.80,0.58,+0.52,DISTINCT,"conn 33, fish 31, suffix 17"
seq_raw,grammar,jar,arrow,1182,223,413,22,0.0002,0.77,0.52,+0.52,DISTINCT,"epithet 240, fish 102, suffix 37"
seq_raw,grammar,W236,W400,14,83,92,13,0.0002,0.80,0.56,+0.54,DISTINCT,"conn 38, midlen 34, opener 14"
seq_raw,grammar,W226,W236,20,14,28,14,0.0058,0.78,0.51,+0.54,size-only,"epithet 10, numeral 7, midlen 4"
seq_raw,grammar,W595,none,10,1061,23,10,0.0320,0.79,0.50,+0.57,size-only,"midlen 8, numeral 6, conn 3"
seq_raw,grammar,box527,W595,56,10,29,8,0.0004,0.76,0.43,+0.57,DISTINCT,"fish 10, conn 7, midlen 4"
seq_raw,grammar,W156,none,83,1061,647,47,0.0002,0.84,0.63,+0.58,DISTINCT,"midlen 582, second 25, quantity 14"
seq_raw,grammar,arrow,W226,223,20,186,15,0.0002,0.79,0.49,+0.58,DISTINCT,"epithet 109, midlen 36, fish 28"
seq_raw,grammar,arrow,W236,223,14,135,24,0.0002,0.84,0.62,+0.59,DISTINCT,"midlen 88, suffix 26, fish 9"
seq_raw,grammar,arrow,W700,223,358,1647,967,0.0002,0.94,0.85,+0.59,DISTINCT,"epithet 385, fish 352, midlen 331"
seq_raw,grammar,arrow,W156,223,83,386,174,0.0002,0.89,0.74,+0.59,DISTINCT,"epithet 126, fish 116, midlen 80"
seq_raw,grammar,box527,W615/617,56,43,79,10,0.0002,0.80,0.48,+0.61,DISTINCT,"fish 27, conn 22, numeral 21"
seq_raw,grammar,W236,none,14,1061,240,15,0.0002,0.85,0.59,+0.63,DISTINCT,"midlen 208, numeral 9, conn 6"
seq_raw,grammar,box527,W226,56,20,75,13,0.0002,0.81,0.48,+0.63,DISTINCT,"epithet 32, numeral 18, midlen 10"
seq_raw,grammar,arrow,W154/158,223,65,231,48,0.0002,0.87,0.64,+0.63,DISTINCT,"fish 87, epithet 43, suffix 39"
seq_raw,grammar,box527,none,56,1061,239,16,0.0002,0.83,0.54,+0.64,DISTINCT,"midlen 123, fish 48, numeral 36"
seq_raw,grammar,jar,W700,1182,358,3074,1845,0.0002,0.97,0.90,+0.67,DISTINCT,"epithet 1271, midlen 690, numeral 586"
seq_raw,grammar,arrow,W595,223,10,53,15,0.0026,0.86,0.53,+0.71,size-only,"fish 24, second 8, midlen 7"
seq_raw,grammar,W156,W236,83,14,115,30,0.0002,0.91,0.65,+0.74,DISTINCT,"midlen 44, conn 19, fish 16"
seq_raw,grammar,W236,W595,14,10,34,10,0.0004,0.86,0.47,+0.75,DISTINCT,"midlen 8, conn 7, second 7"
seq_raw,grammar,W700,W595,358,10,493,320,0.0010,0.97,0.88,+0.77,size-only,"epithet 154, numeral 151, midlen 108"
seq_raw,grammar,W226,W615/617,20,43,63,14,0.0002,0.88,0.46,+0.77,DISTINCT,"epithet 26, conn 19, midlen 7"
seq_raw,grammar,arrow,W615/617,223,43,125,15,0.0002,0.90,0.53,+0.78,DISTINCT,"fish 70, conn 21, epithet 20"
seq_raw,grammar,W151,W700,63,358,918,345,0.0002,0.95,0.78,+0.79,DISTINCT,"epithet 314, numeral 257, midlen 127"
seq_raw,grammar,W615/617,W236,43,14,82,18,0.0002,0.92,0.58,+0.80,DISTINCT,"midlen 20, conn 20, suffix 16"
seq_raw,grammar,W700,none,358,1061,1862,493,0.0002,0.96,0.77,+0.81,DISTINCT,"midlen 1209, numeral 268, second 121"
seq_raw,grammar,W236,W700,14,358,986,414,0.0002,0.98,0.85,+0.84,DISTINCT,"numeral 188, epithet 186, midlen 165"
seq_raw,grammar,W700,W400,358,83,533,257,0.0002,0.97,0.78,+0.84,DISTINCT,"numeral 302, midlen 156, fish 42"
seq_raw,grammar,W615/617,W700,43,358,609,295,0.0002,0.97,0.81,+0.85,DISTINCT,"epithet 298, numeral 131, midlen 122"
seq_raw,grammar,box527,W700,56,358,1232,584,0.0002,0.98,0.82,+0.88,DISTINCT,"epithet 324, numeral 308, fish 191"
seq_raw,grammar,W154/158,W236,65,14,87,13,0.0002,0.94,0.47,+0.89,DISTINCT,"conn 30, midlen 29, opener 12"
seq_raw,grammar,W156,W700,83,358,685,188,0.0002,0.96,0.64,+0.90,DISTINCT,"epithet 364, numeral 148, midlen 76"
seq_strong,full,jar,W400,1182,83,150,118,0.0452,0.66,0.66,-0.02,INDISTINCT,"type 38, midlen 26, conn 25"
seq_strong,full,W156,W154/158,83,65,149,87,0.0002,0.73,0.69,+0.14,stat-only,"type 72, midlen 28, epithet 21"
seq_strong,full,jar,none,1182,1061,683,230,0.0002,0.66,0.60,+0.15,stat-only,"midlen 174, numeral 131, type 122"
seq_strong,full,W156,W226,83,20,137,86,0.0032,0.75,0.70,+0.16,INDISTINCT,"midlen 39, epithet 36, site 21"
seq_strong,full,W154/158,W400,65,83,42,31,0.0614,0.67,0.58,+0.22,INDISTINCT,"type 23, site 9, midlen 5"
seq_strong,full,jar,W151,1182,63,110,78,0.0524,0.69,0.61,+0.22,INDISTINCT,"type 30, site 21, midlen 18"
seq_strong,full,W154/158,W615/617,65,43,104,44,0.0002,0.70,0.60,+0.26,stat-only,"site 30, type 29, suffix 15"
seq_strong,full,jar,box527,1182,56,82,41,0.0136,0.64,0.51,+0.26,INDISTINCT,"type 19, site 15, suffix 11"
seq_strong,full,W615/617,W400,43,83,91,28,0.0002,0.69,0.57,+0.29,stat-only,"type 43, site 22, numeral 14"
seq_strong,full,arrow,W400,223,83,208,75,0.0002,0.75,0.65,+0.29,stat-only,"fish 83, conn 40, type 29"
seq_strong,full,W156,W615/617,83,43,174,83,0.0002,0.76,0.66,+0.30,stat-only,"type 66, midlen 36, epithet 33"
seq_strong,full,W154/158,W595,65,10,39,18,0.0090,0.62,0.45,+0.30,INDISTINCT,"type 18, midlen 6, second 5"
seq_strong,full,W615/617,W595,43,10,27,20,0.0970,0.66,0.51,+0.31,INDISTINCT,"midlen 6, type 6, numeral 5"
seq_strong,full,W400,none,83,1061,423,40,0.0002,0.70,0.54,+0.34,DISTINCT,"midlen 256, type 59, numeral 33"
seq_strong,full,W151,box527,63,56,62,29,0.0008,0.70,0.53,+0.36,size-only,"fish 15, site 12, type 11"
seq_strong,full,jar,W156,1182,83,919,296,0.0002,0.84,0.74,+0.36,DISTINCT,"epithet 579, midlen 131, type 90"
seq_strong,full,W595,none,10,1061,41,29,0.1568,0.67,0.49,+0.36,size-only,"type 15, midlen 8, numeral 6"
seq_strong,full,arrow,box527,223,56,83,26,0.0002,0.68,0.49,+0.37,DISTINCT,"type 23, site 18, epithet 14"
seq_strong,full,box527,W400,56,83,136,42,0.0002,0.75,0.61,+0.38,DISTINCT,"conn 41, type 30, fish 24"
seq_strong,full,W156,W400,83,83,109,47,0.0002,0.77,0.62,+0.38,DISTINCT,"type 41, midlen 23, numeral 22"
seq_strong,full,W151,W595,63,10,53,24,0.0022,0.69,0.49,+0.38,size-only,"type 35, midlen 5, site 4"
seq_strong,full,W595,W400,10,83,42,30,0.1210,0.77,0.62,+0.40,size-only,"type 29, midlen 6, second 4"
seq_strong,full,jar,W595,1182,10,41,37,0.2841,0.70,0.50,+0.40,size-only,"type 17, fish 6, second 4"
seq_strong,full,W156,box527,83,56,239,121,0.0002,0.83,0.71,+0.42,DISTINCT,"fish 46, epithet 38, midlen 36"
seq_strong,full,arrow,W151,223,63,144,46,0.0002,0.76,0.58,+0.43,DISTINCT,"fish 59, type 18, epithet 17"
seq_strong,full,jar,W615/617,1182,43,138,52,0.0002,0.75,0.55,+0.44,DISTINCT,"type 41, fish 18, epithet 18"
seq_strong,full,W151,W156,63,83,169,67,0.0002,0.79,0.62,+0.44,DISTINCT,"epithet 45, type 31, midlen 26"
seq_strong,full,jar,W154/158,1182,65,356,75,0.0002,0.78,0.61,+0.44,DISTINCT,"epithet 156, type 73, midlen 25"
seq_strong,full,W154/158,none,65,1061,291,37,0.0002,0.75,0.54,+0.45,DISTINCT,"midlen 142, type 67, site 25"
seq_strong,full,jar,W236,1182,14,317,51,0.0002,0.77,0.59,+0.45,DISTINCT,"midlen 266, site 20, suffix 10"
seq_strong,full,W151,W400,63,83,95,25,0.0002,0.73,0.51,+0.45,DISTINCT,"type 40, site 31, conn 16"
seq_strong,full,W226,W236,20,14,47,25,0.0058,0.74,0.53,+0.45,size-only,"site 10, epithet 10, type 8"
seq_strong,full,W151,none,63,1061,331,29,0.0002,0.73,0.50,+0.46,DISTINCT,"midlen 247, type 44, numeral 18"
seq_strong,full,jar,arrow,1182,223,462,43,0.0002,0.75,0.51,+0.48,DISTINCT,"epithet 240, fish 102, type 43"
seq_strong,full,W226,W400,20,83,108,27,0.0002,0.77,0.55,+0.49,DISTINCT,"conn 35, site 24, midlen 16"
seq_strong,full,jar,W226,1182,20,349,47,0.0002,0.75,0.51,+0.49,DISTINCT,"epithet 222, midlen 88, site 13"
seq_strong,full,W226,none,20,1061,135,30,0.0002,0.75,0.51,+0.49,DISTINCT,"midlen 105, type 9, site 8"
seq_strong,full,W615/617,none,43,1061,232,29,0.0002,0.75,0.50,+0.50,DISTINCT,"midlen 146, type 43, site 19"
seq_strong,full,W151,W236,63,14,92,26,0.0002,0.77,0.51,+0.53,DISTINCT,"midlen 26, site 20, type 14"
seq_strong,full,box527,W236,56,14,72,28,0.0010,0.79,0.55,+0.53,size-only,"midlen 25, suffix 17, type 14"
seq_strong,full,arrow,W236,223,14,162,40,0.0002,0.81,0.60,+0.53,DISTINCT,"midlen 88, suffix 26, site 16"
seq_strong,full,W151,W226,63,20,76,26,0.0002,0.76,0.49,+0.53,DISTINCT,"epithet 31, midlen 11, type 8"
seq_strong,full,W151,W615/617,63,43,87,27,0.0002,0.77,0.50,+0.54,DISTINCT,"type 45, site 11, numeral 8"
seq_strong,full,arrow,W156,223,83,461,199,0.0002,0.88,0.73,+0.57,DISTINCT,"epithet 126, fish 116, midlen 80"
seq_strong,full,W151,W154/158,63,65,142,42,0.0002,0.82,0.58,+0.57,DISTINCT,"type 58, site 26, suffix 15"
seq_strong,full,box527,W615/617,56,43,120,22,0.0002,0.78,0.48,+0.57,DISTINCT,"type 29, fish 27, conn 22"
seq_strong,full,box527,W226,56,20,88,24,0.0002,0.78,0.48,+0.58,DISTINCT,"epithet 32, numeral 18, midlen 10"
seq_strong,full,arrow,none,223,1061,630,81,0.0002,0.82,0.58,+0.58,DISTINCT,"fish 299, midlen 133, type 92"
seq_strong,full,W154/158,W226,65,20,132,42,0.0002,0.83,0.59,+0.59,DISTINCT,"conn 28, site 26, type 25"
seq_strong,full,arrow,W226,223,20,208,29,0.0002,0.79,0.49,+0.59,DISTINCT,"epithet 109, midlen 36, fish 28"
seq_strong,full,box527,none,56,1061,281,36,0.0002,0.81,0.53,+0.59,DISTINCT,"midlen 123, fish 48, numeral 36"
seq_strong,full,W236,W400,14,83,133,28,0.0002,0.83,0.56,+0.61,DISTINCT,"conn 38, midlen 34, site 26"
seq_strong,full,W236,none,14,1061,273,33,0.0002,0.83,0.55,+0.62,DISTINCT,"midlen 208, site 18, type 15"
seq_strong,full,W156,none,83,1061,732,76,0.0002,0.86,0.61,+0.63,DISTINCT,"midlen 582, type 66, second 25"
seq_strong,full,W156,W595,83,10,110,49,0.0002,0.88,0.65,+0.65,DISTINCT,"type 47, midlen 31, second 14"
seq_strong,full,W226,W700,20,358,1084,312,0.0002,0.93,0.79,+0.66,DISTINCT,"site 256, type 233, conn 132"
seq_strong,full,arrow,W154/158,223,65,310,63,0.0002,0.88,0.63,+0.67,DISTINCT,"fish 87, type 64, epithet 43"
seq_strong,full,W226,W595,20,10,46,23,0.0002,0.85,0.53,+0.68,DISTINCT,"type 10, epithet 8, conn 6"
seq_strong,full,W154/158,W700,65,358,1206,779,0.0002,0.96,0.86,+0.69,DISTINCT,"epithet 322, numeral 235, midlen 200"
seq_strong,full,W154/158,W236,65,14,125,23,0.0002,0.84,0.47,+0.70,DISTINCT,"conn 30, midlen 29, type 19"
seq_strong,full,W154/158,box527,65,56,173,40,0.0002,0.89,0.57,+0.75,DISTINCT,"type 33, conn 33, fish 31"
seq_strong,full,arrow,W615/617,223,43,228,30,0.0002,0.89,0.52,+0.77,DISTINCT,"type 84, fish 70, conn 21"
seq_strong,full,W226,W615/617,20,43,98,24,0.0002,0.89,0.47,+0.79,DISTINCT,"epithet 26, type 22, conn 19"
seq_strong,full,arrow,W700,223,358,2201,1225,0.0002,0.97,0.83,+0.80,DISTINCT,"epithet 385, fish 352, midlen 331"
seq_strong,full,W156,W236,83,14,144,46,0.0002,0.92,0.61,+0.80,DISTINCT,"midlen 44, conn 19, site 17"
seq_strong,full,W615/617,W236,43,14,125,34,0.0002,0.92,0.57,+0.81,DISTINCT,"site 26, midlen 20, conn 20"
seq_strong,full,jar,W700,1182,358,3951,2194,0.0002,0.97,0.85,+0.81,DISTINCT,"epithet 1271, midlen 690, numeral 586"
seq_strong,full,W700,none,358,1061,2787,701,0.0002,0.95,0.74,+0.82,DISTINCT,"midlen 1209, type 525, site 400"
seq_strong,full,W700,W400,358,83,792,386,0.0002,0.96,0.77,+0.84,DISTINCT,"numeral 302, midlen 156, site 135"
seq_strong,full,arrow,W595,223,10,99,30,0.0016,0.92,0.52,+0.84,size-only,"type 45, fish 24, second 8"
seq_strong,full,box527,W595,56,10,44,20,0.0030,0.92,0.47,+0.85,size-only,"type 12, fish 10, conn 7"
seq_strong,full,W700,W595,358,10,915,491,0.0002,0.98,0.86,+0.86,DISTINCT,"type 272, epithet 154, numeral 151"
seq_strong,full,W236,W595,14,10,53,18,0.0004,0.93,0.47,+0.87,DISTINCT,"type 13, midlen 8, conn 7"
seq_strong,full,W236,W700,14,358,1315,598,0.0002,0.98,0.85,+0.87,DISTINCT,"numeral 188, epithet 186, type 186"
seq_strong,full,W151,W700,63,358,1514,445,0.0002,0.97,0.76,+0.88,DISTINCT,"epithet 314, type 313, site 283"
seq_strong,full,box527,W700,56,358,1785,723,0.0002,0.98,0.81,+0.90,DISTINCT,"epithet 324, numeral 308, type 284"
seq_strong,full,W615/617,W700,43,358,1176,415,0.0002,0.98,0.80,+0.90,DISTINCT,"site 299, epithet 298, type 268"
seq_strong,full,W156,W700,83,358,1033,215,0.0002,0.98,0.63,+0.95,DISTINCT,"epithet 364, type 198, site 150"
seq_strong,grammar,W151,W400,63,83,24,11,0.0144,0.52,0.53,-0.01,INDISTINCT,"conn 16, opener 3, midlen 2"
seq_strong,grammar,jar,W400,1182,83,88,89,0.5015,0.68,0.67,+0.02,INDISTINCT,"midlen 26, conn 25, fish 16"
seq_strong,grammar,jar,W151,1182,63,59,53,0.2707,0.63,0.60,+0.07,INDISTINCT,"midlen 18, epithet 15, suffix 10"
seq_strong,grammar,W156,W400,83,83,61,28,0.0002,0.66,0.63,+0.08,stat-only,"midlen 23, numeral 22, fish 6"
seq_strong,grammar,W154/158,W400,65,83,9,17,0.9574,0.63,0.59,+0.09,INDISTINCT,"midlen 5, numeral 2, fish 2"
seq_strong,grammar,W595,W400,10,83,12,14,0.5723,0.67,0.63,+0.09,INDISTINCT,"midlen 6, second 4, fish 2"
seq_strong,grammar,jar,none,1182,1061,529,170,0.0002,0.65,0.61,+0.10,stat-only,"midlen 174, numeral 131, fish 109"
seq_strong,grammar,W156,W154/158,83,65,72,68,0.3257,0.74,0.71,+0.12,INDISTINCT,"midlen 28, epithet 21, numeral 8"
seq_strong,grammar,arrow,box527,223,56,41,11,0.0004,0.57,0.49,+0.15,stat-only,"epithet 14, numeral 12, fish 8"
seq_strong,grammar,W615/617,none,43,1061,170,10,0.0002,0.58,0.50,+0.17,stat-only,"midlen 146, conn 10, fish 4"
seq_strong,grammar,W615/617,W400,43,83,26,15,0.0124,0.65,0.58,+0.17,INDISTINCT,"numeral 14, midlen 7, fish 3"
seq_strong,grammar,W151,none,63,1061,274,10,0.0002,0.59,0.50,+0.18,stat-only,"midlen 247, numeral 18, quantity 7"
seq_strong,grammar,W151,W615/617,63,43,31,14,0.0028,0.59,0.50,+0.19,INDISTINCT,"numeral 8, conn 7, epithet 6"
seq_strong,grammar,W156,W595,83,10,61,33,0.0014,0.76,0.70,+0.19,INDISTINCT,"midlen 31, second 14, epithet 8"
seq_strong,grammar,W154/158,W226,65,20,81,29,0.0002,0.69,0.60,+0.21,stat-only,"conn 28, epithet 22, midlen 17"
seq_strong,grammar,W151,W595,63,10,14,11,0.3071,0.63,0.51,+0.24,INDISTINCT,"midlen 5, conn 3, fish 2"
seq_strong,grammar,jar,W236,1182,14,289,28,0.0002,0.72,0.63,+0.25,stat-only,"midlen 266, suffix 10, conn 4"
seq_strong,grammar,jar,W154/158,1182,65,258,51,0.0002,0.72,0.62,+0.26,DISTINCT,"epithet 156, midlen 25, fish 22"
seq_strong,grammar,jar,W156,1182,83,814,260,0.0002,0.81,0.74,+0.27,DISTINCT,"epithet 579, midlen 131, fish 37"
seq_strong,grammar,W154/158,W615/617,65,43,46,28,0.0086,0.71,0.60,+0.28,size-only,"suffix 15, midlen 13, epithet 10"
seq_strong,grammar,W151,W154/158,63,65,59,26,0.0004,0.71,0.59,+0.29,DISTINCT,"suffix 15, epithet 12, conn 12"
seq_strong,grammar,W151,box527,63,56,39,17,0.0012,0.69,0.54,+0.32,size-only,"fish 15, conn 8, numeral 4"
seq_strong,grammar,W151,W156,63,83,118,51,0.0002,0.75,0.62,+0.33,DISTINCT,"epithet 45, midlen 26, numeral 13"
seq_strong,grammar,jar,box527,1182,56,48,21,0.0174,0.69,0.52,+0.35,size-only,"suffix 11, conn 10, numeral 9"
seq_strong,grammar,W226,W400,20,83,71,17,0.0002,0.73,0.57,+0.36,DISTINCT,"conn 35, midlen 16, numeral 11"
seq_strong,grammar,W154/158,W595,65,10,18,10,0.0528,0.65,0.44,+0.38,size-only,"midlen 6, second 5, suffix 2"
seq_strong,grammar,W154/158,none,65,1061,198,18,0.0002,0.73,0.56,+0.39,DISTINCT,"midlen 142, conn 16, numeral 12"
seq_strong,grammar,W400,none,83,1061,338,20,0.0002,0.73,0.56,+0.39,DISTINCT,"midlen 256, numeral 33, conn 21"
seq_strong,grammar,W226,W700,20,358,595,215,0.0002,0.89,0.82,+0.40,DISTINCT,"conn 132, midlen 117, epithet 107"
seq_strong,grammar,jar,W615/617,1182,43,79,27,0.0018,0.73,0.56,+0.40,size-only,"fish 18, epithet 18, conn 12"
seq_strong,grammar,W156,W615/617,83,43,84,53,0.0010,0.79,0.65,+0.40,size-only,"midlen 36, epithet 33, suffix 6"
seq_strong,grammar,W156,W226,83,20,106,63,0.0010,0.81,0.69,+0.41,size-only,"midlen 39, epithet 36, conn 18"
seq_strong,grammar,W151,W236,63,14,58,13,0.0002,0.73,0.53,+0.42,DISTINCT,"midlen 26, suffix 14, conn 5"
seq_strong,grammar,box527,W236,56,14,47,12,0.0002,0.73,0.53,+0.43,DISTINCT,"midlen 25, suffix 17, second 2"
seq_strong,grammar,jar,W595,1182,10,22,18,0.1926,0.70,0.48,+0.43,size-only,"fish 6, second 4, conn 3"
seq_strong,grammar,box527,W400,56,83,82,26,0.0002,0.78,0.62,+0.43,DISTINCT,"conn 41, fish 24, opener 11"
seq_strong,grammar,W226,W595,20,10,31,15,0.0006,0.75,0.55,+0.44,DISTINCT,"epithet 8, conn 6, midlen 5"
seq_strong,grammar,arrow,W400,223,83,164,55,0.0002,0.81,0.66,+0.45,DISTINCT,"fish 83, conn 40, midlen 19"
seq_strong,grammar,arrow,W151,223,63,110,30,0.0002,0.78,0.58,+0.46,DISTINCT,"fish 59, epithet 17, midlen 15"
seq_strong,grammar,W151,W226,63,20,60,16,0.0002,0.73,0.49,+0.47,DISTINCT,"epithet 31, midlen 11, numeral 7"
seq_strong,grammar,W226,none,20,1061,118,11,0.0002,0.75,0.52,+0.47,DISTINCT,"midlen 105, conn 6, quantity 4"
seq_strong,grammar,W615/617,W595,43,10,17,13,0.1314,0.76,0.54,+0.48,size-only,"midlen 6, numeral 5, second 3"
seq_strong,grammar,W156,box527,83,56,192,101,0.0002,0.85,0.71,+0.48,DISTINCT,"fish 46, epithet 38, midlen 36"
seq_strong,grammar,W154/158,W700,65,358,923,664,0.0002,0.93,0.86,+0.50,DISTINCT,"epithet 322, numeral 235, midlen 200"
seq_strong,grammar,jar,W226,1182,20,328,24,0.0002,0.77,0.53,+0.51,DISTINCT,"epithet 222, midlen 88, numeral 6"
seq_strong,grammar,arrow,none,223,1061,531,53,0.0002,0.79,0.58,+0.51,DISTINCT,"fish 299, midlen 133, second 39"
seq_strong,grammar,W154/158,box527,65,56,114,24,0.0002,0.80,0.58,+0.51,DISTINCT,"conn 33, fish 31, suffix 17"
seq_strong,grammar,jar,arrow,1182,223,413,22,0.0002,0.77,0.52,+0.52,DISTINCT,"epithet 240, fish 102, suffix 37"
seq_strong,grammar,W226,W236,20,14,28,14,0.0072,0.78,0.54,+0.52,size-only,"epithet 10, numeral 7, midlen 4"
seq_strong,grammar,W236,W400,14,83,92,13,0.0002,0.80,0.56,+0.53,DISTINCT,"conn 38, midlen 34, opener 14"
seq_strong,grammar,box527,W595,56,10,29,8,0.0004,0.76,0.43,+0.57,DISTINCT,"fish 10, conn 7, midlen 4"
seq_strong,grammar,arrow,W236,223,14,135,24,0.0002,0.84,0.62,+0.58,DISTINCT,"midlen 88, suffix 26, fish 9"
seq_strong,grammar,W595,none,10,1061,23,10,0.0318,0.79,0.49,+0.58,size-only,"midlen 8, numeral 6, conn 3"
seq_strong,grammar,W156,none,83,1061,647,47,0.0002,0.84,0.63,+0.58,DISTINCT,"midlen 582, second 25, quantity 14"
seq_strong,grammar,arrow,W700,223,358,1647,966,0.0002,0.94,0.85,+0.59,DISTINCT,"epithet 385, fish 352, midlen 331"
seq_strong,grammar,arrow,W156,223,83,386,174,0.0002,0.89,0.74,+0.59,DISTINCT,"epithet 126, fish 116, midlen 80"
seq_strong,grammar,arrow,W226,223,20,186,15,0.0002,0.79,0.48,+0.59,DISTINCT,"epithet 109, midlen 36, fish 28"
seq_strong,grammar,box527,W615/617,56,43,79,9,0.0002,0.80,0.48,+0.61,DISTINCT,"fish 27, conn 22, numeral 21"
seq_strong,grammar,box527,W226,56,20,75,13,0.0002,0.81,0.47,+0.63,DISTINCT,"epithet 32, numeral 18, midlen 10"
seq_strong,grammar,arrow,W154/158,223,65,231,48,0.0002,0.87,0.64,+0.63,DISTINCT,"fish 87, epithet 43, suffix 39"
seq_strong,grammar,W236,none,14,1061,240,15,0.0002,0.85,0.58,+0.64,DISTINCT,"midlen 208, numeral 9, conn 6"
seq_strong,grammar,box527,none,56,1061,239,16,0.0002,0.83,0.54,+0.64,DISTINCT,"midlen 123, fish 48, numeral 36"
seq_strong,grammar,jar,W700,1182,358,3074,1845,0.0002,0.97,0.90,+0.67,DISTINCT,"epithet 1271, midlen 690, numeral 586"
seq_strong,grammar,arrow,W595,223,10,53,15,0.0026,0.86,0.53,+0.72,size-only,"fish 24, second 8, midlen 7"
seq_strong,grammar,W236,W595,14,10,34,10,0.0004,0.86,0.47,+0.74,DISTINCT,"midlen 8, conn 7, second 7"
seq_strong,grammar,W156,W236,83,14,115,30,0.0002,0.91,0.65,+0.74,DISTINCT,"midlen 44, conn 19, fish 16"
seq_strong,grammar,W226,W615/617,20,43,63,14,0.0002,0.88,0.47,+0.77,DISTINCT,"epithet 26, conn 19, midlen 7"
seq_strong,grammar,W700,W595,358,10,493,319,0.0008,0.97,0.88,+0.77,size-only,"epithet 154, numeral 151, midlen 108"
seq_strong,grammar,arrow,W615/617,223,43,125,15,0.0002,0.90,0.52,+0.78,DISTINCT,"fish 70, conn 21, epithet 20"
seq_strong,grammar,W151,W700,63,358,918,346,0.0002,0.95,0.78,+0.79,DISTINCT,"epithet 314, numeral 257, midlen 127"
seq_strong,grammar,W615/617,W236,43,14,82,18,0.0002,0.92,0.57,+0.81,DISTINCT,"midlen 20, conn 20, suffix 16"
seq_strong,grammar,W700,none,358,1061,1862,493,0.0002,0.96,0.78,+0.81,DISTINCT,"midlen 1209, numeral 268, second 121"
seq_strong,grammar,W236,W700,14,358,986,413,0.0002,0.98,0.85,+0.84,DISTINCT,"numeral 188, epithet 186, midlen 165"
seq_strong,grammar,W700,W400,358,83,533,257,0.0002,0.97,0.77,+0.85,DISTINCT,"numeral 302, midlen 156, fish 42"
seq_strong,grammar,W615/617,W700,43,358,609,295,0.0002,0.97,0.81,+0.85,DISTINCT,"epithet 298, numeral 131, midlen 122"
seq_strong,grammar,box527,W700,56,358,1232,583,0.0002,0.98,0.81,+0.88,DISTINCT,"epithet 324, numeral 308, fish 191"
seq_strong,grammar,W154/158,W236,65,14,87,13,0.0002,0.94,0.47,+0.89,DISTINCT,"conn 30, midlen 29, opener 12"
seq_strong,grammar,W156,W700,83,358,685,188,0.0002,0.96,0.64,+0.90,DISTINCT,"epithet 364, numeral 148, midlen 76"
seq_all,full,jar,W400,1182,82,152,119,0.0458,0.66,0.67,-0.02,INDISTINCT,"type 39, midlen 27, conn 25"
seq_all,full,W156,W154/158,83,65,149,87,0.0002,0.73,0.69,+0.14,stat-only,"type 72, midlen 28, epithet 21"
seq_all,full,jar,none,1182,1059,683,230,0.0002,0.66,0.60,+0.15,stat-only,"midlen 174, numeral 132, type 122"
seq_all,full,jar,W90/91,1182,11,99,38,0.0556,0.61,0.53,+0.17,INDISTINCT,"site 54, type 32, midlen 7"
seq_all,full,W156,W226,83,20,137,86,0.0016,0.75,0.70,+0.17,INDISTINCT,"midlen 39, epithet 36, site 21"
seq_all,full,W156,W90/91,83,11,79,49,0.0104,0.69,0.63,+0.17,INDISTINCT,"type 28, site 21, midlen 21"
seq_all,full,W154/158,W400,65,82,41,32,0.0874,0.66,0.58,+0.18,INDISTINCT,"type 23, site 9, midlen 5"
seq_all,full,W615/617,W90/91,43,11,33,18,0.0392,0.60,0.49,+0.21,INDISTINCT,"type 14, site 11, conn 4"
seq_all,full,jar,W151,1182,63,110,78,0.0540,0.69,0.60,+0.23,INDISTINCT,"type 30, site 21, midlen 18"
seq_all,full,W154/158,W615/617,65,43,104,44,0.0002,0.70,0.60,+0.25,stat-only,"site 30, type 29, suffix 15"
seq_all,full,jar,box527,1182,56,82,41,0.0132,0.64,0.51,+0.26,INDISTINCT,"type 19, site 15, suffix 11"
seq_all,full,W156,W400,83,82,108,47,0.0002,0.72,0.62,+0.26,stat-only,"type 41, midlen 22, numeral 21"
seq_all,full,W615/617,W400,43,82,91,28,0.0002,0.69,0.57,+0.27,stat-only,"type 42, site 23, numeral 14"
seq_all,full,W154/158,W90/91,65,11,56,33,0.0318,0.70,0.59,+0.28,INDISTINCT,"type 21, site 18, midlen 9"
seq_all,full,W226,W90/91,20,11,25,17,0.0642,0.59,0.44,+0.28,INDISTINCT,"site 11, type 5, midlen 3"
seq_all,full,W154/158,W595,65,10,39,18,0.0080,0.62,0.45,+0.30,size-only,"type 18, midlen 6, second 5"
seq_all,full,W615/617,W595,43,10,27,20,0.0988,0.66,0.52,+0.30,size-only,"midlen 6, type 6, numeral 5"
seq_all,full,W156,W615/617,83,43,174,82,0.0002,0.76,0.66,+0.30,DISTINCT,"type 66, midlen 36, epithet 33"
seq_all,full,arrow,W400,223,82,208,75,0.0002,0.76,0.65,+0.31,DISTINCT,"fish 82, conn 40, type 31"
seq_all,full,W400,W90/91,82,11,57,26,0.0028,0.69,0.55,+0.31,size-only,"site 27, type 15, conn 9"
seq_all,full,box527,W90/91,56,11,46,26,0.0054,0.68,0.54,+0.32,size-only,"site 23, fish 7, type 7"
seq_all,full,W595,W400,10,82,43,31,0.1278,0.75,0.62,+0.33,size-only,"type 29, midlen 6, second 3"
seq_all,full,W400,none,82,1059,426,40,0.0002,0.70,0.55,+0.34,DISTINCT,"midlen 259, type 60, numeral 33"
seq_all,full,W595,W90/91,10,11,20,18,0.3175,0.72,0.57,+0.34,size-only,"midlen 6, site 5, type 4"
seq_all,full,W151,box527,63,56,62,29,0.0006,0.70,0.54,+0.35,size-only,"fish 15, site 12, type 11"
seq_all,full,arrow,box527,223,56,83,26,0.0002,0.68,0.49,+0.36,DISTINCT,"type 23, site 18, epithet 14"
seq_all,full,jar,W156,1182,83,919,296,0.0002,0.84,0.74,+0.36,DISTINCT,"epithet 579, midlen 131, type 90"
seq_all,full,W595,none,10,1059,41,29,0.1552,0.68,0.49,+0.36,size-only,"type 15, midlen 8, numeral 6"
seq_all,full,box527,W400,56,82,136,42,0.0002,0.76,0.61,+0.38,DISTINCT,"conn 41, type 31, site 24"
seq_all,full,arrow,W90/91,223,11,83,27,0.0024,0.72,0.54,+0.38,size-only,"type 27, site 25, fish 20"
seq_all,full,W151,W90/91,63,11,35,23,0.0776,0.69,0.48,+0.39,size-only,"type 19, site 12, midlen 2"
seq_all,full,W151,W595,63,10,53,24,0.0026,0.69,0.49,+0.39,size-only,"type 35, midlen 5, site 4"
seq_all,full,jar,W595,1182,10,41,37,0.2867,0.70,0.50,+0.41,size-only,"type 17, fish 6, second 4"
seq_all,full,W151,W400,63,82,96,26,0.0002,0.71,0.51,+0.41,DISTINCT,"type 41, site 32, conn 15"
seq_all,full,W156,box527,83,56,239,121,0.0002,0.83,0.71,+0.42,DISTINCT,"fish 46, epithet 38, midlen 36"
seq_all,full,jar,W615/617,1182,43,138,51,0.0002,0.75,0.56,+0.44,DISTINCT,"type 41, fish 18, epithet 18"
seq_all,full,arrow,W151,223,63,144,47,0.0002,0.76,0.58,+0.44,DISTINCT,"fish 59, type 18, epithet 17"
seq_all,full,W151,W156,63,83,169,66,0.0002,0.79,0.62,+0.44,DISTINCT,"epithet 45, type 31, midlen 26"
seq_all,full,W236,W90/91,14,11,39,30,0.0396,0.79,0.63,+0.44,size-only,"site 11, type 9, midlen 8"
seq_all,full,jar,W154/158,1182,65,356,75,0.0002,0.78,0.61,+0.44,DISTINCT,"epithet 156, type 73, midlen 25"
seq_all,full,jar,W236,1182,14,317,51,0.0002,0.77,0.59,+0.45,DISTINCT,"midlen 266, site 20, suffix 10"
seq_all,full,W154/158,none,65,1059,291,36,0.0002,0.75,0.54,+0.45,DISTINCT,"midlen 141, type 67, site 25"
seq_all,full,W226,W236,20,14,47,26,0.0072,0.74,0.52,+0.46,size-only,"site 10, epithet 10, type 8"
seq_all,full,W151,none,63,1059,331,29,0.0002,0.74,0.50,+0.47,DISTINCT,"midlen 246, type 44, numeral 18"
seq_all,full,jar,arrow,1182,223,462,43,0.0002,0.75,0.51,+0.48,DISTINCT,"epithet 240, fish 102, type 43"
seq_all,full,jar,W226,1182,20,349,47,0.0002,0.75,0.52,+0.48,DISTINCT,"epithet 222, midlen 88, site 13"
seq_all,full,W226,none,20,1059,135,30,0.0002,0.75,0.51,+0.49,DISTINCT,"midlen 105, type 9, site 8"
seq_all,full,W90/91,none,11,1059,171,29,0.0002,0.75,0.50,+0.49,DISTINCT,"midlen 123, site 27, type 13"
seq_all,full,W226,W400,20,82,108,27,0.0002,0.78,0.56,+0.50,DISTINCT,"conn 35, site 24, midlen 16"
seq_all,full,W615/617,none,43,1059,231,29,0.0002,0.75,0.50,+0.50,DISTINCT,"midlen 146, type 43, site 19"
seq_all,full,W151,W236,63,14,92,27,0.0002,0.77,0.52,+0.52,DISTINCT,"midlen 26, site 20, type 14"
seq_all,full,box527,W236,56,14,72,28,0.0004,0.79,0.55,+0.52,DISTINCT,"midlen 25, suffix 17, type 14"
seq_all,full,arrow,W236,223,14,162,40,0.0002,0.81,0.60,+0.53,DISTINCT,"midlen 88, suffix 26, site 16"
seq_all,full,W151,W226,63,20,76,26,0.0002,0.76,0.49,+0.53,DISTINCT,"epithet 31, midlen 11, type 8"
seq_all,full,W151,W615/617,63,43,87,27,0.0002,0.77,0.50,+0.54,DISTINCT,"type 45, site 11, numeral 8"
seq_all,full,W151,W154/158,63,65,142,42,0.0002,0.82,0.58,+0.57,DISTINCT,"type 58, site 26, suffix 15"
seq_all,full,arrow,W156,223,83,461,199,0.0002,0.88,0.73,+0.57,DISTINCT,"epithet 126, fish 116, midlen 80"
seq_all,full,box527,W226,56,20,88,24,0.0002,0.78,0.48,+0.58,DISTINCT,"epithet 32, numeral 18, midlen 10"
seq_all,full,box527,W615/617,56,43,120,22,0.0002,0.78,0.48,+0.58,DISTINCT,"type 29, fish 27, conn 22"
seq_all,full,arrow,none,223,1059,631,81,0.0002,0.82,0.58,+0.58,DISTINCT,"fish 299, midlen 133, type 92"
seq_all,full,W154/158,W226,65,20,132,42,0.0002,0.83,0.60,+0.58,DISTINCT,"conn 28, site 26, type 25"
seq_all,full,arrow,W226,223,20,208,29,0.0002,0.79,0.50,+0.59,DISTINCT,"epithet 109, midlen 36, fish 28"
seq_all,full,box527,none,56,1059,281,36,0.0002,0.81,0.54,+0.59,DISTINCT,"midlen 122, fish 49, numeral 36"
seq_all,full,W236,W400,14,82,132,29,0.0002,0.83,0.57,+0.60,DISTINCT,"conn 37, midlen 34, site 25"
seq_all,full,W700,W90/91,358,11,723,159,0.0002,0.90,0.74,+0.61,DISTINCT,"type 263, site 238, numeral 136"
seq_all,full,W236,none,14,1059,272,34,0.0002,0.83,0.55,+0.62,DISTINCT,"midlen 208, site 18, type 15"
seq_all,full,W156,none,83,1059,730,76,0.0002,0.86,0.61,+0.63,DISTINCT,"midlen 581, type 66, second 25"
seq_all,full,W156,W595,83,10,110,49,0.0002,0.88,0.66,+0.64,DISTINCT,"type 47, midlen 31, second 14"
seq_all,full,W226,W700,20,358,1084,313,0.0002,0.93,0.80,+0.65,DISTINCT,"site 256, type 233, conn 132"
seq_all,full,arrow,W154/158,223,65,310,63,0.0002,0.88,0.63,+0.67,DISTINCT,"fish 87, type 64, epithet 43"
seq_all,full,W226,W595,20,10,46,23,0.0002,0.85,0.52,+0.69,DISTINCT,"type 10, epithet 8, conn 6"
seq_all,full,W154/158,W700,65,358,1206,779,0.0002,0.96,0.86,+0.69,DISTINCT,"epithet 322, numeral 235, midlen 200"
seq_all,full,W154/158,W236,65,14,125,23,0.0002,0.84,0.47,+0.70,DISTINCT,"conn 30, midlen 29, type 19"
seq_all,full,W154/158,box527,65,56,173,40,0.0002,0.89,0.57,+0.75,DISTINCT,"type 33, conn 33, fish 31"
seq_all,full,arrow,W615/617,223,43,228,30,0.0002,0.89,0.52,+0.77,DISTINCT,"type 84, fish 70, conn 21"
seq_all,full,arrow,W700,223,358,2201,1224,0.0002,0.97,0.83,+0.80,DISTINCT,"epithet 385, fish 352, midlen 331"
seq_all,full,W226,W615/617,20,43,98,24,0.0002,0.89,0.47,+0.80,DISTINCT,"epithet 26, type 22, conn 19"
seq_all,full,W615/617,W236,43,14,125,34,0.0002,0.92,0.59,+0.80,DISTINCT,"site 26, midlen 20, conn 20"
seq_all,full,W156,W236,83,14,144,46,0.0002,0.92,0.61,+0.80,DISTINCT,"midlen 44, conn 19, site 17"
seq_all,full,jar,W700,1182,358,3951,2194,0.0002,0.97,0.85,+0.81,DISTINCT,"epithet 1271, midlen 690, numeral 586"
seq_all,full,W700,none,358,1059,2783,702,0.0002,0.95,0.74,+0.82,DISTINCT,"midlen 1207, type 523, site 399"
seq_all,full,W700,W400,358,82,782,377,0.0002,0.96,0.77,+0.84,DISTINCT,"numeral 300, midlen 154, site 131"
seq_all,full,arrow,W595,223,10,99,30,0.0016,0.92,0.52,+0.84,size-only,"type 45, fish 24, second 8"
seq_all,full,box527,W595,56,10,44,20,0.0030,0.92,0.47,+0.85,size-only,"type 12, fish 10, conn 7"
seq_all,full,W700,W595,358,10,915,493,0.0002,0.98,0.87,+0.85,DISTINCT,"type 272, epithet 154, numeral 151"
seq_all,full,W236,W700,14,358,1315,597,0.0002,0.98,0.86,+0.86,DISTINCT,"numeral 188, epithet 186, type 186"
seq_all,full,W236,W595,14,10,53,17,0.0002,0.93,0.47,+0.86,DISTINCT,"type 13, midlen 8, conn 7"
seq_all,full,W151,W700,63,358,1514,444,0.0002,0.97,0.76,+0.88,DISTINCT,"epithet 314, type 313, site 283"
seq_all,full,box527,W700,56,358,1785,724,0.0002,0.98,0.81,+0.90,DISTINCT,"epithet 324, numeral 308, type 284"
seq_all,full,W615/617,W700,43,358,1176,414,0.0002,0.98,0.80,+0.90,DISTINCT,"site 299, epithet 298, type 268"
seq_all,full,W156,W700,83,358,1033,214,0.0002,0.98,0.63,+0.95,DISTINCT,"epithet 364, type 198, site 150"
seq_all,grammar,W400,W90/91,82,11,14,14,0.5113,0.45,0.58,-0.32,INDISTINCT,"conn 9, midlen 4, opener 0"
seq_all,grammar,W151,W90/91,63,11,3,9,0.9664,0.34,0.48,-0.28,INDISTINCT,"midlen 2, fish 1, quantity 0"
seq_all,grammar,W154/158,W90/91,65,11,17,16,0.3897,0.52,0.59,-0.16,INDISTINCT,"midlen 9, conn 7, opener 0"
seq_all,grammar,W615/617,W90/91,43,11,9,10,0.4485,0.43,0.48,-0.11,INDISTINCT,"conn 4, numeral 3, midlen 1"
seq_all,grammar,W151,W400,63,82,24,12,0.0186,0.53,0.54,-0.01,INDISTINCT,"conn 15, opener 3, midlen 2"
seq_all,grammar,jar,W400,1182,82,88,89,0.5221,0.67,0.67,+0.01,INDISTINCT,"midlen 27, conn 25, fish 16"
seq_all,grammar,W236,W90/91,14,11,19,13,0.1168,0.60,0.59,+0.04,INDISTINCT,"midlen 8, second 3, conn 3"
seq_all,grammar,W154/158,W400,65,82,9,17,0.9698,0.61,0.59,+0.06,INDISTINCT,"midlen 5, numeral 2, fish 2"
seq_all,grammar,W595,W400,10,82,13,16,0.6153,0.67,0.65,+0.06,INDISTINCT,"midlen 6, second 3, fish 2"
seq_all,grammar,jar,W151,1182,63,59,52,0.2609,0.63,0.61,+0.06,INDISTINCT,"midlen 18, epithet 15, suffix 10"
seq_all,grammar,W156,W400,83,82,60,28,0.0002,0.66,0.64,+0.07,stat-only,"midlen 22, numeral 21, fish 6"
seq_all,grammar,jar,W90/91,1182,11,13,12,0.2833,0.60,0.57,+0.07,INDISTINCT,"midlen 7, fish 3, opener 1"
seq_all,grammar,W156,W90/91,83,11,30,32,0.5387,0.67,0.65,+0.08,INDISTINCT,"midlen 21, numeral 4, second 3"
seq_all,grammar,jar,none,1182,1059,531,170,0.0002,0.65,0.61,+0.11,stat-only,"midlen 174, numeral 132, fish 110"
seq_all,grammar,W156,W154/158,83,65,72,68,0.3221,0.74,0.70,+0.13,INDISTINCT,"midlen 28, epithet 21, numeral 8"
seq_all,grammar,arrow,box527,223,56,41,11,0.0002,0.57,0.49,+0.15,stat-only,"epithet 14, numeral 12, fish 8"
seq_all,grammar,W226,W90/91,20,11,10,7,0.1874,0.50,0.42,+0.15,INDISTINCT,"midlen 3, numeral 3, conn 2"
seq_all,grammar,W615/617,W400,43,82,26,15,0.0198,0.65,0.58,+0.16,INDISTINCT,"numeral 14, midlen 7, fish 3"
seq_all,grammar,W615/617,none,43,1059,169,10,0.0002,0.58,0.50,+0.17,stat-only,"midlen 146, conn 10, fish 4"
seq_all,grammar,W156,W595,83,10,61,33,0.0026,0.76,0.71,+0.18,INDISTINCT,"midlen 31, second 14, epithet 8"
seq_all,grammar,W90/91,none,11,1059,130,10,0.0002,0.60,0.51,+0.19,stat-only,"midlen 123, numeral 4, quantity 2"
seq_all,grammar,W151,W615/617,63,43,31,14,0.0034,0.59,0.49,+0.20,INDISTINCT,"numeral 8, conn 7, epithet 6"
seq_all,grammar,W151,none,63,1059,274,10,0.0002,0.60,0.50,+0.21,stat-only,"midlen 246, numeral 18, quantity 7"
seq_all,grammar,W154/158,W226,65,20,81,29,0.0002,0.69,0.60,+0.21,stat-only,"conn 28, epithet 22, midlen 17"
seq_all,grammar,box527,W90/91,56,11,16,11,0.1006,0.68,0.57,+0.25,size-only,"fish 7, midlen 3, conn 3"
seq_all,grammar,W151,W595,63,10,14,11,0.2983,0.63,0.51,+0.26,size-only,"midlen 5, conn 3, fish 2"
seq_all,grammar,arrow,W90/91,223,11,30,11,0.0008,0.69,0.59,+0.26,size-only,"fish 20, midlen 6, conn 2"
seq_all,grammar,jar,W236,1182,14,289,29,0.0002,0.72,0.63,+0.26,DISTINCT,"midlen 266, suffix 10, conn 4"
seq_all,grammar,jar,W154/158,1182,65,258,51,0.0002,0.72,0.62,+0.26,DISTINCT,"epithet 156, midlen 25, fish 22"
seq_all,grammar,jar,W156,1182,83,814,260,0.0002,0.81,0.74,+0.27,DISTINCT,"epithet 579, midlen 131, fish 37"
seq_all,grammar,W154/158,W615/617,65,43,46,28,0.0090,0.71,0.60,+0.28,size-only,"suffix 15, midlen 13, epithet 10"
seq_all,grammar,W595,W90/91,10,11,12,10,0.4625,0.72,0.61,+0.29,size-only,"midlen 6, conn 2, second 1"
seq_all,grammar,W151,W154/158,63,65,59,26,0.0004,0.71,0.59,+0.30,DISTINCT,"suffix 15, epithet 12, conn 12"
seq_all,grammar,W151,box527,63,56,39,17,0.0004,0.69,0.54,+0.33,DISTINCT,"fish 15, conn 8, numeral 4"
seq_all,grammar,W151,W156,63,83,118,51,0.0002,0.75,0.62,+0.33,DISTINCT,"epithet 45, midlen 26, numeral 13"
seq_all,grammar,jar,box527,1182,56,48,21,0.0154,0.69,0.52,+0.36,size-only,"suffix 11, conn 10, numeral 9"
seq_all,grammar,W226,W400,20,82,70,16,0.0002,0.73,0.57,+0.37,DISTINCT,"conn 35, midlen 16, numeral 11"
seq_all,grammar,W154/158,W595,65,10,18,10,0.0566,0.65,0.45,+0.37,size-only,"midlen 6, second 5, suffix 2"
seq_all,grammar,W154/158,none,65,1059,198,18,0.0002,0.73,0.56,+0.38,DISTINCT,"midlen 141, conn 16, numeral 12"
seq_all,grammar,W400,none,82,1059,340,20,0.0002,0.73,0.56,+0.39,DISTINCT,"midlen 259, numeral 33, conn 20"
seq_all,grammar,W156,W615/617,83,43,84,53,0.0002,0.79,0.66,+0.40,DISTINCT,"midlen 36, epithet 33, suffix 6"
seq_all,grammar,jar,W615/617,1182,43,79,28,0.0022,0.73,0.55,+0.40,size-only,"fish 18, epithet 18, conn 12"
seq_all,grammar,W226,W700,20,358,595,215,0.0002,0.89,0.82,+0.40,DISTINCT,"conn 132, midlen 117, epithet 107"
seq_all,grammar,W156,W226,83,20,106,63,0.0016,0.81,0.69,+0.41,size-only,"midlen 39, epithet 36, conn 18"
seq_all,grammar,jar,W595,1182,10,22,17,0.1880,0.70,0.49,+0.42,size-only,"fish 6, second 4, conn 3"
seq_all,grammar,box527,W400,56,82,81,27,0.0002,0.78,0.62,+0.42,DISTINCT,"conn 41, fish 24, opener 10"
seq_all,grammar,W151,W236,63,14,58,13,0.0002,0.73,0.53,+0.42,DISTINCT,"midlen 26, suffix 14, conn 5"
seq_all,grammar,box527,W236,56,14,47,12,0.0002,0.73,0.53,+0.43,DISTINCT,"midlen 25, suffix 17, second 2"
seq_all,grammar,arrow,W400,223,82,162,56,0.0002,0.81,0.66,+0.44,DISTINCT,"fish 82, conn 40, midlen 19"
seq_all,grammar,W226,W595,20,10,31,15,0.0016,0.75,0.54,+0.45,size-only,"epithet 8, conn 6, midlen 5"
seq_all,grammar,arrow,W151,223,63,110,30,0.0002,0.78,0.59,+0.46,DISTINCT,"fish 59, epithet 17, midlen 15"
seq_all,grammar,W151,W226,63,20,60,16,0.0002,0.73,0.49,+0.47,DISTINCT,"epithet 31, midlen 11, numeral 7"
seq_all,grammar,W615/617,W595,43,10,17,13,0.1278,0.76,0.54,+0.48,size-only,"midlen 6, numeral 5, second 3"
seq_all,grammar,W226,none,20,1059,118,11,0.0002,0.75,0.52,+0.48,DISTINCT,"midlen 105, conn 6, quantity 4"
seq_all,grammar,W156,box527,83,56,192,100,0.0002,0.85,0.71,+0.48,DISTINCT,"fish 46, epithet 38, midlen 36"
seq_all,grammar,W154/158,W700,65,358,923,665,0.0002,0.93,0.86,+0.50,DISTINCT,"epithet 322, numeral 235, midlen 200"
seq_all,grammar,jar,W226,1182,20,328,24,0.0002,0.77,0.53,+0.51,DISTINCT,"epithet 222, midlen 88, numeral 6"
seq_all,grammar,arrow,none,223,1059,533,52,0.0002,0.79,0.58,+0.51,DISTINCT,"fish 299, midlen 133, second 39"
seq_all,grammar,W154/158,box527,65,56,114,24,0.0002,0.80,0.58,+0.51,DISTINCT,"conn 33, fish 31, suffix 17"
seq_all,grammar,jar,arrow,1182,223,413,22,0.0002,0.77,0.52,+0.52,DISTINCT,"epithet 240, fish 102, suffix 37"
seq_all,grammar,W236,W400,14,82,92,14,0.0002,0.80,0.57,+0.52,DISTINCT,"conn 37, midlen 34, opener 13"
seq_all,grammar,W226,W236,20,14,28,14,0.0056,0.78,0.52,+0.54,size-only,"epithet 10, numeral 7, midlen 4"
seq_all,grammar,W595,none,10,1059,23,10,0.0314,0.79,0.50,+0.57,size-only,"midlen 8, numeral 6, conn 3"
seq_all,grammar,arrow,W236,223,14,135,23,0.0002,0.84,0.63,+0.57,DISTINCT,"midlen 88, suffix 26, fish 9"
seq_all,grammar,box527,W595,56,10,29,8,0.0002,0.76,0.43,+0.58,DISTINCT,"fish 10, conn 7, midlen 4"
seq_all,grammar,W156,none,83,1059,646,48,0.0002,0.85,0.63,+0.58,DISTINCT,"midlen 581, second 25, quantity 14"
seq_all,grammar,arrow,W700,223,358,1647,967,0.0002,0.94,0.85,+0.59,DISTINCT,"epithet 385, fish 352, midlen 331"
seq_all,grammar,arrow,W156,223,83,386,174,0.0002,0.89,0.74,+0.59,DISTINCT,"epithet 126, fish 116, midlen 80"
seq_all,grammar,arrow,W226,223,20,186,15,0.0002,0.79,0.48,+0.59,DISTINCT,"epithet 109, midlen 36, fish 28"
seq_all,grammar,box527,W615/617,56,43,79,9,0.0002,0.80,0.49,+0.60,DISTINCT,"fish 27, conn 22, numeral 21"
seq_all,grammar,arrow,W154/158,223,65,231,48,0.0002,0.87,0.64,+0.63,DISTINCT,"fish 87, epithet 43, suffix 39"
seq_all,grammar,box527,W226,56,20,75,13,0.0002,0.81,0.47,+0.63,DISTINCT,"epithet 32, numeral 18, midlen 10"
seq_all,grammar,W236,none,14,1059,239,15,0.0002,0.85,0.58,+0.64,DISTINCT,"midlen 208, numeral 9, second 6"
seq_all,grammar,box527,none,56,1059,239,16,0.0002,0.83,0.54,+0.64,DISTINCT,"midlen 122, fish 49, numeral 36"
seq_all,grammar,jar,W700,1182,358,3074,1846,0.0002,0.97,0.90,+0.67,DISTINCT,"epithet 1271, midlen 690, numeral 586"
seq_all,grammar,W700,W90/91,358,11,221,118,0.0142,0.92,0.77,+0.67,size-only,"numeral 136, conn 31, midlen 30"
seq_all,grammar,arrow,W595,223,10,53,15,0.0028,0.86,0.53,+0.71,size-only,"fish 24, second 8, midlen 7"
seq_all,grammar,W156,W236,83,14,115,30,0.0002,0.91,0.65,+0.74,DISTINCT,"midlen 44, conn 19, fish 16"
seq_all,grammar,W236,W595,14,10,34,10,0.0006,0.86,0.47,+0.75,size-only,"midlen 8, conn 7, second 7"
seq_all,grammar,W700,W595,358,10,493,318,0.0006,0.97,0.88,+0.76,size-only,"epithet 154, numeral 151, midlen 108"
seq_all,grammar,W226,W615/617,20,43,63,14,0.0002,0.88,0.47,+0.77,DISTINCT,"epithet 26, conn 19, midlen 7"
seq_all,grammar,arrow,W615/617,223,43,125,15,0.0002,0.90,0.52,+0.78,DISTINCT,"fish 70, conn 21, epithet 20"
seq_all,grammar,W151,W700,63,358,918,345,0.0002,0.95,0.78,+0.79,DISTINCT,"epithet 314, numeral 257, midlen 127"
seq_all,grammar,W615/617,W236,43,14,82,18,0.0002,0.92,0.57,+0.81,DISTINCT,"midlen 20, conn 20, suffix 16"
seq_all,grammar,W700,none,358,1059,1860,493,0.0002,0.96,0.78,+0.81,DISTINCT,"midlen 1207, numeral 267, second 122"
seq_all,grammar,W236,W700,14,358,986,415,0.0002,0.98,0.85,+0.84,DISTINCT,"numeral 188, epithet 186, midlen 165"
seq_all,grammar,W700,W400,358,82,529,254,0.0002,0.97,0.77,+0.85,DISTINCT,"numeral 300, midlen 154, fish 43"
seq_all,grammar,W615/617,W700,43,358,609,296,0.0002,0.97,0.81,+0.85,DISTINCT,"epithet 298, numeral 131, midlen 122"
seq_all,grammar,box527,W700,56,358,1232,584,0.0002,0.98,0.81,+0.88,DISTINCT,"epithet 324, numeral 308, fish 191"
seq_all,grammar,W154/158,W236,65,14,87,13,0.0002,0.94,0.46,+0.89,DISTINCT,"conn 30, midlen 29, opener 12"
seq_all,grammar,W156,W700,83,358,685,187,0.0002,0.96,0.63,+0.90,DISTINCT,"epithet 364, numeral 148, midlen 76"
im77,full,W156+154/158,W400,107,65,33,18,0.0156,0.53,0.50,+0.05,INDISTINCT,"numeral 9, fish 9, type 5"
im77,full,jar,W400,1034,65,87,74,0.1668,0.66,0.64,+0.06,INDISTINCT,"conn 17, type 16, midlen 15"
im77,full,W151,box527,59,61,37,26,0.0472,0.58,0.54,+0.07,INDISTINCT,"site 10, fish 7, midlen 5"
im77,full,jar,none,1034,738,429,88,0.0002,0.63,0.57,+0.15,stat-only,"midlen 109, second 68, numeral 65"
im77,full,jar,W151,1034,59,103,63,0.0144,0.66,0.59,+0.17,INDISTINCT,"epithet 29, midlen 20, type 18"
im77,full,jar,box527,1034,61,66,38,0.0338,0.62,0.53,+0.19,INDISTINCT,"site 17, suffix 9, type 8"
im77,full,arrow,box527,181,61,62,23,0.0002,0.63,0.51,+0.23,stat-only,"epithet 16, fish 12, site 10"
im77,full,W700,W400,269,65,680,366,0.0002,0.85,0.79,+0.27,stat-only,"numeral 209, midlen 142, type 125"
im77,full,jar,W156+154/158,1034,107,384,129,0.0002,0.74,0.65,+0.28,DISTINCT,"epithet 221, midlen 50, fish 47"
im77,full,arrow,W400,181,65,153,58,0.0002,0.75,0.65,+0.29,DISTINCT,"fish 66, conn 29, midlen 14"
im77,full,W156+154/158,W226,107,17,109,33,0.0002,0.70,0.56,+0.32,DISTINCT,"epithet 42, conn 19, midlen 17"
im77,full,box527,W400,61,65,77,29,0.0002,0.72,0.58,+0.33,DISTINCT,"conn 24, site 16, fish 16"
im77,full,W151,W226,59,17,62,24,0.0006,0.67,0.51,+0.33,DISTINCT,"epithet 31, midlen 7, numeral 7"
im77,full,W226,none,17,738,66,21,0.0018,0.66,0.49,+0.34,size-only,"midlen 43, type 7, site 6"
im77,full,jar,W226,1034,17,131,33,0.0014,0.69,0.52,+0.35,size-only,"epithet 72, midlen 23, site 14"
im77,full,W151,W156+154/158,59,107,110,34,0.0002,0.71,0.55,+0.36,DISTINCT,"site 22, fish 19, epithet 17"
im77,full,W595,W400,13,65,28,22,0.0894,0.77,0.63,+0.38,size-only,"midlen 11, type 9, fish 3"
im77,full,arrow,W151,181,59,121,43,0.0002,0.74,0.58,+0.38,DISTINCT,"fish 43, epithet 19, midlen 18"
im77,full,W151,none,59,738,220,22,0.0002,0.71,0.50,+0.41,DISTINCT,"midlen 171, numeral 17, type 16"
im77,full,W226,W400,17,65,71,23,0.0004,0.76,0.59,+0.42,DISTINCT,"conn 21, site 14, numeral 14"
im77,full,W151,W236,59,12,114,25,0.0002,0.73,0.53,+0.43,DISTINCT,"midlen 41, type 22, site 20"
im77,full,W700,W595,269,13,599,534,0.1254,0.97,0.94,+0.44,size-only,"midlen 158, type 133, epithet 103"
im77,full,W400,none,65,738,244,35,0.0002,0.76,0.56,+0.45,DISTINCT,"midlen 130, numeral 31, type 29"
im77,full,box527,W226,61,17,76,21,0.0002,0.73,0.50,+0.45,DISTINCT,"epithet 32, midlen 11, numeral 11"
im77,full,W156+154/158,none,107,738,339,43,0.0002,0.76,0.56,+0.46,DISTINCT,"midlen 211, quantity 22, type 21"
im77,full,W151,W400,59,65,64,22,0.0002,0.75,0.54,+0.46,DISTINCT,"site 23, type 20, conn 10"
im77,full,W595,none,13,738,40,20,0.0258,0.73,0.50,+0.47,size-only,"midlen 10, numeral 7, site 5"
im77,full,W156+154/158,box527,107,61,144,52,0.0002,0.80,0.61,+0.49,DISTINCT,"fish 52, conn 26, epithet 17"
im77,full,W156+154/158,W595,107,13,51,26,0.0106,0.77,0.54,+0.49,size-only,"midlen 21, type 11, second 7"
im77,full,jar,W236,1034,12,561,43,0.0002,0.80,0.59,+0.51,DISTINCT,"midlen 472, site 51, conn 13"
im77,full,jar,arrow,1034,181,402,32,0.0002,0.75,0.50,+0.51,DISTINCT,"epithet 237, fish 90, suffix 28"
im77,full,box527,W236,61,12,85,24,0.0002,0.78,0.55,+0.52,DISTINCT,"midlen 45, type 11, site 9"
im77,full,box527,none,61,738,207,22,0.0002,0.77,0.50,+0.54,DISTINCT,"midlen 95, fish 34, numeral 26"
im77,full,arrow,none,181,738,386,46,0.0002,0.82,0.56,+0.58,DISTINCT,"fish 210, midlen 62, type 29"
im77,full,arrow,W236,181,12,209,35,0.0002,0.84,0.63,+0.58,DISTINCT,"midlen 114, site 38, fish 19"
im77,full,W226,W236,17,12,59,20,0.0002,0.82,0.54,+0.60,DISTINCT,"site 14, type 13, midlen 11"
im77,full,W236,W595,12,13,61,20,0.0002,0.84,0.57,+0.62,DISTINCT,"conn 15, midlen 14, site 9"
im77,full,arrow,W156+154/158,181,107,317,102,0.0002,0.88,0.67,+0.63,DISTINCT,"fish 136, epithet 66, midlen 36"
im77,full,arrow,W226,181,17,171,26,0.0002,0.82,0.52,+0.63,DISTINCT,"epithet 90, fish 30, midlen 19"
im77,full,W615/617,none,37,738,119,38,0.0002,0.85,0.58,+0.63,DISTINCT,"second 71, type 17, site 9"
im77,full,jar,W700,1034,269,3129,1855,0.0002,0.95,0.86,+0.64,DISTINCT,"epithet 994, midlen 584, type 409"
im77,full,W151,W615/617,59,37,122,53,0.0002,0.87,0.63,+0.65,DISTINCT,"second 53, midlen 21, type 17"
im77,full,W615/617,W595,37,13,55,19,0.0002,0.87,0.62,+0.65,DISTINCT,"second 27, type 6, midlen 6"
im77,full,W226,W595,17,13,49,18,0.0002,0.84,0.52,+0.67,DISTINCT,"type 9, conn 8, epithet 8"
im77,full,jar,W595,1034,13,43,34,0.2076,0.85,0.54,+0.67,size-only,"midlen 9, fish 8, second 5"
im77,full,W236,W400,12,65,146,16,0.0002,0.84,0.49,+0.68,DISTINCT,"midlen 45, conn 38, site 36"
im77,full,W156+154/158,W236,107,12,187,21,0.0002,0.84,0.47,+0.69,DISTINCT,"midlen 73, conn 37, site 36"
im77,full,W151,W595,59,13,48,23,0.0008,0.86,0.53,+0.70,size-only,"midlen 12, type 12, site 8"
im77,full,W615/617,W400,37,65,137,67,0.0002,0.91,0.68,+0.72,DISTINCT,"second 63, midlen 25, type 24"
im77,full,W236,none,12,738,327,27,0.0002,0.88,0.55,+0.72,DISTINCT,"midlen 235, site 39, conn 16"
im77,full,arrow,W700,181,269,1695,1077,0.0002,0.96,0.87,+0.73,DISTINCT,"fish 289, midlen 282, epithet 252"
im77,full,W615/617,W700,37,269,1140,777,0.0002,0.97,0.90,+0.73,DISTINCT,"second 226, type 219, site 200"
im77,full,box527,W595,61,13,57,25,0.0002,0.90,0.60,+0.74,DISTINCT,"midlen 16, fish 12, type 9"
im77,full,W156+154/158,W700,107,269,1053,471,0.0002,0.94,0.77,+0.75,DISTINCT,"epithet 287, type 193, numeral 173"
im77,full,W156+154/158,W615/617,107,37,206,78,0.0002,0.93,0.68,+0.77,DISTINCT,"second 97, midlen 45, type 30"
im77,full,W226,W700,17,269,785,363,0.0002,0.96,0.81,+0.77,DISTINCT,"site 196, type 194, midlen 113"
im77,full,arrow,W595,181,13,96,31,0.0002,0.91,0.61,+0.78,DISTINCT,"fish 33, midlen 17, type 16"
im77,full,W226,W615/617,17,37,106,30,0.0002,0.91,0.57,+0.80,DISTINCT,"second 37, epithet 20, midlen 15"
im77,full,box527,W700,61,269,1311,623,0.0002,0.96,0.81,+0.81,DISTINCT,"epithet 230, type 218, site 200"
im77,full,W700,none,269,738,2202,735,0.0002,0.96,0.77,+0.81,DISTINCT,"midlen 850, type 459, site 383"
im77,full,jar,W615/617,1034,37,260,33,0.0002,0.91,0.52,+0.81,DISTINCT,"second 170, type 22, fish 14"
im77,full,W151,W700,59,269,1178,426,0.0002,0.96,0.75,+0.86,DISTINCT,"type 250, site 226, epithet 221"
im77,full,arrow,W615/617,181,37,287,27,0.0002,0.96,0.53,+0.91,DISTINCT,"second 120, fish 61, type 48"
im77,full,box527,W615/617,61,37,161,28,0.0002,0.97,0.57,+0.92,DISTINCT,"second 67, fish 20, midlen 18"
im77,full,W236,W700,12,269,939,460,0.0002,0.99,0.85,+0.92,DISTINCT,"midlen 205, conn 168, site 152"
im77,full,W615/617,W236,37,12,168,45,0.0002,1.00,0.66,+1.00,DISTINCT,"second 49, midlen 31, site 24"
im77,grammar,W151,box527,59,61,24,17,0.1064,0.53,0.55,-0.03,INDISTINCT,"fish 7, midlen 5, conn 4"
im77,grammar,jar,W151,1034,59,70,49,0.0770,0.61,0.59,+0.06,INDISTINCT,"epithet 29, midlen 20, suffix 12"
im77,grammar,arrow,box527,181,61,46,12,0.0002,0.57,0.52,+0.10,stat-only,"epithet 16, fish 12, numeral 9"
im77,grammar,jar,W400,1034,65,61,57,0.3361,0.68,0.64,+0.11,INDISTINCT,"conn 17, midlen 15, fish 10"
im77,grammar,W156+154/158,W400,107,65,24,9,0.0032,0.56,0.51,+0.11,INDISTINCT,"numeral 9, fish 9, midlen 3"
im77,grammar,W151,W400,59,65,21,14,0.0672,0.59,0.53,+0.12,INDISTINCT,"conn 10, midlen 4, opener 2"
im77,grammar,jar,none,1034,738,369,67,0.0002,0.64,0.56,+0.16,stat-only,"midlen 109, second 68, numeral 65"
im77,grammar,W151,none,59,738,200,10,0.0002,0.58,0.50,+0.17,stat-only,"midlen 171, numeral 17, quantity 7"
im77,grammar,jar,box527,1034,61,41,25,0.0780,0.64,0.53,+0.23,INDISTINCT,"suffix 9, midlen 8, numeral 7"
im77,grammar,jar,W156+154/158,1034,107,365,113,0.0002,0.74,0.65,+0.25,stat-only,"epithet 221, midlen 50, fish 47"
im77,grammar,W615/617,W595,37,13,44,13,0.0002,0.73,0.64,+0.25,stat-only,"second 27, midlen 6, numeral 5"
im77,grammar,W226,none,17,738,53,9,0.0002,0.63,0.49,+0.27,stat-only,"midlen 43, conn 5, quantity 4"
im77,grammar,arrow,W400,181,65,132,43,0.0002,0.75,0.65,+0.29,stat-only,"fish 66, conn 29, midlen 14"
im77,grammar,W226,W400,17,65,47,17,0.0006,0.71,0.59,+0.29,stat-only,"conn 21, numeral 14, midlen 8"
im77,grammar,W151,W156+154/158,59,107,78,24,0.0002,0.69,0.56,+0.30,DISTINCT,"fish 19, epithet 17, midlen 12"
im77,grammar,box527,W400,61,65,49,19,0.0002,0.71,0.59,+0.30,DISTINCT,"conn 24, fish 16, opener 5"
im77,grammar,W400,none,65,738,195,21,0.0002,0.70,0.57,+0.31,DISTINCT,"midlen 130, numeral 31, conn 13"
im77,grammar,W156+154/158,W226,107,17,87,22,0.0004,0.71,0.56,+0.34,DISTINCT,"epithet 42, conn 19, midlen 17"
im77,grammar,jar,W226,1034,17,110,21,0.0010,0.68,0.51,+0.35,size-only,"epithet 72, midlen 23, fish 5"
im77,grammar,W151,W226,59,17,56,15,0.0006,0.68,0.50,+0.36,DISTINCT,"epithet 31, midlen 7, numeral 7"
im77,grammar,arrow,W151,181,59,96,32,0.0002,0.74,0.58,+0.37,DISTINCT,"fish 43, epithet 19, midlen 18"
im77,grammar,W226,W700,17,269,395,219,0.0004,0.89,0.83,+0.38,DISTINCT,"midlen 113, conn 102, epithet 45"
im77,grammar,jar,W700,1034,269,2379,1520,0.0002,0.95,0.91,+0.44,DISTINCT,"epithet 994, midlen 584, numeral 396"
im77,grammar,W595,none,13,738,30,10,0.0072,0.73,0.51,+0.46,size-only,"midlen 10, numeral 7, conn 4"
im77,grammar,W156+154/158,none,107,738,298,28,0.0002,0.77,0.57,+0.46,DISTINCT,"midlen 211, quantity 22, second 19"
im77,grammar,box527,none,61,738,183,10,0.0002,0.74,0.51,+0.47,DISTINCT,"midlen 95, fish 34, numeral 26"
im77,grammar,W595,W400,13,65,19,16,0.1090,0.81,0.64,+0.47,size-only,"midlen 11, fish 3, second 3"
im77,grammar,box527,W226,61,17,66,13,0.0002,0.74,0.50,+0.47,DISTINCT,"epithet 32, midlen 11, numeral 11"
im77,grammar,W156+154/158,box527,107,61,124,40,0.0002,0.80,0.61,+0.48,DISTINCT,"fish 52, conn 26, epithet 17"
im77,grammar,W226,W236,17,12,32,11,0.0006,0.74,0.50,+0.48,DISTINCT,"midlen 11, epithet 8, numeral 5"
im77,grammar,arrow,W700,181,269,1234,808,0.0002,0.93,0.85,+0.52,DISTINCT,"fish 289, midlen 282, epithet 252"
im77,grammar,jar,arrow,1034,181,381,20,0.0002,0.76,0.50,+0.52,DISTINCT,"epithet 237, fish 90, suffix 28"
im77,grammar,W700,W595,269,13,393,343,0.0794,0.96,0.91,+0.53,size-only,"midlen 158, epithet 103, numeral 96"
im77,grammar,arrow,none,181,738,346,30,0.0002,0.80,0.56,+0.55,DISTINCT,"fish 210, midlen 62, second 28"
im77,grammar,arrow,W236,181,12,159,22,0.0002,0.84,0.65,+0.56,DISTINCT,"midlen 114, fish 19, suffix 7"
im77,grammar,W226,W595,17,13,34,11,0.0006,0.79,0.51,+0.56,DISTINCT,"conn 8, epithet 8, numeral 5"
im77,grammar,jar,W236,1034,12,500,27,0.0002,0.85,0.63,+0.60,DISTINCT,"midlen 472, conn 13, opener 5"
im77,grammar,arrow,W226,181,17,149,16,0.0002,0.81,0.53,+0.60,DISTINCT,"epithet 90, fish 30, midlen 19"
im77,grammar,W151,W615/617,59,37,95,33,0.0002,0.85,0.63,+0.60,DISTINCT,"second 53, midlen 21, numeral 7"
im77,grammar,W156+154/158,W595,107,13,39,18,0.0030,0.82,0.54,+0.62,size-only,"midlen 21, second 7, epithet 4"
im77,grammar,W151,W595,59,13,27,14,0.0124,0.83,0.54,+0.62,size-only,"midlen 12, fish 5, conn 4"
im77,grammar,jar,W595,1034,13,37,19,0.0540,0.83,0.54,+0.64,size-only,"midlen 9, fish 8, second 5"
im77,grammar,W615/617,none,37,738,92,23,0.0002,0.85,0.58,+0.65,DISTINCT,"second 71, quantity 6, conn 5"
im77,grammar,arrow,W156+154/158,181,107,306,89,0.0002,0.89,0.68,+0.66,DISTINCT,"fish 136, epithet 66, midlen 36"
im77,grammar,box527,W236,61,12,65,12,0.0002,0.84,0.54,+0.66,DISTINCT,"midlen 45, fish 5, conn 5"
im77,grammar,W151,W236,59,12,73,15,0.0002,0.84,0.53,+0.66,DISTINCT,"midlen 41, conn 12, suffix 7"
im77,grammar,W156+154/158,W700,107,269,715,411,0.0002,0.93,0.77,+0.68,DISTINCT,"epithet 287, numeral 173, midlen 154"
im77,grammar,W236,none,12,738,274,15,0.0002,0.87,0.57,+0.69,DISTINCT,"midlen 235, conn 16, opener 8"
im77,grammar,W615/617,W400,37,65,104,44,0.0002,0.91,0.69,+0.70,DISTINCT,"second 63, midlen 25, numeral 14"
im77,grammar,W700,W400,269,65,431,242,0.0002,0.94,0.81,+0.71,DISTINCT,"numeral 209, midlen 142, fish 46"
im77,grammar,arrow,W595,181,13,78,20,0.0006,0.90,0.62,+0.74,DISTINCT,"fish 33, midlen 17, conn 9"
im77,grammar,W236,W700,12,269,718,317,0.0002,0.96,0.83,+0.75,DISTINCT,"midlen 205, conn 168, epithet 98"
im77,grammar,W151,W700,59,269,702,314,0.0002,0.94,0.75,+0.76,DISTINCT,"epithet 221, numeral 174, midlen 108"
im77,grammar,W615/617,W700,37,269,721,506,0.0002,0.98,0.89,+0.78,DISTINCT,"second 226, midlen 196, epithet 184"
im77,grammar,W700,none,269,738,1361,500,0.0002,0.96,0.81,+0.80,DISTINCT,"midlen 850, numeral 190, second 83"
im77,grammar,box527,W700,61,269,893,480,0.0002,0.96,0.80,+0.80,DISTINCT,"epithet 230, numeral 195, fish 150"
im77,grammar,W226,W615/617,17,37,94,18,0.0002,0.91,0.57,+0.80,DISTINCT,"second 37, epithet 20, midlen 15"
im77,grammar,W156+154/158,W615/617,107,37,164,60,0.0002,0.94,0.69,+0.81,DISTINCT,"second 97, midlen 45, epithet 10"
im77,grammar,jar,W615/617,1034,37,224,21,0.0002,0.91,0.52,+0.81,DISTINCT,"second 170, fish 14, midlen 12"
im77,grammar,box527,W595,61,13,44,13,0.0002,0.92,0.58,+0.81,DISTINCT,"midlen 16, fish 12, conn 8"
im77,grammar,W236,W400,12,65,101,9,0.0002,0.91,0.49,+0.83,DISTINCT,"midlen 45, conn 38, opener 15"
im77,grammar,W156+154/158,W236,107,12,137,12,0.0002,0.91,0.47,+0.83,DISTINCT,"midlen 73, conn 37, opener 17"
im77,grammar,box527,W615/617,61,37,134,18,0.0002,0.96,0.57,+0.91,DISTINCT,"second 67, fish 20, midlen 18"
im77,grammar,W236,W595,12,13,47,12,0.0002,0.96,0.58,+0.91,DISTINCT,"conn 15, midlen 14, opener 9"
im77,grammar,arrow,W615/617,181,37,226,15,0.0002,0.96,0.53,+0.91,DISTINCT,"second 120, fish 61, conn 14"
im77,grammar,W615/617,W236,37,12,128,30,0.0002,0.97,0.65,+0.92,DISTINCT,"second 49, midlen 31, conn 22"
