source,level,element,n_texts,seal,tablet,sealing,pot,foreign,pen_seal,pen_tablet,pen_sealing,pen_pot,pen_H_tab_mould,pen_H_tab_inc,pen_H_seal,pen_MD_seal,seal_square,seal_bar,tab_moulded,tab_incised,MD,Harappa,head_jar,head_mjar,head_arrow,head_none,head_top,suffix_W400,numeral,quantity,fish,mjar_any,second_unit,len_mean,midlen_mean,unicorn_share_seals,seal_width_mm
Wells,seq_raw,op817,147,0.796,0.177,0.075,0.014,0.0,0.073,0.018,0.159,0.016,0.023,0.016,0.07,0.068,0.752,0.137,0.654,0.346,0.469,0.299,0.469,0.0,0.109,0.313,jarx69 nonex46 arrowx16 box527x6,0.0,0.313,0.122,0.279,0.0,0.061,4.79,2.27,0.701,28.1
Wells,seq_raw,op861,131,0.802,0.153,0.046,0.038,0.0,0.065,0.014,0.087,0.041,0.025,0.0,0.048,0.07,0.848,0.076,0.9,0.0,0.565,0.229,0.412,0.015,0.076,0.389,jarx54 nonex50 arrowx10 W151x5,0.015,0.298,0.145,0.412,0.038,0.153,5.24,2.73,0.798,27.9
Wells,seq_raw,op820,125,0.856,0.128,0.024,0.008,0.0,0.066,0.011,0.043,0.008,0.017,0.005,0.048,0.078,0.776,0.187,0.812,0.188,0.616,0.224,0.488,0.0,0.072,0.352,jarx61 nonex42 arrowx9 box527x4,0.016,0.36,0.208,0.368,0.0,0.064,5.44,2.98,0.833,29.1
Wells,seq_raw,op920,69,0.841,0.116,0.043,0.014,0.0,0.036,0.005,0.043,0.008,0.005,0.007,0.018,0.041,0.845,0.103,0.5,0.5,0.594,0.203,0.464,0.0,0.058,0.406,jarx32 nonex26 arrowx4 W156x2,0.058,0.261,0.072,0.29,0.623,0.739,6.03,3.62,0.827,28.4
Wells,seq_raw,op692,43,0.744,0.256,0.023,0.0,0.0,0.02,0.008,0.014,0.0,0.014,0.004,0.029,0.02,0.812,0.156,0.818,0.182,0.465,0.442,0.628,0.0,0.07,0.233,jarx27 nonex10 arrowx3 W226x2,0.0,0.14,0.023,0.419,0.047,0.163,5.35,2.79,0.741,32.6
Wells,seq_raw,op503,49,0.265,0.714,0.0,0.0,0.0,0.008,0.024,0.0,0.0,0.008,0.0,0.011,0.01,0.615,0.385,0.171,0.0,0.816,0.163,0.918,0.0,0.0,0.041,jarx45 nonex2 W154/158x2,0.143,0.204,0.02,0.041,0.0,0.673,3.98,1.88,0.875,26.7
Wells,seq_raw,op413,30,0.067,0.9,0.0,0.0,0.0,0.001,0.018,0.0,0.0,0.031,0.013,0.0,0.0,0.5,0.5,0.741,0.259,0.033,0.9,0.033,0.0,0.0,0.533,nonex16 W700x12 W226x1 jarx1,0.0,0.533,0.0,0.033,0.0,0.1,4.8,3.33,1.0,39.5
Wells,seq_raw,op501,29,0.0,1.0,0.0,0.0,0.0,0.0,0.02,0.0,0.0,0.045,0.0,0.0,0.0,0.0,0.0,1.0,0.0,0.0,1.0,0.0,0.0,1.0,0.0,arrowx29,0.0,0.0,0.0,1.0,0.0,0.0,5.0,3.0,0.0,
Wells,seq_raw,W2_conn,343,0.843,0.143,0.05,0.009,0.0,0.18,0.033,0.246,0.024,0.053,0.016,0.147,0.193,0.796,0.125,0.816,0.184,0.569,0.245,0.478,0.0,0.105,0.335,jarx164 nonex114 arrowx36 box527x11,0.003,0.335,0.166,0.37,0.006,0.117,5.43,2.98,0.764,28.8
Wells,seq_raw,W2_free,261,0.805,0.153,0.054,0.019,0.019,0.13,0.027,0.203,0.041,0.047,0.002,0.106,0.128,0.833,0.09,0.85,0.025,0.533,0.245,0.383,0.0,0.149,0.364,jarx100 nonex95 arrowx39 box527x9,0.0,0.372,0.138,0.421,0.031,0.192,6.22,5.37,0.788,30.6
Wells,seq_raw,W60_conn,112,0.866,0.134,0.027,0.0,0.0,0.06,0.01,0.043,0.0,0.014,0.009,0.04,0.066,0.835,0.134,0.667,0.333,0.58,0.223,0.509,0.0,0.089,0.321,jarx57 nonex35 arrowx10 W156x3,0.009,0.196,0.062,0.375,0.375,0.464,5.79,3.16,0.798,29.4
Wells,seq_raw,W60_free,68,0.779,0.191,0.0,0.0,0.044,0.033,0.009,0.0,0.0,0.008,0.005,0.037,0.028,0.849,0.132,0.462,0.538,0.471,0.279,0.485,0.0,0.088,0.353,jarx33 nonex23 arrowx6 box527x3,0.015,0.353,0.118,0.382,0.0,0.162,5.63,4.85,0.864,27.4
Wells,seq_raw,W1,159,0.774,0.164,0.088,0.038,0.031,0.076,0.018,0.203,0.049,0.013,0.009,0.066,0.072,0.585,0.244,0.308,0.192,0.553,0.214,0.327,0.006,0.038,0.547,nonex83 jarx52 arrowx6 W154/158x5,0.025,0.346,0.113,0.296,0.126,0.478,6.13,5.3,0.753,31.5
Wells,seq_raw,W31,171,0.678,0.17,0.012,0.105,0.023,0.072,0.02,0.029,0.146,0.02,0.026,0.066,0.067,0.793,0.129,0.517,0.483,0.433,0.316,0.281,0.006,0.076,0.497,nonex81 jarx48 arrowx13 W156x12,0.058,0.322,0.029,0.199,0.094,0.222,4.82,3.96,0.755,27.3
Wells,seq_raw,W32,392,0.421,0.536,0.018,0.033,0.003,0.102,0.143,0.101,0.106,0.149,0.148,0.114,0.103,0.776,0.176,0.495,0.39,0.349,0.541,0.321,0.003,0.031,0.327,nonex126 jarx126 W700x95 arrowx12,0.059,1.0,0.202,0.26,0.061,0.212,4.52,3.57,0.85,29.7
Wells,seq_raw,F220,307,0.658,0.316,0.052,0.02,0.02,0.125,0.066,0.232,0.049,0.064,0.062,0.117,0.126,0.762,0.139,0.526,0.361,0.479,0.365,0.45,0.0,0.212,0.267,jarx138 nonex77 arrowx65 box527x6,0.068,0.414,0.313,1.0,0.111,0.208,5.83,4.59,0.819,30.4
Wells,seq_raw,F240,281,0.537,0.441,0.007,0.004,0.0,0.094,0.085,0.029,0.008,0.124,0.047,0.106,0.105,0.828,0.132,0.718,0.21,0.448,0.477,0.562,0.0,0.249,0.132,jarx158 arrowx70 nonex32 box527x7,0.093,0.181,0.046,1.0,0.078,0.171,5.55,3.92,0.852,29.7
Wells,seq_raw,F235,194,0.639,0.335,0.015,0.021,0.005,0.077,0.044,0.043,0.033,0.039,0.011,0.073,0.086,0.798,0.153,0.554,0.092,0.619,0.273,0.598,0.01,0.103,0.206,jarx116 nonex39 arrowx20 box527x11,0.062,0.294,0.046,1.0,0.088,0.175,5.93,4.59,0.8,30.9
Wells,seq_raw,F233,147,0.741,0.245,0.02,0.0,0.0,0.068,0.025,0.043,0.0,0.02,0.005,0.07,0.072,0.771,0.193,0.389,0.083,0.612,0.238,0.483,0.0,0.224,0.211,jarx71 arrowx33 nonex30 box527x9,0.068,0.272,0.054,1.0,0.061,0.156,5.55,4.25,0.783,29.2
Wells,seq_raw,F231,71,0.704,0.296,0.0,0.0,0.0,0.031,0.014,0.0,0.0,0.006,0.007,0.048,0.029,0.84,0.16,0.19,0.19,0.577,0.296,0.437,0.0,0.169,0.282,jarx31 nonex20 arrowx12 box527x3,0.014,0.38,0.183,1.0,0.028,0.324,6.13,4.85,0.725,32.7
