head,wells,mahadevan,functional_group,reading,grade,would_support,would_kill
jar,W740,M342,open seal ending,ordinary closing word of a seal used to stamp goods; takes any qualifier,A (function); word C,new sealing batches keep the jar as commonest head on impressions (>=40% of headed sealing texts),"a new sealing batch (>=50 texts) with jar texts below chance on impressions, or its qualifier set splitting into closed sub-registers"
arrow,W520,M211,arrow fish-phrase head,closing word of a fish title: fish word (+ three) + arrow; on seals used to stamp goods,B,>=50% of new arrow texts carry a fish word; none takes W90/91,>=30 new arrow texts with fish <=35%
box527,W527/W526,M254,open seal ending (pincer/fish variant),variant of the ordinary seal ending used with the pincer or fish title; never with a numeral; Lothal-leaning,C,new box527 texts keep pincer/fish qualifiers and no numeral,>=3 new box527 texts with a numeral directly before it
W151,W151,M12,open seal ending (unstamped seals),"same ending as the jar, kept for seals not found stamped",B (= jar); C (unstamped gloss),still no W151 impression after the next ~200 sealings,">=3 W151 texts on new sealings, or a qualifier split from the jar at held-out sites"
W156,W156,M15,short fixed-epithet formula,short formula ending three + W156 with a one-word middle; incised tablets and small steatite seals,B,new incised tablets keep S3 + W156,W156 on a moulded tablet with the leaf-tree qualifier
W154/158,W154/W158,M15,short fixed-epithet formula,same formula ending as W156 with leaf-tree W806; moulded tablets and bar seals; Harappa,B,new Harappa moulded tablets with 806-154/158,incised W154/158 tablets taking the S3 epithet
W226,W226,M60,short fixed-epithet formula (small),short fixed title tall two + four-stroke fish closing Mohenjo-daro steatite seals,C,new W226 seals keep T2 before it,W226 seals with middles of >=3 signs in >=5 of the next 10
W236,W236,M66 (proposed),fixed connective formula (small),"opener + connective + W236 (+W400) with no middle: a fixed formula, not a personal seal",C,new W236 texts of <=3 signs with the connective,W236 after a free middle of >=2 signs in >=3 new texts
W615/617,W615/W617,M245 (proposed),open seal ending (copper/bar form),man-with-staff phrase ending 142 + 617; copper-tablet and bar-seal form of the ordinary ending; Mohenjo-daro,C,new copper tablets ending 142-615/617,W615/617 with the T3 or S3 epithet
W700,W700,M328,tablet count unit,counted unit of the Harappa tablets: tall 2-4 + W700 = so many units; not a seal ending,A (function); word C,any new Harappa tablet ending in W700 has a tall numeral before it,a set of W700 seals with free middles
W595,W595,M252,unresolved (underpowered),"rare seal closer replacing the jar (pre-closer, S288)",C,new W595 seals without the jar,W595 + jar in the same text in >=2 new finds
mjar,W741/742/745,M343-345,not a head,the jar as a member inside a compound (96% of tokens medial),B,-,>=10 new texts ending in a marked jar
W400,W400,M176,headed text minus head,"a headed text with the head left off, closed only by the receipt suffix; a tablet word",B,new W400-only tablets match headed tablet texts minus the head,a W400-only text type with its own qualifier set
W90/91,W90/W91,M1,jar-only person suffix,person suffix after the jar only (97 vs 72; 0 after other heads),B (function); meaning C,-,W90/91 after the arrow or W700 in >=3 new texts
none,-,-,list and count register,"long middles, numerals, quantity phrases, second units; pots, bangles, copper tablets, foreign seals",B,new Gulf seals keep no-head above 50%,a held-out site where no-head texts are short and numeral-free
