id,tier,site,object,find_context,signs_W,confidence_per_sign,reading_direction_note,n_signs_read,image_or_text_only,source_publication,source_page_or_figure,source_url,loop36_reading,mirror_reread_agreement,notes
CMA-1973.161,B-museum-unprovenanced,Unknown (dealer William H. Wolff New York; sold 1973),square steatite stamp seal 3.5 x 3.6 cm; unicorn + standard; top-right corner chipped,none (bought 1973),1-902-927-415-685-740,C-C-B-B-B-B,seal face read left-to-right (= impression right-to-left); jar last,6,photo (CC0 TIFF 4058 px; loop47_images/cma_1973.161_full.tif),Cleveland Museum of Art open-access record 1973.161; Bulletin CMA 61 (1974) no. 194 p. 79; Handbook 1978 p. 286; Masterworks of Asian Art 1998 pp. 106-107,object photo,https://openaccess-cdn.clevelandart.org/1973.161/1973.161_full.tif,?-435-923-415-690-740,6/6 same families from the mirrored sheet,sign 1 a tall slightly bowed stroke beside the horn tip (the 'Y curl' of loop 36 is horn + stroke); 2 a hook with an inner curl (W902/903 family; not the Z-hook W435); 3 two parallel S-curves = W927 (not the single chevron W923); 4 rake with 7 teeth on a T-stem (W415/416); 5 six-armed asterisk (W685; loop 36 W690 = X with ticks is the S-DARK-24 685/690 shape pair); 6 jar with one ear visible and the other in the chip (W740). No repeat.
CMA-1964.104,B-museum-unprovenanced,Unknown (Museum of Fine Arts Boston; to Cleveland by exchange 1964),square steatite stamp seal 2.5 x 2.5 cm; unicorn + standard; upper-right corner lost,none,690-706-33-832-?,C-C-B-C-?,seal face read left-to-right; last sign broken,4,photo (CC0 TIFF 2578 px; loop47_images/cma_1964.104_full.tif),Cleveland Museum of Art open-access record 1964.104 (no citations listed),object photo,https://openaccess-cdn.clevelandart.org/1964.104/1964.104_full.tif,645-700-33-790-?,4/4 same families from the mirrored sheet,sign 1 X with two small barbs on the upper arms (W690-694 family; plain X W645 is the S-DARK-24 shape neighbour); 2 a U with ONE central stroke hanging from the rim (W706 / W703; NOT the two-dot cup W700 of loop 36); 3 three tall strokes; 4 a POINTED oval with a short central dash (W832 family; W790 is the plain round oval); 5 two diagonal strokes at the break (W479-like) unread
CMA-1973.160,B-museum-unprovenanced,Unknown (dealer William H. Wolff New York; sold 1973),square steatite stamp seal 3.2 x 3.2 cm; zebu bull,none,615-90-615-793-400,B-A-B-B-B,seal face read left-to-right,5,photo (CC0 TIFF 2527 px; loop47_images/cma_1973.160_full.tif),Cleveland Museum of Art open-access record 1973.160; Bulletin CMA 61 (1974) no. 193 p. 79; Handbook 1978 p. 286; A Cleveland Bestiary 1981 p. 31; Masterworks of Asian Art 1998 pp. 106-107,object photo,https://openaccess-cdn.clevelandart.org/1973.160/1973.160_full.tif,617-90-617-838-423,5/5 from the mirrored sheet,signs 1 and 3 are each a SINGLE grid of 3 columns x 8 raised squares; identical in form and size (loop 36 coded each as the doubled grid W617; Wells W617 = two grids side by side; here the grids are separated by the person). Sign 4 = two brackets enclosing a leaf with a stem = W793 (bracketed oval) rather than W838 + separate brackets; sign 5 a comb of 7 teeth (W400/402). The repeat 615 .. 615 is real: the two grids are identical.
MET-49.40.1,B-museum-unprovenanced,Unknown (Dodge Fund 1949),square steatite stamp seal 3.8 x 3.8 cm; unicorn + standard; with modern impression,none,1-503-861-1,B-A-A-C,modern impression read right-to-left,4,photo (Met open access 2003 px DP23101; loop47_images/met_49.40.1_DP23101.jpg; 143690 is the reverse with boss),Metropolitan Museum of Art 49.40.1 (objectID 324062),primary image DP23101,https://images.metmuseum.org/CRDImages/an/original/DP23101.jpg,1-503-861-1,4/4 from the mirrored sheet,sign 1 (next to the horn on the impression) a plain tall stroke; sign 4 (impression left end) a tall stroke whose top is lost in a chip on the seal face; a faint groove runs from its top up-left on the seal (= up-right on the impression) and may be a branch (W64/W65) or a crack. The two strokes are the same height; identical if the groove is a crack. W503 hatched triangle and W861 diamond-with-chevron are clear.
MET-49.40.2,B-museum-unprovenanced,Unknown (Dodge Fund 1949),square steatite stamp seal 3.8 cm; water buffalo + manger,none,811-?-?-741,C-?-?-C,modern impression read right-to-left (oval end first),4,photo (Met open access 389 px only),Metropolitan Museum of Art 49.40.2 (objectID 324063),primary image ss49_40_2,https://images.metmuseum.org/CRDImages/an/original/ss49_40_2.jpg,811-?-?-741,4/4 (shapes only),oval with inner arrow (W811); a stemmed star with four hatched arms (no font match); a stemmed hook with a curl (no font match); U with three ticks on the rim (W741/745). Unchanged from loop 36; photo too small
MET-49.40.3,B-museum-unprovenanced,Unknown (Dodge Fund 1949),stamp seal fragment 3.9 cm; unicorn; upper right lost,none,?-1-690-452-400,?-C-C-C-B,modern impression read right-to-left; first sign lost,4,photo (Met 346 px),Metropolitan Museum of Art 49.40.3 (objectID 324064),primary image ss49_40_3,https://images.metmuseum.org/CRDImages/an/original/ss49_40_3.jpg,?-1-680-452-400,4/4,tall stroke beside the break (could be the remnant of a longer sign); X with small ticks (W690 rather than the dotted X W680); M-shaped zigzag W452; comb W400 at the text end. No repeat
MET-49.40.4,B-museum-unprovenanced,Unknown (Dodge Fund 1949),bar-shaped rectangular seal 3.4 x 1.9 cm; script only,none,690-441-1-741,C-C-C-C,modern impression read right-to-left,4,photo (Met 338 px),Metropolitan Museum of Art 49.40.4 (objectID 324065),primary image ss49_40_4,https://images.metmuseum.org/CRDImages/an/original/ss49_40_4.jpg,680-1-441-745,4/4 (order of signs 2-3 differs from loop 36),impression left-to-right shows U-with-ticks | tall stroke | arch | X-with-ticks, so right-to-left X - arch - stroke - jar (loop 36 had stroke before arch). No repeat
SINDH-MM-2831,B-museum (Mohenjo-daro museum; CISI coverage likely),Mohenjo-daro (site museum),square steatite stamp seal; unicorn + standard,museum display (no accession given on page),?-902-515-435-62,?-C-C-C-C,seal face read left-to-right,4,photo (1170x420 banner; seal ~250 px wide; loop47_images/sindh_IMG_2831-1170x420-1.jpg),Directorate General of Antiquities Sindh online exhibition 'Seal depicting unicorn and 5 pictographs',IMG_2831,https://antiquities.sindhculture.gov.pk/online_exhibition/seal-depicting-unicorn-and-5-pictographs-with-perforated-boss-on-the-reverse-rectangular-shaped/,371-435-520-64-435,4/4 families (mirror reading: hook / arrow / Z-hook / lambda),the three hook-like signs are three different shapes: sign 2 a hook with an inner loop ('9'; W902/903 or W368 family), sign 4 an angular '4'/Z (W435/436), sign 5 a lambda (tall diagonal with a short diagonal from its top; W61/62/67). Loop 36 read 2 and 5 both as W435: the repeat was a misreading of two shape-similar hooks. Sign 3 an arrow with a two-line head on a long shaft (W515 rather than the triangle-headed W520). Sign 1 under glare at the left edge: unread
UMMA-TJ17-PRO-S56,A-excavated post-corpus (surface survey 2017),Tell Jokha (Umma) Iraq,broken square stamp seal; incised signs; part of an animal,SAHI 2017 surface survey TJ17-PRO-S56 (S240),?-803-?,C-B-?,seal face read left-to-right; rest broken away,2,photo (SAHI report),SAHI 2017 Tell Jokha report p. 59 and p. 74 (S240),report photo,data/images/tell-jokha-TJ17-PRO-S56.jpg,?-803-?,not re-read (no new image),unchanged from loop 36
BINJOR-4MSR-TC,A-excavated post-corpus (2014-17),Binjor (4MSR) Rajasthan,terracotta square seal; script only; pierced boss,late Mature Harappan levels (S258),90-32-93,B-C-B,seal face read left-to-right (impression mirror),3,photo (ASI 2016 brochure back cover),ASI Excavation Branch II 2016 Binjor brochure; Manjul & Manjul 2021 Asokasri I pp. 3-7,back cover,data/images/binjor-4MSR-terracotta-seal-asi2016.png,90-32-93,not re-read (no new image),unchanged from loop 36
SALUT-ST1-JAR,A-excavated post-corpus (2015),Salut ST1 Oman,local jar stamped twice before firing,ditch around tower ST1 (S257),861-362,B-C,impression on the jar,2,photo (Ocnus 27 fig. 19),Frenez et al. 2016 PSAS 46 fig. 10; Degli Esposti et al. Ocnus 27 fig. 19,fig. 19,data/images/salut-ST1-jar-impression-ocnus27-fig19.png,861-362,not re-read,duplicate of Mohenjo-daro M-1367 (corpus 362-861); unchanged
