id,tier,site,object,find_context,signs_W,confidence_per_sign,reading_direction_note,n_signs_read,image_or_text_only,source_publication,source_page_or_figure,source_url,notes
CMA-1973.161,B-museum-unprovenanced,Unknown (dealer W. H. Wolff; said Pakistan),square steatite stamp seal; unicorn + standard,none (bought 1973),?-435-923-415-690-740,C-C-B-A-B-A,seal face read left-to-right (= impression right-to-left); jar last,6,photo (CC0 3400 px),Cleveland Museum of Art open-access record 1973.161,object photo,https://openaccess-cdn.clevelandart.org/1973.161/1973.161_print.jpg,first sign a Y-like curl with top tick (unidentified; W64 family?); sign 2 a C-shaped hook read as W435 only by analogy with the 435-690 title
CMA-1964.104,B-museum-unprovenanced,Unknown (ex MFA Boston exchange 1964),square steatite stamp seal; unicorn + standard; upper right corner lost,none,645-700-33-790-?,C-B-B-B-?,seal face read left-to-right; last sign broken,4,photo (CC0 3400 px),Cleveland Museum of Art open-access record 1964.104,object photo,https://openaccess-cdn.clevelandart.org/1964.104/1964.104_print.jpg,sign 1 an X standing on two legs (W645 family); 700-33 is the tablet voucher pair in reversed order
CMA-1973.160,B-museum-unprovenanced,Unknown (dealer W. H. Wolff),square steatite stamp seal; zebu bull,none,617-90-617-838-423,B-A-B-C-C,seal face read left-to-right,5,photo (CC0 3400 px),Cleveland Museum of Art open-access record 1973.160,object photo,https://openaccess-cdn.clevelandart.org/1973.160/1973.160_print.jpg,sign 4 is an oval with a central line enclosed in two curved brackets (coded as one sign W838; could be W899-838-900); sign 5 four tall strokes with diagonal ticks (W422/423 family)
MET-49.40.1,B-museum-unprovenanced,Unknown (Dodge Fund 1949),square steatite stamp seal; unicorn + standard; with modern impression,none,1-503-861-1,B-A-A-B,modern impression read right-to-left,4,photo (Met open access 2000 px + 3783 px),Metropolitan Museum of Art 49.40.1 (objectID 324062),primary image DP23101 and 143690,https://images.metmuseum.org/CRDImages/an/original/DP23101.jpg,two single tall strokes flank a hatched triangle and a diamond; the stroke height is between W1 (tall) and W31 (short)
MET-49.40.2,B-museum-unprovenanced,Unknown (Dodge Fund 1949),square steatite stamp seal; water buffalo + manger,none,811-?-?-741,C-?-?-C,modern impression read right-to-left (fish end first),4,photo (Met open access 389 px only),Metropolitan Museum of Art 49.40.2 (objectID 324063),primary image ss49_40_2,https://images.metmuseum.org/CRDImages/an/original/ss49_40_2.jpg,sign 1 an oval with an inner arrow (W811 family); sign 2 a stemmed cross with hatched arms (no font match); sign 3 a flagged U; sign 4 a U with inner tick (marked jar family); photo too small for more than C
MET-49.40.3,B-museum-unprovenanced,Unknown (Dodge Fund 1949),stamp seal fragment; unicorn; upper right lost,none,?-1-680-452-400,?-B-C-C-B,modern impression read right-to-left; first sign lost,4,photo (Met 346 px),Metropolitan Museum of Art 49.40.3 (objectID 324064),primary image ss49_40_3,https://images.metmuseum.org/CRDImages/an/original/ss49_40_3.jpg,comb W400 at the text end; an X with small ticks and an M-shaped zigzag precede it
MET-49.40.4,B-museum-unprovenanced,Unknown (Dodge Fund 1949),bar-shaped rectangular seal; script only,none,680-1-441-745,C-B-C-C,modern impression read right-to-left,4,photo (Met 338 px),Metropolitan Museum of Art 49.40.4 (objectID 324065),primary image ss49_40_4,https://images.metmuseum.org/CRDImages/an/original/ss49_40_4.jpg,X-with-ticks; tall stroke; arch (n-shape); U with ticks at the top (marked jar family)
SINDH-MM-2831,B-museum (Mohenjo-daro museum; CISI coverage likely),Mohenjo-daro (site museum),square steatite stamp seal; unicorn + standard,museum display (no accession given on page),371-435-520-64-435,C-C-A-C-C,seal face read left-to-right,5,photo (1170x420 banner crop),Directorate General of Antiquities Sindh online exhibition 'Seal depicting unicorn and 5 pictographs',IMG_2831,https://antiquities.sindhculture.gov.pk/online_exhibition/seal-depicting-unicorn-and-5-pictographs-with-perforated-boss-on-the-reverse-rectangular-shaped/,likely a CISI object already in the corpus under another reading; no exact or near match found with this reading
UMMA-TJ17-PRO-S56,A-excavated post-corpus (surface survey 2017),Tell Jokha (Umma) Iraq,broken square stamp seal; incised signs; part of an animal,SAHI 2017 surface survey TJ17-PRO-S56 (S240),?-803-?,C-B-?,seal face read left-to-right; rest broken away,2,photo (SAHI report; data/images/tell-jokha-TJ17-PRO-S56.jpg),SAHI 2017 Tell Jokha report p. 59 and p. 74 (S240),report photo,data/images/tell-jokha-TJ17-PRO-S56.jpg,sign 1 an arch on two legs with a base (no clean font match; W315/W440 family); sign 2 oval with an inner branch = leaf-tree W803
BINJOR-4MSR-TC,A-excavated post-corpus (2014-17),Binjor (4MSR) Rajasthan,terracotta square seal; script only; pierced boss,late Mature Harappan levels (S258),90-32-93,B-C-B,seal face read left-to-right (impression mirror),3,photo (ASI 2016 brochure back cover; data/images/binjor-4MSR-terracotta-seal-asi2016.png),ASI Excavation Branch II 2016 Binjor brochure; Manjul & Manjul 2021 Asokasri I pp. 3-7,back cover,data/images/binjor-4MSR-terracotta-seal-asi2016.png,middle sign two tall strokes with top ticks (W32 tall-2 or an unlisted form); person signs on both sides
BINJOR-4MSR-UNICORN,A-excavated post-corpus (2014-17),Binjor (4MSR) Rajasthan,steatite square seal; unicorn + standard,early Mature Harappan levels,?-?-32-?-?,?-?-C-?-?,seal face read left-to-right; about 5 signs,1,photo too coarse (ASI brochure),ASI Excavation Branch II 2016 Binjor brochure,back cover,data/images/binjor-4MSR-unicorn-seal-asi2016.png,unreadable beyond a pair of tall strokes and two figure-like signs; needs the Manjul & Manjul 2021 plate
SALUT-ST1-JAR,A-excavated post-corpus (2015),Salut ST1 Oman,local jar stamped twice before firing,ditch around tower ST1 (S257),861-362,B-C,impression on the jar; two signs plus bison-combat scene,2,photo (Ocnus 27 fig. 19; data/images/salut-ST1-jar-impression-ocnus27-fig19.png),Frenez et al. 2016 PSAS 46 fig. 10; Degli Esposti et al. Ocnus 27 fig. 19,fig. 19,data/images/salut-ST1-jar-impression-ocnus27-fig19.png,same design as Mohenjo-daro M-1367 (corpus 362-861): counted as a duplicate text not a new one
RGR-4-LEAD-INGOT,A-excavated post-corpus (1997-2000; published 2015),Rakhigarhi mound RGR-4,lead ingot with signs on two faces,Nath 2015 report fig. 14 (S159 S162),220-?,C-?,unknown,1,photo (report tracing; data/images/rakhigarhi-lead-ingot-nath2015-fig14.jpg),Nath 2015 Excavations at Rakhigarhi 1997-2000 pp. 380-381 fig. 14,fig. 14,data/images/rakhigarhi-lead-ingot-nath2015-fig14.jpg,only the fish is a confident identification; not usable
GADD1932-UR-3,A-excavated (Ur 1930-31; U.17342; BM 122946) not in corpus,Ur Iraq,button stamp seal; half preserved; Indus inscription,no context (Gadd 1932 no. 3),,,unknown,0,no usable image: the archive.org scan of Gadd 1932 (in.gov.ignca.33779) has blank plate pages; Commons/BM downloads rate-limited (HTTP 429),Gadd 1932 Proc. Brit. Acad. 18 pl. I no. 3; Laursen 2010 fig. 11 no. 17,pl. I no. 3,https://archive.org/details/in.gov.ignca.33779,known missing from the corpus (tools/gulf_seals.py MISSING list); 4-5 signs; needs the BM photo (museum no. 122946)
GADD1932-UR-15,A-excavated (Ur) not in corpus,Ur Iraq,round stamp seal with Indus signs,no context (Gadd 1932 no. 15),,,unknown,0,no usable image (same scan problem),Gadd 1932 pl. I no. 15; Laursen 2010 fig. 11 no. 20,pl. I no. 15,https://archive.org/details/in.gov.ignca.33779,known missing from the corpus; 3 signs
SW2014-PLATE-3,C-unprovenanced private (authenticity untested),Pakistan private collections,large copper plate; 9 mirrored characters in two rows; no animal,none,?-615-690-503/400-?-?-700-923,C-C-C-C-C-C-C-C,plate photographed as object; characters mirrored; order unknown (two rows),9,photo (article fig. 2; 890 px),Shinde & Willis 2014 Ancient Asia 5 art. 1 fig. 2 top right,fig. 2,https://ancient-asia-journal.com/upload/1/volume/Vol.%205%20(2014)/Paper/63-1-725-1-10-20141008.pdf,row 1: hook; hatched grid box with cross; starred X; hatched triangle; row 2: comb E; crossed box with arrow; hook; hatched U; S-curve. Sign forms are Indus-like but the hatched-box-with-cross and crossed-box forms are not in the Wells list
SW2014-PLATE-4,C-unprovenanced private,Pakistan private collections,large copper plate; 7 bold mirrored characters in two rows,none,?-?-625/?-?-645-923-415,C-C-C-C-C-C-C,two rows; order unknown,7,photo (fig. 2 middle left; heavily corroded),Shinde & Willis 2014 fig. 2,fig. 2,same PDF,only the square (W625 family) and S-curve/rake pair are even tentatively identifiable
SW2014-PLATE-1,C-unprovenanced private,Pakistan private collections,large copper plate; horned seated figure; 34 characters in 5 lines,none,(not transcribed),,five lines of about 7 signs; 813 px photo insufficient (S170),0,photo (fig. 10; 813 px),Shinde & Willis 2014 fig. 10,fig. 10,same PDF,a sign-by-sign reading needs the authors' original photographs
SW2014-PLATE-9,C-unprovenanced private,Pakistan private collections,copper plate; elephant; one line of about 9 characters,none,790-?-?-371-200-495-?-?-435,C-?-?-C-C-C-?-?-C,one line; mirrored; order unknown,5,photo (fig. 2 bottom right; 270 px wide strip),Shinde & Willis 2014 fig. 2,fig. 2,same PDF,too small for a reliable reading
SW2014-PLATE-6,C-unprovenanced private,Pakistan private collections,copper plate; zebu; one line of about 6 characters,none,904-34-?-?-790-?,C-C-?-?-C-?,one line; mirrored,3,photo (fig. 2 middle right; 315 px strip),Shinde & Willis 2014 fig. 2,fig. 2,same PDF,too small for a reliable reading
VAM-IS.8A-1951,B-museum-unprovenanced,Unknown (D. H. Gordon collection 1951),narrow script-only seal fragment; 3 characters remain,none,(not transcribed),,,0,photo (V&A IIIF 1500 px; object only 7 mm wide in frame),Victoria and Albert Museum IS.8A-1951 (O25177),collection record,https://framemark.vam.ac.uk/collections/2019MF4216/full/1500%2C/0/default.jpg,image too small and dark to read
