level,head,n,n_ge2,seal,tablet,sealing,pot,bangle,foreign,seal_square,seal_bar,seal_round,tab_moulded,tab_incised,tab_copper,MD,Harappa,Dholavira,Kalibangan,Lothal,opener,suffix_W400,suffix_W90,numeral,fixed12,fish,quantity,second_unit,midlen_mean,epithet_top,qual_distinct,qual_top,unicorn_share_seals,steatite_share,seal_width_mm
seq_all,jar,1191,1182,0.562,0.404,0.032,0.02,0.002,0.003,0.795,0.135,0.006,0.518,0.308,0.175,0.483,0.389,0.019,0.018,0.036,0.206,0.143,0.082,0.251,0.023,0.362,0.073,0.159,3.19,T2x49 S7x8 S6x4,153,W176x99 W760x78 W100x77 W390x61 W32x49,0.8,0.655,27.9
seq_all,mjar,9,7,0.222,0.333,0.0,0.444,0.0,0.0,0.5,0.5,0.0,0.667,0.333,0.0,0.222,0.556,0.0,0.0,0.0,0.286,0.143,0.0,0.143,0.0,0.286,0.0,0.143,2.0,T2x1,6,W861x2 W717x1 W32x1 W390x1 W440x1,1.0,0.167,31.0
seq_all,arrow,223,223,0.65,0.345,0.018,0.004,0.0,0.004,0.862,0.076,0.0,0.753,0.247,0.0,0.426,0.435,0.031,0.022,0.022,0.188,0.054,0.0,0.291,0.004,0.726,0.076,0.103,3.08,T3x45 S3x1,26,W220x50 W33x45 W240x43 W233x22 W70x12,0.746,0.805,27.0
seq_all,W151,64,63,0.766,0.188,0.0,0.031,0.0,0.0,1.0,0.0,0.0,0.667,0.333,0.0,0.516,0.266,0.062,0.047,0.031,0.127,0.063,0.0,0.206,0.032,0.19,0.032,0.238,2.46,T3x2 S7x1 T2x1,34,W740x7 W97x6 W390x5 W61x5 W229x3,0.83,0.782,24.3
seq_all,W156,86,83,0.453,0.5,0.023,0.023,0.0,0.0,0.923,0.0,0.026,0.163,0.837,0.0,0.314,0.593,0.023,0.0,0.035,0.072,0.169,0.0,0.494,0.0,0.036,0.0,0.048,1.43,S3x36 S5x2 S9x1,17,W3x36 W435x12 W31x8 W176x7 W142x4,0.833,0.88,22.0
seq_all,W154/158,65,65,0.446,0.477,0.0,0.077,0.0,0.0,0.345,0.655,0.0,0.806,0.194,0.0,0.246,0.677,0.031,0.015,0.031,0.046,0.338,0.0,0.262,0.0,0.077,0.015,0.123,2.37,S3x7 S4x1 S5x1,23,W803x28 W3x7 W904x4 W388x2 W440x2,1.0,0.571,26.8
seq_all,box527,56,56,0.732,0.196,0.0,0.036,0.0,0.0,0.829,0.171,0.0,0.545,0.455,0.0,0.536,0.286,0.0,0.0,0.125,0.232,0.036,0.0,0.071,0.036,0.536,0.018,0.143,2.91,,9,W550x25 W555x16 W554x6 W388x4 W740x1,0.812,0.833,27.2
seq_all,W226,22,20,0.682,0.227,0.0,0.091,0.0,0.0,0.933,0.067,0.0,0.2,0.8,0.0,0.591,0.182,0.0,0.045,0.0,0.25,0.2,0.0,0.5,0.0,0.15,0.0,0.15,2.4,T2x7 S3x2 S4x1,9,W32x7 W3x2 W803x2 W415x2 W14x1,0.846,0.938,28.6
seq_all,W615/617,43,43,0.488,0.512,0.0,0.0,0.0,0.023,0.571,0.429,0.0,0.409,0.045,0.545,0.744,0.209,0.023,0.0,0.0,0.093,0.023,0.0,0.465,0.0,0.047,0.047,0.163,2.98,S6x2,11,W142x24 W550x5 W243x4 W831x2 W16x2,0.917,0.472,26.7
seq_all,W236,15,14,0.6,0.4,0.133,0.0,0.0,0.0,0.778,0.0,0.0,0.667,0.333,0.0,0.2,0.467,0.0,0.0,0.133,0.357,0.429,0.0,0.071,0.0,0.357,0.0,0.0,1.36,,6,W2x5 W220x3 W140x1 W233x1 W803x1,0.625,0.545,27.4
seq_all,W700,364,358,0.016,0.967,0.0,0.014,0.0,0.0,0.167,0.667,0.167,0.506,0.494,0.0,0.003,0.989,0.0,0.003,0.003,0.014,0.0,0.0,0.972,0.0,0.006,0.003,0.022,1.21,T3x135 T4x109 T2x94,15,W33x135 W34x109 W32x94 W36x3 W125x3,0.2,0.523,15.5
seq_all,W595,10,10,0.9,0.1,0.0,0.0,0.0,0.0,0.556,0.444,0.0,0.0,0.0,1.0,0.5,0.5,0.0,0.0,0.0,0.0,0.1,0.0,0.1,0.0,0.0,0.0,0.4,3.1,,7,W420x3 W820x2 W641x1 W140x1 W630x1,0.8,0.9,40.0
seq_all,W400,82,82,0.341,0.634,0.0,0.024,0.0,0.012,0.786,0.143,0.036,0.673,0.327,0.0,0.341,0.634,0.0,0.0,0.0,0.049,1.0,0.0,0.159,0.037,0.146,0.012,0.159,2.33,,0,,0.727,0.543,23.8
seq_all,W90/91,11,11,0.909,0.091,0.0,0.0,0.0,0.091,0.7,0.2,0.1,0.0,1.0,0.0,0.364,0.273,0.273,0.0,0.0,0.091,0.0,1.0,0.182,0.091,0.091,0.0,0.182,2.73,,0,,0.875,1.0,27.5
seq_all,none,1297,1059,0.458,0.329,0.018,0.136,0.029,0.012,0.756,0.172,0.025,0.412,0.358,0.23,0.41,0.392,0.025,0.054,0.028,0.164,0.0,0.0,0.484,0.019,0.165,0.15,0.309,3.64,,0,,0.71,0.537,27.6
