site,lat,lon,river,elev_m,elev_class,dist_coast_modern_km,dist_coast_harappan_km,dist_md_km,dist_hp_km,uncertain,note
Harappa,30.63,72.87,Indus,170,high,845,771,588,0,0,"Ravi (Indus system), Punjab plain"
Mohenjo-daro,27.33,68.14,Indus,45,low,262,262,0,588,0,"Indus right bank, Sindh"
Dholavira,23.89,70.21,Gujarat,15,low,105,28,435,794,0,"Khadir island, Great Rann of Kutch; the Rann was a shallow marine inlet in the 3rd millennium"
Lothal,22.52,72.25,Gujarat,5,low,44,44,676,904,0,"Bhogavo/Sabarmati, head of the Gulf of Khambhat"
Kalibangan,29.47,74.13,Ghaggar,175,high,812,702,632,177,0,"Ghaggar left bank, Rajasthan"
Chanhu-daro,26.17,68.33,Indus,35,low,192,192,130,666,0,"Indus left bank (Nawabshah), Sindh"
Nausharo,29.45,67.63,Indus,150,high,459,459,241,521,0,"Kachi plain, Bolan river piedmont (Indus system)"
Banawali,29.6,75.39,Ghaggar,210,high,858,778,752,268,0,"Ghaggar/Sarasvati palaeochannel, Haryana"
Allahdino,24.93,67.42,Coast,20,low,43,43,276,830,0,"Malir river near Karachi, 15 km from the sea"
Rakhigarhi,29.28,76.11,Ghaggar,220,high,852,793,810,346,0,"Drishadvati palaeochannel, Haryana"
Lakhanjo-daro,27.72,68.85,Indus,65,mid,340,340,82,507,1,"Sukkur, Sindh; location approximate"
Kot-Diji,27.34,68.71,Indus,50,mid,300,300,56,545,0,"Indus left bank, Khairpur, Sindh"
Bala-kot,25.42,66.73,Coast,10,low,13,13,255,836,0,"Las Bela, near Sonmiani Bay (Makran coast)"
Farmana,29.04,76.31,Ghaggar,220,high,836,787,823,376,0,"Rohtak district, Haryana (Drishadvati)"
Kanmer,23.37,70.87,Gujarat,25,low,75,14,519,831,0,"eastern Kutch, Little Rann margin"
Surkotada,23.62,70.84,Gujarat,30,low,93,26,494,805,0,eastern Kutch
Shikarpur,23.17,70.43,Gujarat,10,low,28,28,517,864,1,"Shikarpur (Kutch, Bhachau taluka), Gulf of Kutch; taken as the Gujarat site, not Shikarpur in Sindh"
Amri,26.17,68.01,Indus,40,low,164,164,130,687,0,"Indus right bank, Dadu, Sindh"
Bhirrana,29.55,75.55,Ghaggar,200,high,858,783,765,284,0,"Ghaggar palaeochannel, Fatehabad, Haryana"
Gola Dhoro (Bagasra),23.07,70.62,Gujarat,10,low,35,35,535,870,0,Gulf of Kutch coast
Rupar,30.97,76.53,Indus,260,high,1040,966,909,352,0,Sutlej at the Shivalik foothills (Indus system; often grouped with the Ghaggar region)
Ur,30.96,46.1,Abroad,10,low,1718,1718,2174,2551,0,Mesopotamia; excluded from Indus gradients
