seal_no,site,concordance,sequence_glyph_coding,match_source,confidence,note,motif,found_abroad
1,Indus Valley (Chanhu-daro),Mackay 1943 pl. LI/23; CISI C-32,632-390-400-375,"merged corpus (Chanhu-daro, C-32)",probable,drawing has one extra final stroke,Bull1:W,False
2,"Indus Valley (Mohenjo-daro), Group 3 shape",Marshall 1931 pl. CX/309; CISI M-416,16-405-1-255-324,"merged corpus (Mohenjo-daro, M-416)",confirmed,,Gaur,False
3,Indus Valley (Mohenjo-daro),Marshall 1931 pl. CXIV/478; CISI M-1369,820-60-2-832-140-592-55,"merged corpus (Mohenjo-daro, M-1369)",confirmed,,,False
4,Indus Valley (Mohenjo-daro),Marshall 1931 pl. CXII/383; CISI M-417,140,"merged corpus (Mohenjo-daro, M-417)",probable,fragment; drawing shows an extra stroke before the figure,Comp,False
5,Indus Valley (Mohenjo-daro),Mackay 1937-38 pl. XCVI/500; CISI M-415,832-256,"merged corpus (Mohenjo-daro, M-415)",probable,drawing has an extra oblique stroke,Gaur,False
6,Bahrain,Kjaerum 1994 fig. 1726,,"missing: Fig. 11 no. 6 / Fig. 9: fragment, only twins legible",missing,,,True
7,Bahrain (Saar?),Kjaerum 1994 fig. 1725,190-60-55-90-160,merged corpus (Qala'at al-Bahrain),uncertain,"drawing order reversed vs corpus; drawing ends in twins, corpus in 90+160; block drawn 2x4",Gaur,True
8,Bahrain,Srivastava 1991 fig. 55,91-31-455-220,merged corpus (Karzakan),confirmed,,Gaur,True
9,Bahrain,Al-Sindi 1999 no. 182,55-220-91-1-93-31,merged corpus (Saar),probable,"stroke block drawn as 2x4 (8) in Laursen, coded W55 (12) in corpus",,True
10,Bahrain (Janabiyah),this article (Laursen 2010 fig. 1a),71-31-831-55-121-99-55,merged corpus (Janabiyah),probable,"last block drawn as ~3x3 (9), coded W55 (12); twins coded as two man signs W121+W99",Gaur,True
11,Bahrain (Karzakan),this article (Laursen 2010 fig. 1b),91-32-1-33,merged corpus (Karzakan),confirmed,,Gaur,True
12,Failaka,Kjaerum 1983 no. 319,716-350-1-90,merged corpus (Failaka),probable,drawing order reversed vs corpus,-,True
13,Failaka (technically Dilmun Type),Kjaerum 1983 no. 279,90-817-317,merged corpus (Failaka),uncertain,drawing has extra signs and a scene,Gaur,True
14,Iran (Susa),Amiet 1972 no. 1643,365-90-407-604-700,merged corpus (Susa),confirmed,one further damaged sign in drawing,Gaur,True
15,Iran,Amiet 1973 pl. 23a-b,91-840-413-831,merged corpus (Luristan),confirmed,,Gaur,True
16,Mesopotamia (Ur),"Gadd 1932 pl. I-III (one of nos. 2-5, 15-18)",528-220-924-340-93,merged corpus (Ur),confirmed,,Gaur,True
17,Mesopotamia,Gadd 1932 pl. I-III,,"missing: Fig. 11 no. 17: no corpus match; 4-5 signs, first damaged",missing,,,True
18,Mesopotamia (Ur),Gadd 1932 pl. I-III,90-405,merged corpus (Ur),confirmed,fragment,-,True
19,Mesopotamia (Ur),Gadd 1932 pl. I-III,90-1,merged corpus (Ur),uncertain,fragment; only the man sign visible,-,True
20,Mesopotamia,Gadd 1932 pl. I-III,,missing: Fig. 11 no. 20: no corpus match; 3 signs,missing,,,True
21,Mesopotamia,Gadd 1932 pl. I-III; BM 123208; IM77 9846,415-803-1-717-354,"merged corpus (Dilmun, BM-123208)",confirmed,"corpus site label ""Dilmun""",Gaur,True
22,Mesopotamia (Girsu),Sarzec & Heuzey 1884-1912 pl. 30.3; IM77 9852,255-13-744-740,merged corpus (Girsu),probable,drawing shows one more sign (5 vs 4),Gaur,True
23,Mesopotamia,Gadd 1932 pl. I-III; IM77 9901,467-550-1-740-740,merged corpus (Unknown),confirmed,,Gaur,True
24,Mesopotamia (PCA outlier),Gadd 1932 pl. I-III,190-91-603,merged corpus (Unknown),probable,drawing has one more sign,Scene,True
25,Mesopotamia,Langdon 1932 p. 48,,missing: Fig. 11 no. 25: no corpus match; about 6 signs,missing,,,True
26,Mesopotamia,Hallo & Buchanan 1981 no. 1088,160-384-133-1-90,merged corpus (Unknown),probable,drawing has one more initial sign,Gaur,True
27,Mesopotamia,Buchanan 1981 no. 1089,725-90-2,merged corpus (Unknown),probable,with animal motif,Bird,True
28,Iran,Winkelmann 1999 Abb. 2,,"missing: Linear Elamite signs, not Indus; excluded",missing,,,True
56,Bahrain (Karzakan),Al-Sindi 1999 no. 160,740-740,merged corpus (Karzakan),confirmed,"middle is a motif, not script",Gaur,True
