cycle,hospital_number_pseudonymised,arrival_datetime,first_ed_news2_datetime,first_ed_news2_score,prehospital_antibiotic_given,antibiotic_administered_datetime,minutes_news2_to_antibiotic,antibiotic_within_60_min,reason_for_delay
Cycle 1,P001,2026-04-01 11:33,2026-04-01 12:01,7,No,2026-04-01 12:36,35,Yes,no delay
Cycle 1,P002,2026-04-02 14:39,2026-04-02 14:48,10,No,2026-04-02 17:04,136,No,not recognised as sepsis
Cycle 1,P003,2026-04-04 01:53,2026-04-04 02:09,11,No,2026-04-04 04:05,116,No,no IV access
Cycle 1,P004,2026-04-05 03:53,2026-04-05 04:06,7,No,2026-04-05 04:27,21,Yes,no delay
Cycle 1,P005,2026-04-07 18:45,2026-04-07 19:04,11,No,2026-04-07 19:22,18,Yes,no delay
Cycle 1,P006,2026-04-08 10:10,2026-04-08 10:20,10,No,2026-04-08 10:44,24,Yes,no delay
Cycle 1,P007,2026-04-10 07:39,2026-04-10 07:47,12,No,2026-04-10 10:33,166,No,not recognised as sepsis
Cycle 1,P008,2026-04-11 03:15,2026-04-11 03:22,11,No,2026-04-11 05:48,146,No,not recognised as sepsis
Cycle 1,P009,2026-04-13 00:03,2026-04-13 00:08,7,No,2026-04-13 00:30,22,Yes,no delay
Cycle 1,P010,2026-04-14 23:18,2026-04-14 23:26,9,No,2026-04-15 00:55,89,No,not recognised as sepsis
Cycle 1,P011,2026-04-16 12:58,2026-04-16 13:20,8,No,2026-04-16 14:01,41,Yes,no delay
Cycle 1,P012,2026-04-17 19:45,2026-04-17 20:02,11,No,2026-04-17 20:23,21,Yes,no delay
Cycle 1,P013,2026-04-19 01:06,2026-04-19 01:18,10,No,2026-04-19 02:48,90,No,awaiting senior review
Cycle 1,P014,2026-04-20 13:51,2026-04-20 14:09,7,No,2026-04-20 15:01,52,Yes,no delay
Cycle 1,P015,2026-04-22 15:30,2026-04-22 15:48,10,No,2026-04-22 18:25,157,No,not recognised as sepsis
Cycle 1,P016,2026-04-23 16:52,2026-04-23 17:05,12,No,2026-04-23 17:59,54,Yes,no delay
Cycle 1,P017,2026-04-25 23:56,2026-04-26 00:22,11,No,2026-04-26 01:01,39,Yes,no delay
Cycle 1,P018,2026-04-26 01:36,2026-04-26 01:41,12,No,2026-04-26 04:39,178,No,not recognised as sepsis
Cycle 1,P019,2026-04-28 20:02,2026-04-28 20:17,7,No,2026-04-28 21:33,76,No,prescribing delay
Cycle 1,P020,2026-04-29 08:12,2026-04-29 08:27,12,No,2026-04-29 11:04,157,No,prescribing delay
Cycle 1,P021,2026-05-01 08:49,2026-05-01 09:07,10,No,2026-05-01 09:45,38,Yes,no delay
Cycle 1,P022,2026-05-02 12:05,2026-05-02 12:16,8,No,2026-05-02 12:34,18,Yes,no delay
Cycle 1,P023,2026-05-04 07:31,2026-05-04 08:00,12,No,2026-05-04 10:07,127,No,not recognised as sepsis
Cycle 1,P024,2026-05-05 22:55,2026-05-05 23:14,7,No,2026-05-06 00:01,47,Yes,no delay
Cycle 1,P025,2026-05-07 11:55,2026-05-07 12:16,8,Yes,,,Yes,no delay
Cycle 1,P026,2026-05-08 18:47,2026-05-08 19:10,7,No,2026-05-08 21:48,158,No,no IV access
Cycle 1,P027,2026-05-10 05:40,2026-05-10 06:02,8,No,2026-05-10 06:37,35,Yes,no delay
Cycle 1,P028,2026-05-11 06:00,2026-05-11 06:26,9,No,2026-05-11 09:22,176,No,awaiting senior review
Cycle 1,P029,2026-05-13 08:46,2026-05-13 09:13,7,No,2026-05-13 09:35,22,Yes,no delay
Cycle 1,P030,2026-05-14 16:19,2026-05-14 16:36,11,No,2026-05-14 19:37,181,No,prescribing delay
Cycle 1,P031,2026-05-16 23:57,2026-05-17 00:18,12,No,2026-05-17 01:03,45,Yes,no delay
Cycle 1,P032,2026-05-17 15:32,2026-05-17 15:56,8,No,2026-05-17 16:34,38,Yes,no delay
Cycle 1,P033,2026-05-19 23:51,2026-05-20 00:20,10,No,2026-05-20 01:04,44,Yes,no delay
Cycle 1,P034,2026-05-20 06:59,2026-05-20 07:19,10,No,2026-05-20 08:46,87,No,not recognised as sepsis
Cycle 1,P035,2026-05-22 04:45,2026-05-22 04:51,11,No,2026-05-22 05:10,19,Yes,no delay
Cycle 1,P036,2026-05-23 19:07,2026-05-23 19:26,7,No,2026-05-23 20:08,42,Yes,no delay
Cycle 1,P037,2026-05-25 11:22,2026-05-25 11:30,8,Yes,,,Yes,no delay
Cycle 1,P038,2026-05-26 03:06,2026-05-26 03:32,12,No,2026-05-26 04:10,38,Yes,no delay
Cycle 1,P039,2026-05-28 22:11,2026-05-28 22:39,8,No,2026-05-29 00:05,86,No,no IV access
Cycle 1,P040,2026-05-29 14:05,2026-05-29 14:12,12,No,2026-05-29 16:09,117,No,prescribing delay
